method,wape,bias,mae
Exponential smoothing,0.5077364772804078,-0.11322943169317398,182.62223303448602
Trailing 4 weeks,0.5202292552390441,-0.0987598901799057,187.115625
Historical mean,0.7849627773307177,-0.072553141080676,282.33475761466474
