policy,allocated_units,fill_rate,stockout_rate,holding_cost,shortage_cost,total_cost
Newsvendor unconstrained,8306,0.7049569639609374,0.19583333333333333,9529.4475,13412.865,22942.3125
Optimized under capacity,7060,0.6499542416273763,0.25,7408.9490000000005,16799.874,24208.823
Proportional mean under capacity,7060,0.5667898474334766,0.325,5492.983,22478.886,27971.869
Historical mean unconstrained,6716,0.5495059254196448,0.35,4959.3185,23609.210999999996,28568.529499999997
