sku,customer_id,price,units,code_class,sale_sheet,sale_row,sale_invoice,sale_time,sale_country,credit_sheet,credit_row,credit_invoice,credit_time,credit_country,lag_minutes,prompt
90090,13526,0.85,12,merchandise,Year 2009-2010,1264,489560,2009-12-01 12:56:00,United Kingdom,Year 2009-2010,1363,C489563,2009-12-01 13:09:00,United Kingdom,13.0,True
90092,13526,0.85,3,merchandise,Year 2009-2010,1265,489560,2009-12-01 12:56:00,United Kingdom,Year 2009-2010,1362,C489563,2009-12-01 13:09:00,United Kingdom,13.0,True
90087,13526,0.85,48,merchandise,Year 2009-2010,1279,489560,2009-12-01 12:56:00,United Kingdom,Year 2009-2010,1361,C489563,2009-12-01 13:09:00,United Kingdom,13.0,True
90092,13526,0.85,24,merchandise,Year 2009-2010,1280,489560,2009-12-01 12:56:00,United Kingdom,Year 2009-2010,1360,C489563,2009-12-01 13:09:00,United Kingdom,13.0,True
90085,13526,0.85,81,merchandise,Year 2009-2010,1281,489560,2009-12-01 12:56:00,United Kingdom,Year 2009-2010,1359,C489563,2009-12-01 13:09:00,United Kingdom,13.0,True
90093,13526,0.85,24,merchandise,Year 2009-2010,1282,489560,2009-12-01 12:56:00,United Kingdom,Year 2009-2010,1358,C489563,2009-12-01 13:09:00,United Kingdom,13.0,True
90084,13526,0.85,12,merchandise,Year 2009-2010,1283,489560,2009-12-01 12:56:00,United Kingdom,Year 2009-2010,1357,C489563,2009-12-01 13:09:00,United Kingdom,13.0,True
90090,13526,0.85,24,merchandise,Year 2009-2010,1284,489560,2009-12-01 12:56:00,United Kingdom,Year 2009-2010,1356,C489563,2009-12-01 13:09:00,United Kingdom,13.0,True
90088,13526,0.85,24,merchandise,Year 2009-2010,1285,489560,2009-12-01 12:56:00,United Kingdom,Year 2009-2010,1355,C489563,2009-12-01 13:09:00,United Kingdom,13.0,True
90125A,13526,2.1,12,merchandise,Year 2009-2010,1368,489564,2009-12-01 13:13:00,United Kingdom,Year 2009-2010,1378,C489565,2009-12-01 13:14:00,United Kingdom,1.0,True
21314,17949,1.85,252,merchandise,Year 2009-2010,8625,490089,2009-12-03 15:52:00,United Kingdom,Year 2009-2010,9327,C490133,2009-12-03 18:36:00,United Kingdom,164.0,True
20971,17949,1.06,600,merchandise,Year 2009-2010,8666,490091,2009-12-03 15:54:00,United Kingdom,Year 2009-2010,9325,C490133,2009-12-03 18:36:00,United Kingdom,162.0,True
72045D,17949,1.69,504,merchandise,Year 2009-2010,8667,490094,2009-12-03 15:56:00,United Kingdom,Year 2009-2010,9324,C490133,2009-12-03 18:36:00,United Kingdom,160.0,True
21634,14087,1.25,24,merchandise,Year 2009-2010,11682,490323,2009-12-04 15:27:00,United Kingdom,Year 2009-2010,11883,C490343,2009-12-04 15:48:00,United Kingdom,21.0,True
21826,16395,1.25,12,merchandise,Year 2009-2010,13199,490470,2009-12-06 12:26:00,United Kingdom,Year 2009-2010,13297,C490475,2009-12-06 12:34:00,United Kingdom,8.0,True
90121B,15751,4.25,3,merchandise,Year 2009-2010,13549,490489,2009-12-06 13:08:00,United Kingdom,Year 2009-2010,13653,C490492,2009-12-06 13:20:00,United Kingdom,12.0,True
21450,15691,5.95,10,merchandise,Year 2009-2010,14294,490530,2009-12-06 16:01:00,United Kingdom,Year 2009-2010,14313,C490532,2009-12-06 16:02:00,United Kingdom,1.0,True
85047,17954,6.35,1,merchandise,Year 2009-2010,21276,491083,2009-12-09 13:22:00,United Kingdom,Year 2009-2010,21285,C491084,2009-12-09 13:24:00,United Kingdom,2.0,True
22093,12979,1.06,36,merchandise,Year 2009-2010,23934,491340,2009-12-10 15:45:00,United Arab Emirates,Year 2009-2010,24011,C491369,2009-12-10 15:57:00,United Arab Emirates,12.0,True
85069,14895,16.95,3,merchandise,Year 2009-2010,25304,491516,2009-12-11 12:28:00,United Kingdom,Year 2009-2010,25307,C491521,2009-12-11 12:29:00,United Kingdom,1.0,True
21677,14685,0.85,6,merchandise,Year 2009-2010,26611,491665,2009-12-13 11:32:00,United Kingdom,Year 2009-2010,26930,C491676,2009-12-13 12:09:00,United Kingdom,37.0,True
21679,14685,0.85,6,merchandise,Year 2009-2010,26612,491665,2009-12-13 11:32:00,United Kingdom,Year 2009-2010,26929,C491676,2009-12-13 12:09:00,United Kingdom,37.0,True
84482,17802,3.75,6,merchandise,Year 2009-2010,27471,491700,2009-12-13 13:39:00,United Kingdom,Year 2009-2010,27571,C491705,2009-12-13 14:09:00,United Kingdom,30.0,True
21231,12439,1.25,12,merchandise,Year 2009-2010,28020,491726,2009-12-14 08:40:00,Cyprus,Year 2009-2010,28065,C491727,2009-12-14 09:10:00,Cyprus,30.0,True
21166,12439,1.95,12,merchandise,Year 2009-2010,28038,491726,2009-12-14 08:40:00,Cyprus,Year 2009-2010,28066,C491727,2009-12-14 09:10:00,Cyprus,30.0,True
18096C,12439,2.55,6,merchandise,Year 2009-2010,28048,491726,2009-12-14 08:40:00,Cyprus,Year 2009-2010,28067,C491727,2009-12-14 09:10:00,Cyprus,30.0,True
POST,13577,5.0,1,charge,Year 2009-2010,29890,491958,2009-12-14 16:10:00,United Kingdom,Year 2009-2010,32466,C492013,2009-12-15 11:55:00,United Kingdom,1185.0,True
22109,13577,3.39,24,merchandise,Year 2009-2010,29891,491958,2009-12-14 16:10:00,United Kingdom,Year 2009-2010,32467,C492013,2009-12-15 11:55:00,United Kingdom,1185.0,True
21955,13577,6.75,2,merchandise,Year 2009-2010,29892,491958,2009-12-14 16:10:00,United Kingdom,Year 2009-2010,32465,C492013,2009-12-15 11:55:00,United Kingdom,1185.0,True
21475,17402,14.95,1,merchandise,Year 2009-2010,36819,492421,2009-12-16 17:40:00,United Kingdom,Year 2009-2010,36852,C492422,2009-12-16 17:45:00,United Kingdom,5.0,True
22111,17377,4.95,1,merchandise,Year 2009-2010,37984,492529,2009-12-17 12:46:00,United Kingdom,Year 2009-2010,38020,C492532,2009-12-17 12:59:00,United Kingdom,13.0,True
85014A,16987,5.95,2,merchandise,Year 2009-2010,36050,492408,2009-12-16 16:04:00,United Kingdom,Year 2009-2010,38555,C492590,2009-12-17 15:39:00,United Kingdom,1415.0,True
21283,15498,3.25,12,merchandise,Year 2009-2010,36718,492418,2009-12-16 17:27:00,United Kingdom,Year 2009-2010,38787,C492636,2009-12-17 16:24:00,United Kingdom,1377.0,True
21282,15498,4.25,12,merchandise,Year 2009-2010,36719,492418,2009-12-16 17:27:00,United Kingdom,Year 2009-2010,38786,C492636,2009-12-17 16:24:00,United Kingdom,1377.0,True
M,14911,803.25,1,manual,Year 2009-2010,38945,492650,2009-12-17 17:43:00,EIRE,Year 2009-2010,38946,C492651,2009-12-17 17:44:00,EIRE,1.0,True
21706,14404,4.95,12,merchandise,Year 2009-2010,41884,492820,2009-12-20 14:40:00,United Kingdom,Year 2009-2010,41901,C492821,2009-12-20 14:44:00,United Kingdom,4.0,True
85131A,15581,1.25,1,merchandise,Year 2009-2010,43719,493189,2009-12-22 12:42:00,United Kingdom,Year 2009-2010,43754,C493190,2009-12-22 13:08:00,United Kingdom,26.0,True
22222,15581,4.95,1,merchandise,Year 2009-2010,43720,493189,2009-12-22 12:42:00,United Kingdom,Year 2009-2010,43753,C493190,2009-12-22 13:08:00,United Kingdom,26.0,True
22339,15581,0.65,2,merchandise,Year 2009-2010,43721,493189,2009-12-22 12:42:00,United Kingdom,Year 2009-2010,43752,C493190,2009-12-22 13:08:00,United Kingdom,26.0,True
22154,15581,0.42,1,merchandise,Year 2009-2010,43722,493189,2009-12-22 12:42:00,United Kingdom,Year 2009-2010,43751,C493190,2009-12-22 13:08:00,United Kingdom,26.0,True
22335,15581,0.65,1,merchandise,Year 2009-2010,43723,493189,2009-12-22 12:42:00,United Kingdom,Year 2009-2010,43750,C493190,2009-12-22 13:08:00,United Kingdom,26.0,True
21807,15581,0.42,1,merchandise,Year 2009-2010,43724,493189,2009-12-22 12:42:00,United Kingdom,Year 2009-2010,43749,C493190,2009-12-22 13:08:00,United Kingdom,26.0,True
22339,15581,0.65,1,merchandise,Year 2009-2010,43725,493189,2009-12-22 12:42:00,United Kingdom,Year 2009-2010,43755,C493190,2009-12-22 13:08:00,United Kingdom,26.0,True
22162,15581,2.95,1,merchandise,Year 2009-2010,43726,493189,2009-12-22 12:42:00,United Kingdom,Year 2009-2010,43747,C493190,2009-12-22 13:08:00,United Kingdom,26.0,True
21825,15581,1.45,3,merchandise,Year 2009-2010,43727,493189,2009-12-22 12:42:00,United Kingdom,Year 2009-2010,43746,C493190,2009-12-22 13:08:00,United Kingdom,26.0,True
21821,15581,3.75,1,merchandise,Year 2009-2010,43728,493189,2009-12-22 12:42:00,United Kingdom,Year 2009-2010,43745,C493190,2009-12-22 13:08:00,United Kingdom,26.0,True
21808,15581,3.75,1,merchandise,Year 2009-2010,43729,493189,2009-12-22 12:42:00,United Kingdom,Year 2009-2010,43758,C493190,2009-12-22 13:08:00,United Kingdom,26.0,True
17001,15581,0.29,3,merchandise,Year 2009-2010,43730,493189,2009-12-22 12:42:00,United Kingdom,Year 2009-2010,43757,C493190,2009-12-22 13:08:00,United Kingdom,26.0,True
20943,15581,1.25,1,merchandise,Year 2009-2010,43731,493189,2009-12-22 12:42:00,United Kingdom,Year 2009-2010,43756,C493190,2009-12-22 13:08:00,United Kingdom,26.0,True
22339,15581,0.65,1,merchandise,Year 2009-2010,43732,493189,2009-12-22 12:42:00,United Kingdom,Year 2009-2010,43748,C493190,2009-12-22 13:08:00,United Kingdom,26.0,True
85033S,15581,0.65,1,merchandise,Year 2009-2010,43733,493189,2009-12-22 12:42:00,United Kingdom,Year 2009-2010,43770,C493190,2009-12-22 13:08:00,United Kingdom,26.0,True
20885,15581,2.95,1,merchandise,Year 2009-2010,43734,493189,2009-12-22 12:42:00,United Kingdom,Year 2009-2010,43769,C493190,2009-12-22 13:08:00,United Kingdom,26.0,True
85047,15581,6.35,1,merchandise,Year 2009-2010,43735,493189,2009-12-22 12:42:00,United Kingdom,Year 2009-2010,43768,C493190,2009-12-22 13:08:00,United Kingdom,26.0,True
85049E,15581,1.25,1,merchandise,Year 2009-2010,43736,493189,2009-12-22 12:42:00,United Kingdom,Year 2009-2010,43767,C493190,2009-12-22 13:08:00,United Kingdom,26.0,True
20942,15581,1.25,1,merchandise,Year 2009-2010,43737,493189,2009-12-22 12:42:00,United Kingdom,Year 2009-2010,43766,C493190,2009-12-22 13:08:00,United Kingdom,26.0,True
72351B,15581,2.1,1,merchandise,Year 2009-2010,43738,493189,2009-12-22 12:42:00,United Kingdom,Year 2009-2010,43765,C493190,2009-12-22 13:08:00,United Kingdom,26.0,True
72351A,15581,2.1,1,merchandise,Year 2009-2010,43739,493189,2009-12-22 12:42:00,United Kingdom,Year 2009-2010,43764,C493190,2009-12-22 13:08:00,United Kingdom,26.0,True
22313,15581,4.95,2,merchandise,Year 2009-2010,43740,493189,2009-12-22 12:42:00,United Kingdom,Year 2009-2010,43763,C493190,2009-12-22 13:08:00,United Kingdom,26.0,True
17109C,15581,1.69,1,merchandise,Year 2009-2010,43741,493189,2009-12-22 12:42:00,United Kingdom,Year 2009-2010,43762,C493190,2009-12-22 13:08:00,United Kingdom,26.0,True
35923,15581,1.25,1,merchandise,Year 2009-2010,43742,493189,2009-12-22 12:42:00,United Kingdom,Year 2009-2010,43761,C493190,2009-12-22 13:08:00,United Kingdom,26.0,True
20780,15581,5.49,1,merchandise,Year 2009-2010,43743,493189,2009-12-22 12:42:00,United Kingdom,Year 2009-2010,43760,C493190,2009-12-22 13:08:00,United Kingdom,26.0,True
21064,15581,5.95,1,merchandise,Year 2009-2010,43744,493189,2009-12-22 12:42:00,United Kingdom,Year 2009-2010,43759,C493190,2009-12-22 13:08:00,United Kingdom,26.0,True
72800D,15581,2.55,1,merchandise,Year 2009-2010,43708,493188,2009-12-22 12:38:00,United Kingdom,Year 2009-2010,43779,C493191,2009-12-22 13:13:00,United Kingdom,35.0,True
20840,15581,2.95,3,merchandise,Year 2009-2010,43709,493188,2009-12-22 12:38:00,United Kingdom,Year 2009-2010,43778,C493191,2009-12-22 13:13:00,United Kingdom,35.0,True
84673B,15581,0.65,1,merchandise,Year 2009-2010,43710,493188,2009-12-22 12:38:00,United Kingdom,Year 2009-2010,43777,C493191,2009-12-22 13:13:00,United Kingdom,35.0,True
84673A,15581,0.65,1,merchandise,Year 2009-2010,43711,493188,2009-12-22 12:38:00,United Kingdom,Year 2009-2010,43776,C493191,2009-12-22 13:13:00,United Kingdom,35.0,True
72800D,15581,2.55,1,merchandise,Year 2009-2010,43712,493188,2009-12-22 12:38:00,United Kingdom,Year 2009-2010,43775,C493191,2009-12-22 13:13:00,United Kingdom,35.0,True
21076,15581,0.85,1,merchandise,Year 2009-2010,43713,493188,2009-12-22 12:38:00,United Kingdom,Year 2009-2010,43774,C493191,2009-12-22 13:13:00,United Kingdom,35.0,True
17001,15581,0.29,3,merchandise,Year 2009-2010,43714,493188,2009-12-22 12:38:00,United Kingdom,Year 2009-2010,43780,C493191,2009-12-22 13:13:00,United Kingdom,35.0,True
85049A,15581,1.25,1,merchandise,Year 2009-2010,43715,493188,2009-12-22 12:38:00,United Kingdom,Year 2009-2010,43773,C493191,2009-12-22 13:13:00,United Kingdom,35.0,True
20871,15581,2.1,1,merchandise,Year 2009-2010,43716,493188,2009-12-22 12:38:00,United Kingdom,Year 2009-2010,43772,C493191,2009-12-22 13:13:00,United Kingdom,35.0,True
17109D,15581,1.69,1,merchandise,Year 2009-2010,43717,493188,2009-12-22 12:38:00,United Kingdom,Year 2009-2010,43771,C493191,2009-12-22 13:13:00,United Kingdom,35.0,True
21034,15581,0.95,1,merchandise,Year 2009-2010,43718,493188,2009-12-22 12:38:00,United Kingdom,Year 2009-2010,43781,C493191,2009-12-22 13:13:00,United Kingdom,35.0,True
M,14911,780.52,1,manual,Year 2009-2010,48320,493897,2010-01-08 10:39:00,EIRE,Year 2009-2010,48321,C493898,2010-01-08 10:40:00,EIRE,1.0,True
21843,14685,10.95,12,merchandise,Year 2009-2010,49332,493989,2010-01-10 12:43:00,United Kingdom,Year 2009-2010,49369,C493992,2010-01-10 12:44:00,United Kingdom,1.0,True
M,14156,546.95,1,manual,Year 2009-2010,53667,494348,2010-01-13 14:25:00,EIRE,Year 2009-2010,53689,C494352,2010-01-13 14:50:00,EIRE,25.0,True
21535,13982,2.55,1,merchandise,Year 2009-2010,63520,495030,2010-01-20 14:04:00,United Kingdom,Year 2009-2010,63585,C495032,2010-01-20 14:05:00,United Kingdom,1.0,True
35980C,17888,0.38,44,merchandise,Year 2009-2010,66350,495314,2010-01-22 14:40:00,United Kingdom,Year 2009-2010,66429,C495319,2010-01-22 15:09:00,United Kingdom,29.0,True
22300,17888,2.55,1,merchandise,Year 2009-2010,66351,495314,2010-01-22 14:40:00,United Kingdom,Year 2009-2010,66449,C495319,2010-01-22 15:09:00,United Kingdom,29.0,True
22303,17888,2.55,1,merchandise,Year 2009-2010,66352,495314,2010-01-22 14:40:00,United Kingdom,Year 2009-2010,66448,C495319,2010-01-22 15:09:00,United Kingdom,29.0,True
22302,17888,2.55,1,merchandise,Year 2009-2010,66353,495314,2010-01-22 14:40:00,United Kingdom,Year 2009-2010,66447,C495319,2010-01-22 15:09:00,United Kingdom,29.0,True
22244,17888,1.95,2,merchandise,Year 2009-2010,66354,495314,2010-01-22 14:40:00,United Kingdom,Year 2009-2010,66446,C495319,2010-01-22 15:09:00,United Kingdom,29.0,True
22301,17888,2.55,1,merchandise,Year 2009-2010,66355,495314,2010-01-22 14:40:00,United Kingdom,Year 2009-2010,66445,C495319,2010-01-22 15:09:00,United Kingdom,29.0,True
22328,17888,2.95,1,merchandise,Year 2009-2010,66356,495314,2010-01-22 14:40:00,United Kingdom,Year 2009-2010,66444,C495319,2010-01-22 15:09:00,United Kingdom,29.0,True
22326,17888,2.95,1,merchandise,Year 2009-2010,66357,495314,2010-01-22 14:40:00,United Kingdom,Year 2009-2010,66443,C495319,2010-01-22 15:09:00,United Kingdom,29.0,True
85042,17888,4.95,6,merchandise,Year 2009-2010,66358,495314,2010-01-22 14:40:00,United Kingdom,Year 2009-2010,66442,C495319,2010-01-22 15:09:00,United Kingdom,29.0,True
20773,17888,1.65,1,merchandise,Year 2009-2010,66359,495314,2010-01-22 14:40:00,United Kingdom,Year 2009-2010,66441,C495319,2010-01-22 15:09:00,United Kingdom,29.0,True
20778,17888,1.65,1,merchandise,Year 2009-2010,66360,495314,2010-01-22 14:40:00,United Kingdom,Year 2009-2010,66440,C495319,2010-01-22 15:09:00,United Kingdom,29.0,True
20774,17888,1.65,1,merchandise,Year 2009-2010,66361,495314,2010-01-22 14:40:00,United Kingdom,Year 2009-2010,66439,C495319,2010-01-22 15:09:00,United Kingdom,29.0,True
17021,17888,0.3,6,merchandise,Year 2009-2010,66362,495314,2010-01-22 14:40:00,United Kingdom,Year 2009-2010,66438,C495319,2010-01-22 15:09:00,United Kingdom,29.0,True
20934,17888,5.45,1,merchandise,Year 2009-2010,66363,495314,2010-01-22 14:40:00,United Kingdom,Year 2009-2010,66437,C495319,2010-01-22 15:09:00,United Kingdom,29.0,True
85175,17888,0.42,16,merchandise,Year 2009-2010,66364,495314,2010-01-22 14:40:00,United Kingdom,Year 2009-2010,66436,C495319,2010-01-22 15:09:00,United Kingdom,29.0,True
21733,17888,2.95,3,merchandise,Year 2009-2010,66365,495314,2010-01-22 14:40:00,United Kingdom,Year 2009-2010,66435,C495319,2010-01-22 15:09:00,United Kingdom,29.0,True
22107,17888,3.75,2,merchandise,Year 2009-2010,66366,495314,2010-01-22 14:40:00,United Kingdom,Year 2009-2010,66434,C495319,2010-01-22 15:09:00,United Kingdom,29.0,True
20966,17888,1.25,1,merchandise,Year 2009-2010,66367,495314,2010-01-22 14:40:00,United Kingdom,Year 2009-2010,66433,C495319,2010-01-22 15:09:00,United Kingdom,29.0,True
21082,17888,0.85,2,merchandise,Year 2009-2010,66368,495314,2010-01-22 14:40:00,United Kingdom,Year 2009-2010,66450,C495319,2010-01-22 15:09:00,United Kingdom,29.0,True
22223,17888,4.95,1,merchandise,Year 2009-2010,66369,495314,2010-01-22 14:40:00,United Kingdom,Year 2009-2010,66432,C495319,2010-01-22 15:09:00,United Kingdom,29.0,True
22139,17888,4.95,1,merchandise,Year 2009-2010,66370,495314,2010-01-22 14:40:00,United Kingdom,Year 2009-2010,66431,C495319,2010-01-22 15:09:00,United Kingdom,29.0,True
21034,17888,0.95,1,merchandise,Year 2009-2010,66371,495314,2010-01-22 14:40:00,United Kingdom,Year 2009-2010,66430,C495319,2010-01-22 15:09:00,United Kingdom,29.0,True
22058,12748,1.49,6,merchandise,Year 2009-2010,67446,495370,2010-01-24 12:41:00,United Kingdom,Year 2009-2010,67489,C495373,2010-01-24 13:00:00,United Kingdom,19.0,True
37410,12748,1.25,6,merchandise,Year 2009-2010,67447,495370,2010-01-24 12:41:00,United Kingdom,Year 2009-2010,67488,C495373,2010-01-24 13:00:00,United Kingdom,19.0,True
22127,15518,1.25,36,merchandise,Year 2009-2010,70453,495703,2010-01-26 12:55:00,United Kingdom,Year 2009-2010,70464,C495705,2010-01-26 13:01:00,United Kingdom,6.0,True
M,17949,8985.6,1,manual,Year 2009-2010,74358,496115,2010-01-29 11:04:00,United Kingdom,Year 2009-2010,74359,C496116,2010-01-29 11:05:00,United Kingdom,1.0,True
90062,15898,12.75,1,merchandise,Year 2009-2010,74582,496201,2010-01-29 12:35:00,United Kingdom,Year 2009-2010,74598,C496202,2010-01-29 12:39:00,United Kingdom,4.0,True
POST,12540,28.0,2,charge,Year 2009-2010,76868,496357,2010-02-01 10:10:00,Spain,Year 2009-2010,76869,C496358,2010-02-01 10:12:00,Spain,2.0,True
M,15480,818.19,1,manual,Year 2009-2010,77640,496467,2010-02-01 15:17:00,Malta,Year 2009-2010,77641,C496468,2010-02-01 15:18:00,Malta,1.0,True
20822,17905,4.65,2,merchandise,Year 2009-2010,77684,496471,2010-02-01 15:32:00,United Kingdom,Year 2009-2010,77698,C496472,2010-02-01 15:35:00,United Kingdom,3.0,True
22227,13584,0.65,2,merchandise,Year 2009-2010,78185,496493,2010-02-02 08:40:00,United Kingdom,Year 2009-2010,78191,C496495,2010-02-02 08:44:00,United Kingdom,4.0,True
M,14911,608.5,1,manual,Year 2009-2010,79038,496584,2010-02-02 14:11:00,EIRE,Year 2009-2010,79041,C496586,2010-02-02 14:20:00,EIRE,9.0,True
20971,17949,1.06,300,merchandise,Year 2009-2010,82467,496962,2010-02-04 19:42:00,United Kingdom,Year 2009-2010,83221,C497041,2010-02-05 14:41:00,United Kingdom,1139.0,True
79303D,15015,2.95,1,merchandise,Year 2009-2010,84636,497244,2010-02-08 11:42:00,United Kingdom,Year 2009-2010,84637,C497245,2010-02-08 11:45:00,United Kingdom,3.0,True
44217M,16544,2.95,48,merchandise,Year 2009-2010,91224,497959,2010-02-15 13:20:00,United Kingdom,Year 2009-2010,91250,C497964,2010-02-15 13:27:00,United Kingdom,7.0,True
22270,13503,3.75,3,merchandise,Year 2009-2010,92455,498104,2010-02-16 13:49:00,United Kingdom,Year 2009-2010,92537,C498109,2010-02-16 14:10:00,United Kingdom,21.0,True
16156S,17949,0.42,96,merchandise,Year 2009-2010,96719,498505,2010-02-19 11:34:00,United Kingdom,Year 2009-2010,96720,C498506,2010-02-19 11:35:00,United Kingdom,1.0,True
21648,14878,1.06,120,merchandise,Year 2009-2010,97618,498555,2010-02-21 11:14:00,United Kingdom,Year 2009-2010,97637,C498556,2010-02-21 11:16:00,United Kingdom,2.0,True
85221,14878,1.25,12,merchandise,Year 2009-2010,97630,498555,2010-02-21 11:14:00,United Kingdom,Year 2009-2010,97639,C498557,2010-02-21 11:18:00,United Kingdom,4.0,True
22202,15059,3.75,2,merchandise,Year 2009-2010,97928,498570,2010-02-21 12:52:00,United Kingdom,Year 2009-2010,98187,C498586,2010-02-21 15:14:00,United Kingdom,142.0,True
22384,12755,1.65,1,merchandise,Year 2009-2010,99687,498765,2010-02-23 09:37:00,Japan,Year 2009-2010,100026,C498784,2010-02-23 10:58:00,Japan,81.0,True
21648,12755,1.25,1,merchandise,Year 2009-2010,99688,498765,2010-02-23 09:37:00,Japan,Year 2009-2010,100039,C498784,2010-02-23 10:58:00,Japan,81.0,True
21647,12755,2.1,1,merchandise,Year 2009-2010,99689,498765,2010-02-23 09:37:00,Japan,Year 2009-2010,100038,C498784,2010-02-23 10:58:00,Japan,81.0,True
84569D,12755,1.25,1,merchandise,Year 2009-2010,99690,498765,2010-02-23 09:37:00,Japan,Year 2009-2010,100037,C498784,2010-02-23 10:58:00,Japan,81.0,True
84569C,12755,1.25,1,merchandise,Year 2009-2010,99691,498765,2010-02-23 09:37:00,Japan,Year 2009-2010,100036,C498784,2010-02-23 10:58:00,Japan,81.0,True
84569A,12755,1.25,1,merchandise,Year 2009-2010,99692,498765,2010-02-23 09:37:00,Japan,Year 2009-2010,100035,C498784,2010-02-23 10:58:00,Japan,81.0,True
20865,12755,2.1,1,merchandise,Year 2009-2010,99693,498765,2010-02-23 09:37:00,Japan,Year 2009-2010,100025,C498784,2010-02-23 10:58:00,Japan,81.0,True
20854,12755,1.65,1,merchandise,Year 2009-2010,99694,498765,2010-02-23 09:37:00,Japan,Year 2009-2010,100024,C498784,2010-02-23 10:58:00,Japan,81.0,True
20857,12755,1.65,1,merchandise,Year 2009-2010,99695,498765,2010-02-23 09:37:00,Japan,Year 2009-2010,100023,C498784,2010-02-23 10:58:00,Japan,81.0,True
20855,12755,1.65,1,merchandise,Year 2009-2010,99696,498765,2010-02-23 09:37:00,Japan,Year 2009-2010,100022,C498784,2010-02-23 10:58:00,Japan,81.0,True
20864,12755,2.1,1,merchandise,Year 2009-2010,99697,498765,2010-02-23 09:37:00,Japan,Year 2009-2010,100021,C498784,2010-02-23 10:58:00,Japan,81.0,True
20856,12755,1.65,1,merchandise,Year 2009-2010,99698,498765,2010-02-23 09:37:00,Japan,Year 2009-2010,100034,C498784,2010-02-23 10:58:00,Japan,81.0,True
20863,12755,2.1,1,merchandise,Year 2009-2010,99699,498765,2010-02-23 09:37:00,Japan,Year 2009-2010,100033,C498784,2010-02-23 10:58:00,Japan,81.0,True
20862,12755,2.1,1,merchandise,Year 2009-2010,99700,498765,2010-02-23 09:37:00,Japan,Year 2009-2010,100032,C498784,2010-02-23 10:58:00,Japan,81.0,True
84568,12755,0.21,1,merchandise,Year 2009-2010,99701,498765,2010-02-23 09:37:00,Japan,Year 2009-2010,100031,C498784,2010-02-23 10:58:00,Japan,81.0,True
22276,12755,2.55,1,merchandise,Year 2009-2010,99702,498765,2010-02-23 09:37:00,Japan,Year 2009-2010,100030,C498784,2010-02-23 10:58:00,Japan,81.0,True
20725,12755,1.65,1,merchandise,Year 2009-2010,99703,498765,2010-02-23 09:37:00,Japan,Year 2009-2010,100029,C498784,2010-02-23 10:58:00,Japan,81.0,True
21937,12755,2.95,1,merchandise,Year 2009-2010,99704,498765,2010-02-23 09:37:00,Japan,Year 2009-2010,100028,C498784,2010-02-23 10:58:00,Japan,81.0,True
21936,12755,2.95,1,merchandise,Year 2009-2010,99705,498765,2010-02-23 09:37:00,Japan,Year 2009-2010,100027,C498784,2010-02-23 10:58:00,Japan,81.0,True
22273,14911,2.95,6,merchandise,Year 2009-2010,100975,498921,2010-02-24 09:24:00,EIRE,Year 2009-2010,100981,C498922,2010-02-24 09:26:00,EIRE,2.0,True
22215,15309,8.5,2,merchandise,Year 2009-2010,104457,499398,2010-02-26 13:01:00,United Kingdom,Year 2009-2010,104641,C499406,2010-02-26 14:42:00,United Kingdom,101.0,True
21669,16202,1.25,24,merchandise,Year 2009-2010,106202,499512,2010-03-01 09:13:00,United Kingdom,Year 2009-2010,106220,C499514,2010-03-01 09:29:00,United Kingdom,16.0,True
21265,12525,9.95,1,merchandise,Year 2009-2010,108332,499777,2010-03-02 14:01:00,France,Year 2009-2010,108434,C499783,2010-03-02 14:33:00,France,32.0,True
22180,12525,9.95,2,merchandise,Year 2009-2010,108333,499777,2010-03-02 14:01:00,France,Year 2009-2010,108433,C499783,2010-03-02 14:33:00,France,32.0,True
22489,13593,0.42,4,merchandise,Year 2009-2010,108709,499850,2010-03-02 16:36:00,United Kingdom,Year 2009-2010,108986,C499862,2010-03-02 17:10:00,United Kingdom,34.0,True
17013C,14298,0.42,96,merchandise,Year 2009-2010,109463,499897,2010-03-03 11:53:00,United Kingdom,Year 2009-2010,109574,C499917,2010-03-03 12:16:00,United Kingdom,23.0,True
20828,13610,2.55,6,merchandise,Year 2009-2010,112259,500128,2010-03-04 14:45:00,United Kingdom,Year 2009-2010,112357,C500131,2010-03-04 14:58:00,United Kingdom,13.0,True
21069,17931,1.25,6,merchandise,Year 2009-2010,112567,500149,2010-03-04 17:40:00,United Kingdom,Year 2009-2010,112634,C500156,2010-03-04 18:02:00,United Kingdom,22.0,True
22457,17377,2.95,7,merchandise,Year 2009-2010,119603,500830,2010-03-10 11:31:00,United Kingdom,Year 2009-2010,119614,C500833,2010-03-10 11:35:00,United Kingdom,4.0,True
84978,13413,1.06,72,merchandise,Year 2009-2010,118984,500739,2010-03-09 16:40:00,United Kingdom,Year 2009-2010,119701,C500841,2010-03-10 12:11:00,United Kingdom,1171.0,True
21212,14680,0.55,72,merchandise,Year 2009-2010,119950,500861,2010-03-10 12:45:00,United Kingdom,Year 2009-2010,119977,C500865,2010-03-10 13:00:00,United Kingdom,15.0,True
21212,14680,0.55,48,merchandise,Year 2009-2010,119951,500861,2010-03-10 12:45:00,United Kingdom,Year 2009-2010,119976,C500865,2010-03-10 13:00:00,United Kingdom,15.0,True
22163,15558,2.95,24,merchandise,Year 2009-2010,120340,500886,2010-03-10 15:25:00,United Kingdom,Year 2009-2010,120348,C500887,2010-03-10 15:30:00,United Kingdom,5.0,True
21937,12755,2.95,12,merchandise,Year 2009-2010,123910,501172,2010-03-15 10:47:00,Japan,Year 2009-2010,123918,C501174,2010-03-15 10:55:00,Japan,8.0,True
21936,12755,2.95,12,merchandise,Year 2009-2010,123911,501172,2010-03-15 10:47:00,Japan,Year 2009-2010,123917,C501174,2010-03-15 10:55:00,Japan,8.0,True
20725,12755,1.65,12,merchandise,Year 2009-2010,123912,501172,2010-03-15 10:47:00,Japan,Year 2009-2010,123916,C501174,2010-03-15 10:55:00,Japan,8.0,True
22384,12755,1.65,12,merchandise,Year 2009-2010,123913,501172,2010-03-15 10:47:00,Japan,Year 2009-2010,123915,C501174,2010-03-15 10:55:00,Japan,8.0,True
M,15760,6958.17,1,manual,Year 2009-2010,129989,501768,2010-03-19 11:45:00,Norway,Year 2009-2010,129990,C501769,2010-03-19 11:49:00,Norway,4.0,True
85039C,13415,1.65,1,merchandise,Year 2009-2010,130551,501815,2010-03-19 14:56:00,United Kingdom,Year 2009-2010,130579,C501817,2010-03-19 15:07:00,United Kingdom,11.0,True
85039A,13415,1.65,2,merchandise,Year 2009-2010,130552,501815,2010-03-19 14:56:00,United Kingdom,Year 2009-2010,130578,C501817,2010-03-19 15:07:00,United Kingdom,11.0,True
46000S,13415,1.45,25,merchandise,Year 2009-2010,130556,501815,2010-03-19 14:56:00,United Kingdom,Year 2009-2010,130582,C501817,2010-03-19 15:07:00,United Kingdom,11.0,True
85040B,13415,1.65,8,merchandise,Year 2009-2010,130557,501815,2010-03-19 14:56:00,United Kingdom,Year 2009-2010,130581,C501817,2010-03-19 15:07:00,United Kingdom,11.0,True
85041,13415,1.65,1,merchandise,Year 2009-2010,130558,501815,2010-03-19 14:56:00,United Kingdom,Year 2009-2010,130580,C501817,2010-03-19 15:07:00,United Kingdom,11.0,True
72351B,13415,2.1,1,merchandise,Year 2009-2010,130559,501815,2010-03-19 14:56:00,United Kingdom,Year 2009-2010,130577,C501817,2010-03-19 15:07:00,United Kingdom,11.0,True
72351A,13415,2.1,1,merchandise,Year 2009-2010,130560,501815,2010-03-19 14:56:00,United Kingdom,Year 2009-2010,130576,C501817,2010-03-19 15:07:00,United Kingdom,11.0,True
79160,13415,2.1,1,merchandise,Year 2009-2010,130561,501815,2010-03-19 14:56:00,United Kingdom,Year 2009-2010,130575,C501817,2010-03-19 15:07:00,United Kingdom,11.0,True
21246,13415,4.95,2,merchandise,Year 2009-2010,130562,501815,2010-03-19 14:56:00,United Kingdom,Year 2009-2010,130574,C501817,2010-03-19 15:07:00,United Kingdom,11.0,True
79000,13415,0.85,48,merchandise,Year 2009-2010,130563,501815,2010-03-19 14:56:00,United Kingdom,Year 2009-2010,130573,C501817,2010-03-19 15:07:00,United Kingdom,11.0,True
84218,13415,1.95,1,merchandise,Year 2009-2010,130564,501815,2010-03-19 14:56:00,United Kingdom,Year 2009-2010,130572,C501817,2010-03-19 15:07:00,United Kingdom,11.0,True
21437,13415,3.75,1,merchandise,Year 2009-2010,130565,501815,2010-03-19 14:56:00,United Kingdom,Year 2009-2010,130571,C501817,2010-03-19 15:07:00,United Kingdom,11.0,True
20784,14080,39.95,1,merchandise,Year 2009-2010,131268,501859,2010-03-21 11:32:00,United Kingdom,Year 2009-2010,131276,C501861,2010-03-21 11:36:00,United Kingdom,4.0,True
M,12918,10953.5,1,manual,Year 2009-2010,135015,502263,2010-03-23 15:22:00,United Kingdom,Year 2009-2010,135016,C502264,2010-03-23 15:24:00,United Kingdom,2.0,True
21870,16735,1.25,18,merchandise,Year 2009-2010,136166,502430,2010-03-24 12:47:00,United Kingdom,Year 2009-2010,136203,C502434,2010-03-24 13:01:00,United Kingdom,14.0,True
21181,16735,2.1,12,merchandise,Year 2009-2010,136167,502430,2010-03-24 12:47:00,United Kingdom,Year 2009-2010,136202,C502434,2010-03-24 13:01:00,United Kingdom,14.0,True
84836,16735,1.25,24,merchandise,Year 2009-2010,136168,502430,2010-03-24 12:47:00,United Kingdom,Year 2009-2010,136201,C502434,2010-03-24 13:01:00,United Kingdom,14.0,True
22090,16735,2.95,6,merchandise,Year 2009-2010,136169,502430,2010-03-24 12:47:00,United Kingdom,Year 2009-2010,136200,C502434,2010-03-24 13:01:00,United Kingdom,14.0,True
22083,16735,2.95,6,merchandise,Year 2009-2010,136170,502430,2010-03-24 12:47:00,United Kingdom,Year 2009-2010,136199,C502434,2010-03-24 13:01:00,United Kingdom,14.0,True
85231E,16735,0.85,12,merchandise,Year 2009-2010,136171,502430,2010-03-24 12:47:00,United Kingdom,Year 2009-2010,136198,C502434,2010-03-24 13:01:00,United Kingdom,14.0,True
85231G,16735,0.85,12,merchandise,Year 2009-2010,136172,502430,2010-03-24 12:47:00,United Kingdom,Year 2009-2010,136197,C502434,2010-03-24 13:01:00,United Kingdom,14.0,True
21161,16735,1.45,13,merchandise,Year 2009-2010,136173,502430,2010-03-24 12:47:00,United Kingdom,Year 2009-2010,136196,C502434,2010-03-24 13:01:00,United Kingdom,14.0,True
85049F,16735,1.25,24,merchandise,Year 2009-2010,136174,502430,2010-03-24 12:47:00,United Kingdom,Year 2009-2010,136195,C502434,2010-03-24 13:01:00,United Kingdom,14.0,True
85049G,16735,1.25,24,merchandise,Year 2009-2010,136175,502430,2010-03-24 12:47:00,United Kingdom,Year 2009-2010,136194,C502434,2010-03-24 13:01:00,United Kingdom,14.0,True
84879,16735,1.69,32,merchandise,Year 2009-2010,136176,502430,2010-03-24 12:47:00,United Kingdom,Year 2009-2010,136193,C502434,2010-03-24 13:01:00,United Kingdom,14.0,True
22082,16735,1.65,10,merchandise,Year 2009-2010,136177,502430,2010-03-24 12:47:00,United Kingdom,Year 2009-2010,136192,C502434,2010-03-24 13:01:00,United Kingdom,14.0,True
71053,16735,3.75,12,merchandise,Year 2009-2010,136178,502430,2010-03-24 12:47:00,United Kingdom,Year 2009-2010,136191,C502434,2010-03-24 13:01:00,United Kingdom,14.0,True
85161,15039,18.95,1,merchandise,Year 2009-2010,142474,502890,2010-03-29 11:40:00,United Kingdom,Year 2009-2010,142538,C502894,2010-03-29 11:46:00,United Kingdom,6.0,True
21634,17464,1.25,48,merchandise,Year 2009-2010,144673,503164,2010-03-30 13:15:00,United Kingdom,Year 2009-2010,144694,C503166,2010-03-30 13:23:00,United Kingdom,8.0,True
21636,17464,2.55,12,merchandise,Year 2009-2010,144674,503164,2010-03-30 13:15:00,United Kingdom,Year 2009-2010,144693,C503166,2010-03-30 13:23:00,United Kingdom,8.0,True
21636,17464,2.55,12,merchandise,Year 2009-2010,144682,503164,2010-03-30 13:15:00,United Kingdom,Year 2009-2010,144692,C503166,2010-03-30 13:23:00,United Kingdom,8.0,True
21624,13694,4.95,20,merchandise,Year 2009-2010,145422,503190,2010-03-30 15:06:00,United Kingdom,Year 2009-2010,145423,C503191,2010-03-30 15:07:00,United Kingdom,1.0,True
85145,13676,12.75,3,merchandise,Year 2009-2010,145648,503230,2010-03-30 16:53:00,United Kingdom,Year 2009-2010,146981,C503389,2010-03-31 14:47:00,United Kingdom,1314.0,True
22178,13676,1.25,42,merchandise,Year 2009-2010,145650,503230,2010-03-30 16:53:00,United Kingdom,Year 2009-2010,146982,C503389,2010-03-31 14:47:00,United Kingdom,1314.0,True
22467,16713,2.55,2,merchandise,Year 2009-2010,148192,503507,2010-04-01 12:33:00,United Kingdom,Year 2009-2010,149039,C503567,2010-04-01 15:34:00,United Kingdom,181.0,True
BANK CHARGES,17539,15.0,1,charge,Year 2009-2010,148100,503497,2010-04-01 12:07:00,United Kingdom,Year 2009-2010,149065,C503571,2010-04-01 15:45:00,United Kingdom,218.0,True
20971,17949,1.06,300,merchandise,Year 2009-2010,149409,503602,2010-04-06 09:46:00,United Kingdom,Year 2009-2010,149539,C503610,2010-04-06 10:36:00,United Kingdom,50.0,True
46000P,13727,4.25,3,merchandise,Year 2009-2010,150849,503777,2010-04-07 11:20:00,United Kingdom,Year 2009-2010,150892,C503781,2010-04-07 11:55:00,United Kingdom,35.0,True
22114,12989,3.45,72,merchandise,Year 2009-2010,151948,503849,2010-04-08 09:25:00,United Kingdom,Year 2009-2010,152060,C503857,2010-04-08 10:29:00,United Kingdom,64.0,True
79323LP,15546,5.45,24,merchandise,Year 2009-2010,156240,504214,2010-04-12 11:51:00,United Kingdom,Year 2009-2010,156248,C504215,2010-04-12 11:55:00,United Kingdom,4.0,True
79323W,15546,5.45,24,merchandise,Year 2009-2010,156241,504214,2010-04-12 11:51:00,United Kingdom,Year 2009-2010,156250,C504215,2010-04-12 11:55:00,United Kingdom,4.0,True
79323P,15546,5.45,24,merchandise,Year 2009-2010,156242,504214,2010-04-12 11:51:00,United Kingdom,Year 2009-2010,156249,C504215,2010-04-12 11:55:00,United Kingdom,4.0,True
79323S,15546,5.45,11,merchandise,Year 2009-2010,156243,504214,2010-04-12 11:51:00,United Kingdom,Year 2009-2010,156246,C504215,2010-04-12 11:55:00,United Kingdom,4.0,True
79323G,15546,5.45,8,merchandise,Year 2009-2010,156244,504214,2010-04-12 11:51:00,United Kingdom,Year 2009-2010,156247,C504215,2010-04-12 11:55:00,United Kingdom,4.0,True
79323GR,15546,5.45,8,merchandise,Year 2009-2010,156245,504214,2010-04-12 11:51:00,United Kingdom,Year 2009-2010,156251,C504215,2010-04-12 11:55:00,United Kingdom,4.0,True
84615,13473,6.36,38,merchandise,Year 2009-2010,156830,504333,2010-04-12 16:33:00,United Kingdom,Year 2009-2010,156832,C504334,2010-04-12 16:36:00,United Kingdom,3.0,True
M,15354,94.8,1,manual,Year 2009-2010,160256,504688,2010-04-15 16:24:00,United Kingdom,Year 2009-2010,160258,C504690,2010-04-15 16:28:00,United Kingdom,4.0,True
M,15354,94.8,1,manual,Year 2009-2010,160255,504687,2010-04-15 16:21:00,United Kingdom,Year 2009-2010,160308,C504693,2010-04-15 16:35:00,United Kingdom,14.0,True
22606,17908,15.95,1,merchandise,Year 2009-2010,166348,505153,2010-04-20 11:52:00,United Kingdom,Year 2009-2010,166351,C505156,2010-04-20 11:56:00,United Kingdom,4.0,True
M,12482,874.84,1,manual,Year 2009-2010,167670,505229,2010-04-21 10:34:00,Sweden,Year 2009-2010,167681,C505231,2010-04-21 10:36:00,Sweden,2.0,True
21703,17622,0.42,12,merchandise,Year 2009-2010,168031,505331,2010-04-21 12:36:00,United Kingdom,Year 2009-2010,169255,C505451,2010-04-22 11:23:00,United Kingdom,1367.0,True
90090,17550,0.85,1,merchandise,Year 2009-2010,172339,505719,2010-04-25 13:28:00,United Kingdom,Year 2009-2010,172454,C505722,2010-04-25 13:44:00,United Kingdom,16.0,True
90088,17550,0.85,1,merchandise,Year 2009-2010,172340,505719,2010-04-25 13:28:00,United Kingdom,Year 2009-2010,172453,C505722,2010-04-25 13:44:00,United Kingdom,16.0,True
90093,17550,0.85,3,merchandise,Year 2009-2010,172341,505719,2010-04-25 13:28:00,United Kingdom,Year 2009-2010,172469,C505722,2010-04-25 13:44:00,United Kingdom,16.0,True
90087,17550,0.85,2,merchandise,Year 2009-2010,172342,505719,2010-04-25 13:28:00,United Kingdom,Year 2009-2010,172468,C505722,2010-04-25 13:44:00,United Kingdom,16.0,True
90085,17550,0.85,9,merchandise,Year 2009-2010,172343,505719,2010-04-25 13:28:00,United Kingdom,Year 2009-2010,172467,C505722,2010-04-25 13:44:00,United Kingdom,16.0,True
90143,17550,7.5,6,merchandise,Year 2009-2010,172346,505719,2010-04-25 13:28:00,United Kingdom,Year 2009-2010,172463,C505722,2010-04-25 13:44:00,United Kingdom,16.0,True
90175A,17550,8.95,6,merchandise,Year 2009-2010,172347,505719,2010-04-25 13:28:00,United Kingdom,Year 2009-2010,172462,C505722,2010-04-25 13:44:00,United Kingdom,16.0,True
90010A,17550,8.95,6,merchandise,Year 2009-2010,172348,505719,2010-04-25 13:28:00,United Kingdom,Year 2009-2010,172461,C505722,2010-04-25 13:44:00,United Kingdom,16.0,True
90175B,17550,8.95,2,merchandise,Year 2009-2010,172349,505719,2010-04-25 13:28:00,United Kingdom,Year 2009-2010,172460,C505722,2010-04-25 13:44:00,United Kingdom,16.0,True
90195A,17550,8.95,2,merchandise,Year 2009-2010,172350,505719,2010-04-25 13:28:00,United Kingdom,Year 2009-2010,172459,C505722,2010-04-25 13:44:00,United Kingdom,16.0,True
90195B,17550,8.95,4,merchandise,Year 2009-2010,172351,505719,2010-04-25 13:28:00,United Kingdom,Year 2009-2010,172458,C505722,2010-04-25 13:44:00,United Kingdom,16.0,True
90010E,17550,8.95,4,merchandise,Year 2009-2010,172352,505719,2010-04-25 13:28:00,United Kingdom,Year 2009-2010,172457,C505722,2010-04-25 13:44:00,United Kingdom,16.0,True
90185C,17550,4.25,2,merchandise,Year 2009-2010,172386,505719,2010-04-25 13:28:00,United Kingdom,Year 2009-2010,172456,C505722,2010-04-25 13:44:00,United Kingdom,16.0,True
90185D,17550,4.25,2,merchandise,Year 2009-2010,172387,505719,2010-04-25 13:28:00,United Kingdom,Year 2009-2010,172455,C505722,2010-04-25 13:44:00,United Kingdom,16.0,True
90002C,17550,3.75,2,merchandise,Year 2009-2010,172388,505719,2010-04-25 13:28:00,United Kingdom,Year 2009-2010,172466,C505722,2010-04-25 13:44:00,United Kingdom,16.0,True
90002D,17550,3.75,2,merchandise,Year 2009-2010,172389,505719,2010-04-25 13:28:00,United Kingdom,Year 2009-2010,172465,C505722,2010-04-25 13:44:00,United Kingdom,16.0,True
90070,17550,5.95,6,merchandise,Year 2009-2010,172390,505719,2010-04-25 13:28:00,United Kingdom,Year 2009-2010,172464,C505722,2010-04-25 13:44:00,United Kingdom,16.0,True
21550,14606,5.95,1,merchandise,Year 2009-2010,172565,505725,2010-04-25 13:55:00,United Kingdom,Year 2009-2010,172598,C505726,2010-04-25 13:57:00,United Kingdom,2.0,True
22423,18009,12.75,1,merchandise,Year 2009-2010,174772,505967,2010-04-26 16:21:00,United Kingdom,Year 2009-2010,176065,C506126,2010-04-27 14:18:00,United Kingdom,1317.0,True
21655,14849,1.69,30,merchandise,Year 2009-2010,184298,506949,2010-05-05 11:25:00,United Kingdom,Year 2009-2010,184315,C506952,2010-05-05 11:37:00,United Kingdom,12.0,True
84978,14849,1.25,18,merchandise,Year 2009-2010,184299,506949,2010-05-05 11:25:00,United Kingdom,Year 2009-2010,184314,C506952,2010-05-05 11:37:00,United Kingdom,12.0,True
22178,14849,1.25,36,merchandise,Year 2009-2010,184300,506949,2010-05-05 11:25:00,United Kingdom,Year 2009-2010,184313,C506952,2010-05-05 11:37:00,United Kingdom,12.0,True
22189,14849,3.95,12,merchandise,Year 2009-2010,184301,506949,2010-05-05 11:25:00,United Kingdom,Year 2009-2010,184312,C506952,2010-05-05 11:37:00,United Kingdom,12.0,True
84406B,12843,2.75,32,merchandise,Year 2009-2010,191464,507521,2010-05-10 12:16:00,United Kingdom,Year 2009-2010,191600,C507590,2010-05-10 13:00:00,United Kingdom,44.0,True
22567,12843,1.25,6,merchandise,Year 2009-2010,191466,507521,2010-05-10 12:16:00,United Kingdom,Year 2009-2010,191601,C507590,2010-05-10 13:00:00,United Kingdom,44.0,True
84689,15555,5.95,2,merchandise,Year 2009-2010,190193,507401,2010-05-09 13:38:00,United Kingdom,Year 2009-2010,191662,C507598,2010-05-10 13:22:00,United Kingdom,1424.0,True
84686,15555,4.25,2,merchandise,Year 2009-2010,190194,507401,2010-05-09 13:38:00,United Kingdom,Year 2009-2010,191659,C507598,2010-05-10 13:22:00,United Kingdom,1424.0,True
84688,15555,4.25,2,merchandise,Year 2009-2010,190197,507401,2010-05-09 13:38:00,United Kingdom,Year 2009-2010,191661,C507598,2010-05-10 13:22:00,United Kingdom,1424.0,True
22352,17377,2.55,1,merchandise,Year 2009-2010,193013,507703,2010-05-11 11:01:00,United Kingdom,Year 2009-2010,193025,C507704,2010-05-11 11:04:00,United Kingdom,3.0,True
21791,12931,1.06,400,merchandise,Year 2009-2010,195724,508096,2010-05-13 08:59:00,United Kingdom,Year 2009-2010,195937,C508132,2010-05-13 10:54:00,United Kingdom,115.0,True
20975,12931,0.55,500,merchandise,Year 2009-2010,195725,508096,2010-05-13 08:59:00,United Kingdom,Year 2009-2010,195936,C508132,2010-05-13 10:54:00,United Kingdom,115.0,True
21731,12931,1.45,300,merchandise,Year 2009-2010,195726,508096,2010-05-13 08:59:00,United Kingdom,Year 2009-2010,195935,C508132,2010-05-13 10:54:00,United Kingdom,115.0,True
21915,12931,1.06,300,merchandise,Year 2009-2010,195727,508096,2010-05-13 08:59:00,United Kingdom,Year 2009-2010,195934,C508132,2010-05-13 10:54:00,United Kingdom,115.0,True
21481,12931,2.55,280,merchandise,Year 2009-2010,195728,508096,2010-05-13 08:59:00,United Kingdom,Year 2009-2010,195933,C508132,2010-05-13 10:54:00,United Kingdom,115.0,True
22150,12931,1.65,300,merchandise,Year 2009-2010,195729,508096,2010-05-13 08:59:00,United Kingdom,Year 2009-2010,195932,C508132,2010-05-13 10:54:00,United Kingdom,115.0,True
20972,12931,1.06,500,merchandise,Year 2009-2010,195730,508096,2010-05-13 08:59:00,United Kingdom,Year 2009-2010,195931,C508132,2010-05-13 10:54:00,United Kingdom,115.0,True
22139,12931,4.25,144,merchandise,Year 2009-2010,195731,508096,2010-05-13 08:59:00,United Kingdom,Year 2009-2010,195930,C508132,2010-05-13 10:54:00,United Kingdom,115.0,True
11001,12931,1.27,240,merchandise,Year 2009-2010,195732,508096,2010-05-13 08:59:00,United Kingdom,Year 2009-2010,195929,C508132,2010-05-13 10:54:00,United Kingdom,115.0,True
20829,12931,2.1,200,merchandise,Year 2009-2010,195733,508096,2010-05-13 08:59:00,United Kingdom,Year 2009-2010,195928,C508132,2010-05-13 10:54:00,United Kingdom,115.0,True
10002,12931,0.72,400,merchandise,Year 2009-2010,195734,508096,2010-05-13 08:59:00,United Kingdom,Year 2009-2010,195927,C508132,2010-05-13 10:54:00,United Kingdom,115.0,True
21481,12931,2.55,280,merchandise,Year 2009-2010,195713,508095,2010-05-13 08:57:00,United Kingdom,Year 2009-2010,195944,C508134,2010-05-13 10:56:00,United Kingdom,119.0,True
22150,12931,1.65,300,merchandise,Year 2009-2010,195714,508095,2010-05-13 08:57:00,United Kingdom,Year 2009-2010,195943,C508134,2010-05-13 10:56:00,United Kingdom,119.0,True
20972,12931,1.06,500,merchandise,Year 2009-2010,195715,508095,2010-05-13 08:57:00,United Kingdom,Year 2009-2010,195942,C508134,2010-05-13 10:56:00,United Kingdom,119.0,True
22139,12931,4.25,140,merchandise,Year 2009-2010,195716,508095,2010-05-13 08:57:00,United Kingdom,Year 2009-2010,195941,C508134,2010-05-13 10:56:00,United Kingdom,119.0,True
11001,12931,1.27,240,merchandise,Year 2009-2010,195717,508095,2010-05-13 08:57:00,United Kingdom,Year 2009-2010,195940,C508134,2010-05-13 10:56:00,United Kingdom,119.0,True
20829,12931,2.1,200,merchandise,Year 2009-2010,195718,508095,2010-05-13 08:57:00,United Kingdom,Year 2009-2010,195939,C508134,2010-05-13 10:56:00,United Kingdom,119.0,True
10002,12931,0.72,400,merchandise,Year 2009-2010,195719,508095,2010-05-13 08:57:00,United Kingdom,Year 2009-2010,195938,C508134,2010-05-13 10:56:00,United Kingdom,119.0,True
21791,12931,1.06,400,merchandise,Year 2009-2010,195720,508095,2010-05-13 08:57:00,United Kingdom,Year 2009-2010,195948,C508134,2010-05-13 10:56:00,United Kingdom,119.0,True
20975,12931,0.55,500,merchandise,Year 2009-2010,195721,508095,2010-05-13 08:57:00,United Kingdom,Year 2009-2010,195947,C508134,2010-05-13 10:56:00,United Kingdom,119.0,True
21731,12931,1.45,300,merchandise,Year 2009-2010,195722,508095,2010-05-13 08:57:00,United Kingdom,Year 2009-2010,195946,C508134,2010-05-13 10:56:00,United Kingdom,119.0,True
21915,12931,1.06,300,merchandise,Year 2009-2010,195723,508095,2010-05-13 08:57:00,United Kingdom,Year 2009-2010,195945,C508134,2010-05-13 10:56:00,United Kingdom,119.0,True
21791,12931,1.06,200,merchandise,Year 2009-2010,195702,508094,2010-05-13 08:56:00,United Kingdom,Year 2009-2010,195959,C508140,2010-05-13 10:58:00,United Kingdom,122.0,True
20975,12931,0.65,250,merchandise,Year 2009-2010,195703,508094,2010-05-13 08:56:00,United Kingdom,Year 2009-2010,195958,C508140,2010-05-13 10:58:00,United Kingdom,122.0,True
21731,12931,1.45,150,merchandise,Year 2009-2010,195704,508094,2010-05-13 08:56:00,United Kingdom,Year 2009-2010,195957,C508140,2010-05-13 10:58:00,United Kingdom,122.0,True
21915,12931,1.25,156,merchandise,Year 2009-2010,195705,508094,2010-05-13 08:56:00,United Kingdom,Year 2009-2010,195956,C508140,2010-05-13 10:58:00,United Kingdom,122.0,True
21481,12931,2.55,140,merchandise,Year 2009-2010,195706,508094,2010-05-13 08:56:00,United Kingdom,Year 2009-2010,195955,C508140,2010-05-13 10:58:00,United Kingdom,122.0,True
22150,12931,1.65,150,merchandise,Year 2009-2010,195707,508094,2010-05-13 08:56:00,United Kingdom,Year 2009-2010,195954,C508140,2010-05-13 10:58:00,United Kingdom,122.0,True
20972,12931,1.06,250,merchandise,Year 2009-2010,195708,508094,2010-05-13 08:56:00,United Kingdom,Year 2009-2010,195953,C508140,2010-05-13 10:58:00,United Kingdom,122.0,True
22139,12931,4.25,72,merchandise,Year 2009-2010,195709,508094,2010-05-13 08:56:00,United Kingdom,Year 2009-2010,195952,C508140,2010-05-13 10:58:00,United Kingdom,122.0,True
11001,12931,1.69,128,merchandise,Year 2009-2010,195710,508094,2010-05-13 08:56:00,United Kingdom,Year 2009-2010,195951,C508140,2010-05-13 10:58:00,United Kingdom,122.0,True
20829,12931,2.1,100,merchandise,Year 2009-2010,195711,508094,2010-05-13 08:56:00,United Kingdom,Year 2009-2010,195950,C508140,2010-05-13 10:58:00,United Kingdom,122.0,True
10002,12931,0.72,200,merchandise,Year 2009-2010,195712,508094,2010-05-13 08:56:00,United Kingdom,Year 2009-2010,195949,C508140,2010-05-13 10:58:00,United Kingdom,122.0,True
47587A,13694,0.72,1200,merchandise,Year 2009-2010,197425,508333,2010-05-14 12:00:00,United Kingdom,Year 2009-2010,197426,C508334,2010-05-14 12:04:00,United Kingdom,4.0,True
22645,12748,1.45,1,merchandise,Year 2009-2010,197809,508403,2010-05-14 15:41:00,United Kingdom,Year 2009-2010,197820,C508405,2010-05-14 15:42:00,United Kingdom,1.0,True
22646,12748,1.45,1,merchandise,Year 2009-2010,197810,508403,2010-05-14 15:41:00,United Kingdom,Year 2009-2010,197819,C508405,2010-05-14 15:42:00,United Kingdom,1.0,True
22650,12748,1.45,1,merchandise,Year 2009-2010,197811,508403,2010-05-14 15:41:00,United Kingdom,Year 2009-2010,197816,C508405,2010-05-14 15:42:00,United Kingdom,1.0,True
22647,12748,1.45,1,merchandise,Year 2009-2010,197812,508403,2010-05-14 15:41:00,United Kingdom,Year 2009-2010,197818,C508405,2010-05-14 15:42:00,United Kingdom,1.0,True
22649,12748,4.95,1,merchandise,Year 2009-2010,197813,508403,2010-05-14 15:41:00,United Kingdom,Year 2009-2010,197817,C508405,2010-05-14 15:42:00,United Kingdom,1.0,True
22644,12748,1.45,1,merchandise,Year 2009-2010,197814,508403,2010-05-14 15:41:00,United Kingdom,Year 2009-2010,197821,C508405,2010-05-14 15:42:00,United Kingdom,1.0,True
22138,16699,4.95,6,merchandise,Year 2009-2010,201911,508848,2010-05-18 14:31:00,United Kingdom,Year 2009-2010,202754,C508916,2010-05-19 10:37:00,United Kingdom,1206.0,True
20723,14598,0.85,6,merchandise,Year 2009-2010,203185,508998,2010-05-19 13:07:00,United Kingdom,Year 2009-2010,203416,C509015,2010-05-19 13:36:00,United Kingdom,29.0,True
22356,14598,0.85,4,merchandise,Year 2009-2010,203186,508998,2010-05-19 13:07:00,United Kingdom,Year 2009-2010,203415,C509015,2010-05-19 13:36:00,United Kingdom,29.0,True
22383,14598,1.65,1,merchandise,Year 2009-2010,203187,508998,2010-05-19 13:07:00,United Kingdom,Year 2009-2010,203414,C509015,2010-05-19 13:36:00,United Kingdom,29.0,True
20728,14598,1.65,1,merchandise,Year 2009-2010,203188,508998,2010-05-19 13:07:00,United Kingdom,Year 2009-2010,203413,C509015,2010-05-19 13:36:00,United Kingdom,29.0,True
20727,14598,1.65,1,merchandise,Year 2009-2010,203189,508998,2010-05-19 13:07:00,United Kingdom,Year 2009-2010,203412,C509015,2010-05-19 13:36:00,United Kingdom,29.0,True
79029,14598,1.95,3,merchandise,Year 2009-2010,203190,508998,2010-05-19 13:07:00,United Kingdom,Year 2009-2010,203411,C509015,2010-05-19 13:36:00,United Kingdom,29.0,True
22489,14598,0.42,6,merchandise,Year 2009-2010,203191,508998,2010-05-19 13:07:00,United Kingdom,Year 2009-2010,203410,C509015,2010-05-19 13:36:00,United Kingdom,29.0,True
22231,14598,1.45,1,merchandise,Year 2009-2010,203192,508998,2010-05-19 13:07:00,United Kingdom,Year 2009-2010,203409,C509015,2010-05-19 13:36:00,United Kingdom,29.0,True
22619,14598,3.75,2,merchandise,Year 2009-2010,203193,508998,2010-05-19 13:07:00,United Kingdom,Year 2009-2010,203408,C509015,2010-05-19 13:36:00,United Kingdom,29.0,True
22620,14598,1.25,2,merchandise,Year 2009-2010,203194,508998,2010-05-19 13:07:00,United Kingdom,Year 2009-2010,203407,C509015,2010-05-19 13:36:00,United Kingdom,29.0,True
21891,14598,1.25,3,merchandise,Year 2009-2010,203195,508998,2010-05-19 13:07:00,United Kingdom,Year 2009-2010,203449,C509015,2010-05-19 13:36:00,United Kingdom,29.0,True
22559,14598,1.25,4,merchandise,Year 2009-2010,203196,508998,2010-05-19 13:07:00,United Kingdom,Year 2009-2010,203406,C509015,2010-05-19 13:36:00,United Kingdom,29.0,True
22436,14598,0.65,6,merchandise,Year 2009-2010,203197,508998,2010-05-19 13:07:00,United Kingdom,Year 2009-2010,203446,C509015,2010-05-19 13:36:00,United Kingdom,29.0,True
22437,14598,0.85,6,merchandise,Year 2009-2010,203198,508998,2010-05-19 13:07:00,United Kingdom,Year 2009-2010,203445,C509015,2010-05-19 13:36:00,United Kingdom,29.0,True
85211,14598,1.65,2,merchandise,Year 2009-2010,203199,508998,2010-05-19 13:07:00,United Kingdom,Year 2009-2010,203444,C509015,2010-05-19 13:36:00,United Kingdom,29.0,True
22209,14598,1.65,4,merchandise,Year 2009-2010,203200,508998,2010-05-19 13:07:00,United Kingdom,Year 2009-2010,203443,C509015,2010-05-19 13:36:00,United Kingdom,29.0,True
22233,14598,1.65,1,merchandise,Year 2009-2010,203201,508998,2010-05-19 13:07:00,United Kingdom,Year 2009-2010,203442,C509015,2010-05-19 13:36:00,United Kingdom,29.0,True
21917,14598,0.42,3,merchandise,Year 2009-2010,203202,508998,2010-05-19 13:07:00,United Kingdom,Year 2009-2010,203441,C509015,2010-05-19 13:36:00,United Kingdom,29.0,True
21790,14598,0.85,3,merchandise,Year 2009-2010,203203,508998,2010-05-19 13:07:00,United Kingdom,Year 2009-2010,203440,C509015,2010-05-19 13:36:00,United Kingdom,29.0,True
21918,14598,0.42,3,merchandise,Year 2009-2010,203204,508998,2010-05-19 13:07:00,United Kingdom,Year 2009-2010,203439,C509015,2010-05-19 13:36:00,United Kingdom,29.0,True
84755,14598,0.65,16,merchandise,Year 2009-2010,203205,508998,2010-05-19 13:07:00,United Kingdom,Year 2009-2010,203438,C509015,2010-05-19 13:36:00,United Kingdom,29.0,True
22528,14598,1.25,4,merchandise,Year 2009-2010,203206,508998,2010-05-19 13:07:00,United Kingdom,Year 2009-2010,203433,C509015,2010-05-19 13:36:00,United Kingdom,29.0,True
22149,14598,2.1,4,merchandise,Year 2009-2010,203207,508998,2010-05-19 13:07:00,United Kingdom,Year 2009-2010,203432,C509015,2010-05-19 13:36:00,United Kingdom,29.0,True
22649,14598,4.95,1,merchandise,Year 2009-2010,203208,508998,2010-05-19 13:07:00,United Kingdom,Year 2009-2010,203431,C509015,2010-05-19 13:36:00,United Kingdom,29.0,True
22560,14598,1.25,6,merchandise,Year 2009-2010,203209,508998,2010-05-19 13:07:00,United Kingdom,Year 2009-2010,203430,C509015,2010-05-19 13:36:00,United Kingdom,29.0,True
84016,14598,0.42,12,merchandise,Year 2009-2010,203210,508998,2010-05-19 13:07:00,United Kingdom,Year 2009-2010,203429,C509015,2010-05-19 13:36:00,United Kingdom,29.0,True
16011,14598,0.21,24,merchandise,Year 2009-2010,203211,508998,2010-05-19 13:07:00,United Kingdom,Year 2009-2010,203448,C509015,2010-05-19 13:36:00,United Kingdom,29.0,True
22332,14598,1.65,2,merchandise,Year 2009-2010,203212,508998,2010-05-19 13:07:00,United Kingdom,Year 2009-2010,203447,C509015,2010-05-19 13:36:00,United Kingdom,29.0,True
21726,14598,0.85,2,merchandise,Year 2009-2010,203213,508998,2010-05-19 13:07:00,United Kingdom,Year 2009-2010,203428,C509015,2010-05-19 13:36:00,United Kingdom,29.0,True
21725,14598,0.85,2,merchandise,Year 2009-2010,203214,508998,2010-05-19 13:07:00,United Kingdom,Year 2009-2010,203427,C509015,2010-05-19 13:36:00,United Kingdom,29.0,True
21724,14598,0.85,2,merchandise,Year 2009-2010,203215,508998,2010-05-19 13:07:00,United Kingdom,Year 2009-2010,203426,C509015,2010-05-19 13:36:00,United Kingdom,29.0,True
21721,14598,0.85,2,merchandise,Year 2009-2010,203216,508998,2010-05-19 13:07:00,United Kingdom,Year 2009-2010,203425,C509015,2010-05-19 13:36:00,United Kingdom,29.0,True
21722,14598,0.85,2,merchandise,Year 2009-2010,203217,508998,2010-05-19 13:07:00,United Kingdom,Year 2009-2010,203424,C509015,2010-05-19 13:36:00,United Kingdom,29.0,True
21541,14598,0.85,2,merchandise,Year 2009-2010,203218,508998,2010-05-19 13:07:00,United Kingdom,Year 2009-2010,203423,C509015,2010-05-19 13:36:00,United Kingdom,29.0,True
21542,14598,0.85,2,merchandise,Year 2009-2010,203219,508998,2010-05-19 13:07:00,United Kingdom,Year 2009-2010,203422,C509015,2010-05-19 13:36:00,United Kingdom,29.0,True
21544,14598,0.85,2,merchandise,Year 2009-2010,203220,508998,2010-05-19 13:07:00,United Kingdom,Year 2009-2010,203421,C509015,2010-05-19 13:36:00,United Kingdom,29.0,True
21937,14598,2.95,3,merchandise,Year 2009-2010,203221,508998,2010-05-19 13:07:00,United Kingdom,Year 2009-2010,203420,C509015,2010-05-19 13:36:00,United Kingdom,29.0,True
21936,14598,2.95,3,merchandise,Year 2009-2010,203222,508998,2010-05-19 13:07:00,United Kingdom,Year 2009-2010,203419,C509015,2010-05-19 13:36:00,United Kingdom,29.0,True
85099B,14598,1.95,3,merchandise,Year 2009-2010,203223,508998,2010-05-19 13:07:00,United Kingdom,Year 2009-2010,203418,C509015,2010-05-19 13:36:00,United Kingdom,29.0,True
20724,14598,0.85,9,merchandise,Year 2009-2010,203224,508998,2010-05-19 13:07:00,United Kingdom,Year 2009-2010,203417,C509015,2010-05-19 13:36:00,United Kingdom,29.0,True
22078,14010,2.1,30,merchandise,Year 2009-2010,207404,509415,2010-05-23 12:46:00,United Kingdom,Year 2009-2010,207566,C509419,2010-05-23 12:58:00,United Kingdom,12.0,True
90049,14010,4.95,7,merchandise,Year 2009-2010,207414,509415,2010-05-23 12:46:00,United Kingdom,Year 2009-2010,207569,C509419,2010-05-23 12:58:00,United Kingdom,12.0,True
90048,14010,4.95,10,merchandise,Year 2009-2010,207415,509415,2010-05-23 12:46:00,United Kingdom,Year 2009-2010,207568,C509419,2010-05-23 12:58:00,United Kingdom,12.0,True
90046,14010,4.95,2,merchandise,Year 2009-2010,207416,509415,2010-05-23 12:46:00,United Kingdom,Year 2009-2010,207567,C509419,2010-05-23 12:58:00,United Kingdom,12.0,True
84689,15555,1.65,12,merchandise,Year 2009-2010,207915,509435,2010-05-23 14:53:00,United Kingdom,Year 2009-2010,207945,C509436,2010-05-23 15:02:00,United Kingdom,9.0,True
82486,15555,7.95,2,merchandise,Year 2009-2010,207939,509435,2010-05-23 14:53:00,United Kingdom,Year 2009-2010,207950,C509436,2010-05-23 15:02:00,United Kingdom,9.0,True
20963,12773,1.25,10,merchandise,Year 2009-2010,209594,509606,2010-05-24 17:30:00,Portugal,Year 2009-2010,209611,C509608,2010-05-24 17:39:00,Portugal,9.0,True
21986,12773,0.29,24,merchandise,Year 2009-2010,209595,509606,2010-05-24 17:30:00,Portugal,Year 2009-2010,209610,C509608,2010-05-24 17:39:00,Portugal,9.0,True
15036,12773,0.75,12,merchandise,Year 2009-2010,209596,509606,2010-05-24 17:30:00,Portugal,Year 2009-2010,209609,C509608,2010-05-24 17:39:00,Portugal,9.0,True
84562A,12773,7.95,1,merchandise,Year 2009-2010,209597,509606,2010-05-24 17:30:00,Portugal,Year 2009-2010,209608,C509608,2010-05-24 17:39:00,Portugal,9.0,True
17164B,12773,0.42,2,merchandise,Year 2009-2010,209598,509606,2010-05-24 17:30:00,Portugal,Year 2009-2010,209607,C509608,2010-05-24 17:39:00,Portugal,9.0,True
21655,12773,1.45,60,merchandise,Year 2009-2010,209599,509606,2010-05-24 17:30:00,Portugal,Year 2009-2010,209606,C509608,2010-05-24 17:39:00,Portugal,9.0,True
20836,16658,2.95,12,merchandise,Year 2009-2010,210978,509773,2010-05-25 16:48:00,United Kingdom,Year 2009-2010,210988,C509778,2010-05-25 16:53:00,United Kingdom,5.0,True
22644,15827,1.45,12,merchandise,Year 2009-2010,212272,509970,2010-05-26 13:22:00,United Kingdom,Year 2009-2010,213077,C510061,2010-05-27 10:45:00,United Kingdom,1283.0,True
84803A,17231,1.69,3,merchandise,Year 2009-2010,214915,510197,2010-05-27 20:20:00,United Kingdom,Year 2009-2010,214959,C510198,2010-05-27 20:26:00,United Kingdom,6.0,True
21340,13929,12.75,6,merchandise,Year 2009-2010,215355,510243,2010-05-28 10:14:00,United Kingdom,Year 2009-2010,215356,C510244,2010-05-28 10:15:00,United Kingdom,1.0,True
84932C,13544,8.5,1,merchandise,Year 2009-2010,217346,510485,2010-06-01 11:38:00,United Kingdom,Year 2009-2010,217421,C510494,2010-06-01 12:30:00,United Kingdom,52.0,True
POST,12471,10.95,16,charge,Year 2009-2010,224973,511117,2010-06-07 10:41:00,Germany,Year 2009-2010,225013,C511120,2010-06-07 10:50:00,Germany,9.0,True
22644,12471,18.0,6,merchandise,Year 2009-2010,224974,511117,2010-06-07 10:41:00,Germany,Year 2009-2010,225014,C511120,2010-06-07 10:50:00,Germany,9.0,True
84804B,14247,2.95,1,merchandise,Year 2009-2010,224435,511090,2010-06-06 15:07:00,United Kingdom,Year 2009-2010,225311,C511131,2010-06-07 11:18:00,United Kingdom,1211.0,True
20728,14028,1.45,830,merchandise,Year 2009-2010,225533,511164,2010-06-07 12:02:00,United Kingdom,Year 2009-2010,225545,C511172,2010-06-07 12:05:00,United Kingdom,3.0,True
20727,14028,1.45,830,merchandise,Year 2009-2010,225534,511164,2010-06-07 12:02:00,United Kingdom,Year 2009-2010,225544,C511172,2010-06-07 12:05:00,United Kingdom,3.0,True
20726,14028,1.45,830,merchandise,Year 2009-2010,225535,511164,2010-06-07 12:02:00,United Kingdom,Year 2009-2010,225543,C511172,2010-06-07 12:05:00,United Kingdom,3.0,True
20727,14159,1.45,210,merchandise,Year 2009-2010,226176,511270,2010-06-07 13:03:00,United Kingdom,Year 2009-2010,226192,C511272,2010-06-07 13:06:00,United Kingdom,3.0,True
22319,17201,0.65,24,merchandise,Year 2009-2010,227645,511434,2010-06-08 11:50:00,United Kingdom,Year 2009-2010,227666,C511436,2010-06-08 11:57:00,United Kingdom,7.0,True
21728,17962,12.75,1,merchandise,Year 2009-2010,228877,511515,2010-06-08 16:15:00,United Kingdom,Year 2009-2010,228920,C511519,2010-06-08 16:31:00,United Kingdom,16.0,True
M,14308,849.45,1,manual,Year 2009-2010,228921,511520,2010-06-08 16:39:00,United Kingdom,Year 2009-2010,228922,C511521,2010-06-08 16:45:00,United Kingdom,6.0,True
M,17032,15.0,1,manual,Year 2009-2010,231088,511771,2010-06-10 12:12:00,United Kingdom,Year 2009-2010,231103,C511773,2010-06-10 12:15:00,United Kingdom,3.0,True
20975,14727,0.65,6,merchandise,Year 2009-2010,232923,511960,2010-06-11 13:23:00,United Kingdom,Year 2009-2010,233085,C511965,2010-06-11 13:34:00,United Kingdom,11.0,True
15036,14727,0.75,12,merchandise,Year 2009-2010,232924,511960,2010-06-11 13:23:00,United Kingdom,Year 2009-2010,233084,C511965,2010-06-11 13:34:00,United Kingdom,11.0,True
10002,14727,0.85,10,merchandise,Year 2009-2010,232925,511960,2010-06-11 13:23:00,United Kingdom,Year 2009-2010,233083,C511965,2010-06-11 13:34:00,United Kingdom,11.0,True
84270,14727,0.21,60,merchandise,Year 2009-2010,232926,511960,2010-06-11 13:23:00,United Kingdom,Year 2009-2010,233082,C511965,2010-06-11 13:34:00,United Kingdom,11.0,True
22432,14727,1.95,4,merchandise,Year 2009-2010,232927,511960,2010-06-11 13:23:00,United Kingdom,Year 2009-2010,233081,C511965,2010-06-11 13:34:00,United Kingdom,11.0,True
16259,14727,0.21,12,merchandise,Year 2009-2010,232928,511960,2010-06-11 13:23:00,United Kingdom,Year 2009-2010,233080,C511965,2010-06-11 13:34:00,United Kingdom,11.0,True
16235,14727,0.21,12,merchandise,Year 2009-2010,232929,511960,2010-06-11 13:23:00,United Kingdom,Year 2009-2010,233079,C511965,2010-06-11 13:34:00,United Kingdom,11.0,True
22620,14727,1.25,4,merchandise,Year 2009-2010,232930,511960,2010-06-11 13:23:00,United Kingdom,Year 2009-2010,233078,C511965,2010-06-11 13:34:00,United Kingdom,11.0,True
22431,14727,1.95,4,merchandise,Year 2009-2010,232931,511960,2010-06-11 13:23:00,United Kingdom,Year 2009-2010,233077,C511965,2010-06-11 13:34:00,United Kingdom,11.0,True
20832,14727,0.85,4,merchandise,Year 2009-2010,232932,511960,2010-06-11 13:23:00,United Kingdom,Year 2009-2010,233076,C511965,2010-06-11 13:34:00,United Kingdom,11.0,True
22440,14727,0.42,10,merchandise,Year 2009-2010,232933,511960,2010-06-11 13:23:00,United Kingdom,Year 2009-2010,233075,C511965,2010-06-11 13:34:00,United Kingdom,11.0,True
22440,14727,0.42,10,merchandise,Year 2009-2010,232934,511960,2010-06-11 13:23:00,United Kingdom,Year 2009-2010,233074,C511965,2010-06-11 13:34:00,United Kingdom,11.0,True
21746,14727,1.25,6,merchandise,Year 2009-2010,232935,511960,2010-06-11 13:23:00,United Kingdom,Year 2009-2010,233073,C511965,2010-06-11 13:34:00,United Kingdom,11.0,True
21747,14727,1.25,6,merchandise,Year 2009-2010,232936,511960,2010-06-11 13:23:00,United Kingdom,Year 2009-2010,233072,C511965,2010-06-11 13:34:00,United Kingdom,11.0,True
16033,14727,0.12,120,merchandise,Year 2009-2010,232937,511960,2010-06-11 13:23:00,United Kingdom,Year 2009-2010,233097,C511965,2010-06-11 13:34:00,United Kingdom,11.0,True
21677,14727,0.85,18,merchandise,Year 2009-2010,232938,511960,2010-06-11 13:23:00,United Kingdom,Year 2009-2010,233092,C511965,2010-06-11 13:34:00,United Kingdom,11.0,True
21544,14727,0.85,2,merchandise,Year 2009-2010,232939,511960,2010-06-11 13:23:00,United Kingdom,Year 2009-2010,233091,C511965,2010-06-11 13:34:00,United Kingdom,11.0,True
21541,14727,0.85,2,merchandise,Year 2009-2010,232940,511960,2010-06-11 13:23:00,United Kingdom,Year 2009-2010,233090,C511965,2010-06-11 13:34:00,United Kingdom,11.0,True
21542,14727,0.85,2,merchandise,Year 2009-2010,232941,511960,2010-06-11 13:23:00,United Kingdom,Year 2009-2010,233089,C511965,2010-06-11 13:34:00,United Kingdom,11.0,True
21679,14727,0.85,18,merchandise,Year 2009-2010,232942,511960,2010-06-11 13:23:00,United Kingdom,Year 2009-2010,233088,C511965,2010-06-11 13:34:00,United Kingdom,11.0,True
47422,14727,0.42,24,merchandise,Year 2009-2010,232943,511960,2010-06-11 13:23:00,United Kingdom,Year 2009-2010,233087,C511965,2010-06-11 13:34:00,United Kingdom,11.0,True
20974,14727,0.65,6,merchandise,Year 2009-2010,232944,511960,2010-06-11 13:23:00,United Kingdom,Year 2009-2010,233086,C511965,2010-06-11 13:34:00,United Kingdom,11.0,True
M,14727,0.45,6,manual,Year 2009-2010,232945,511960,2010-06-11 13:23:00,United Kingdom,Year 2009-2010,233096,C511965,2010-06-11 13:34:00,United Kingdom,11.0,True
16052,14727,0.42,24,merchandise,Year 2009-2010,232946,511960,2010-06-11 13:23:00,United Kingdom,Year 2009-2010,233095,C511965,2010-06-11 13:34:00,United Kingdom,11.0,True
22650,14727,1.45,8,merchandise,Year 2009-2010,232947,511960,2010-06-11 13:23:00,United Kingdom,Year 2009-2010,233093,C511965,2010-06-11 13:34:00,United Kingdom,11.0,True
21034,14727,0.95,2,merchandise,Year 2009-2010,233061,511964,2010-06-11 13:30:00,United Kingdom,Year 2009-2010,233094,C511965,2010-06-11 13:34:00,United Kingdom,4.0,True
85099B,12747,1.95,10,merchandise,Year 2009-2010,234420,512091,2010-06-13 12:54:00,United Kingdom,Year 2009-2010,234670,C512105,2010-06-13 13:51:00,United Kingdom,57.0,True
22301,18020,2.55,12,merchandise,Year 2009-2010,235641,512229,2010-06-14 12:31:00,United Kingdom,Year 2009-2010,235752,C512252,2010-06-14 12:47:00,United Kingdom,16.0,True
90167,13069,0.72,288,merchandise,Year 2009-2010,236317,512285,2010-06-14 14:27:00,United Kingdom,Year 2009-2010,236704,C512293,2010-06-14 15:02:00,United Kingdom,35.0,True
15058A,12843,6.75,10,merchandise,Year 2009-2010,236770,512301,2010-06-14 15:51:00,United Kingdom,Year 2009-2010,236961,C512322,2010-06-15 09:33:00,United Kingdom,1062.0,True
85063,15816,16.95,3,merchandise,Year 2009-2010,237459,512403,2010-06-15 12:54:00,United Kingdom,Year 2009-2010,237634,C512413,2010-06-15 13:35:00,United Kingdom,41.0,True
22501,14978,9.95,2,merchandise,Year 2009-2010,238787,512516,2010-06-16 11:30:00,United Kingdom,Year 2009-2010,240298,C512603,2010-06-17 09:25:00,United Kingdom,1315.0,True
21523,15023,7.49,1,merchandise,Year 2009-2010,241887,512776,2010-06-17 17:41:00,United Kingdom,Year 2009-2010,241935,C512778,2010-06-17 17:45:00,United Kingdom,4.0,True
21476,16894,14.95,1,merchandise,Year 2009-2010,245902,513192,2010-06-22 14:26:00,United Kingdom,Year 2009-2010,245904,C513193,2010-06-22 14:28:00,United Kingdom,2.0,True
82581,17696,0.55,12,merchandise,Year 2009-2010,248520,513409,2010-06-24 12:10:00,United Kingdom,Year 2009-2010,248589,C513418,2010-06-24 12:36:00,United Kingdom,26.0,True
21429,17696,1.65,8,merchandise,Year 2009-2010,248587,513417,2010-06-24 12:35:00,United Kingdom,Year 2009-2010,248590,C513418,2010-06-24 12:36:00,United Kingdom,1.0,True
21249,17696,2.95,8,merchandise,Year 2009-2010,248509,513409,2010-06-24 12:10:00,United Kingdom,Year 2009-2010,248602,C513421,2010-06-24 12:39:00,United Kingdom,29.0,True
82581,17696,0.55,12,merchandise,Year 2009-2010,248601,513420,2010-06-24 12:38:00,United Kingdom,Year 2009-2010,248603,C513421,2010-06-24 12:39:00,United Kingdom,1.0,True
21623,14970,8.5,40,merchandise,Year 2009-2010,250383,513589,2010-06-27 10:48:00,United Kingdom,Year 2009-2010,250388,C513590,2010-06-27 10:49:00,United Kingdom,1.0,True
21704,16754,0.72,648,merchandise,Year 2009-2010,251759,513653,2010-06-28 09:55:00,United Kingdom,Year 2009-2010,252982,C513771,2010-06-28 13:49:00,United Kingdom,234.0,True
22085,16754,2.55,400,merchandise,Year 2009-2010,251760,513653,2010-06-28 09:55:00,United Kingdom,Year 2009-2010,252981,C513771,2010-06-28 13:49:00,United Kingdom,234.0,True
22332,16754,1.45,432,merchandise,Year 2009-2010,251761,513653,2010-06-28 09:55:00,United Kingdom,Year 2009-2010,252980,C513771,2010-06-28 13:49:00,United Kingdom,234.0,True
21989,16754,0.64,576,merchandise,Year 2009-2010,251762,513653,2010-06-28 09:55:00,United Kingdom,Year 2009-2010,252979,C513771,2010-06-28 13:49:00,United Kingdom,234.0,True
21988,16754,0.64,576,merchandise,Year 2009-2010,251763,513653,2010-06-28 09:55:00,United Kingdom,Year 2009-2010,252978,C513771,2010-06-28 13:49:00,United Kingdom,234.0,True
21987,16754,0.65,96,merchandise,Year 2009-2010,251764,513653,2010-06-28 09:55:00,United Kingdom,Year 2009-2010,252977,C513771,2010-06-28 13:49:00,United Kingdom,234.0,True
22083,16754,2.55,400,merchandise,Year 2009-2010,251765,513653,2010-06-28 09:55:00,United Kingdom,Year 2009-2010,252976,C513771,2010-06-28 13:49:00,United Kingdom,234.0,True
22090,16754,2.55,400,merchandise,Year 2009-2010,251766,513653,2010-06-28 09:55:00,United Kingdom,Year 2009-2010,252975,C513771,2010-06-28 13:49:00,United Kingdom,234.0,True
22333,16754,1.45,432,merchandise,Year 2009-2010,251767,513653,2010-06-28 09:55:00,United Kingdom,Year 2009-2010,252974,C513771,2010-06-28 13:49:00,United Kingdom,234.0,True
21080,16754,0.64,576,merchandise,Year 2009-2010,251768,513653,2010-06-28 09:55:00,United Kingdom,Year 2009-2010,252973,C513771,2010-06-28 13:49:00,United Kingdom,234.0,True
21094,16754,0.64,576,merchandise,Year 2009-2010,251769,513653,2010-06-28 09:55:00,United Kingdom,Year 2009-2010,252972,C513771,2010-06-28 13:49:00,United Kingdom,234.0,True
21086,16754,0.53,576,merchandise,Year 2009-2010,251770,513653,2010-06-28 09:55:00,United Kingdom,Year 2009-2010,252971,C513771,2010-06-28 13:49:00,United Kingdom,234.0,True
21207,16754,1.45,320,merchandise,Year 2009-2010,251771,513653,2010-06-28 09:55:00,United Kingdom,Year 2009-2010,252970,C513771,2010-06-28 13:49:00,United Kingdom,234.0,True
21679,16754,0.72,576,merchandise,Year 2009-2010,251772,513653,2010-06-28 09:55:00,United Kingdom,Year 2009-2010,252969,C513771,2010-06-28 13:49:00,United Kingdom,234.0,True
22085,16754,2.55,160,merchandise,Year 2009-2010,253100,513776,2010-06-28 14:01:00,United Kingdom,Year 2009-2010,253187,C513780,2010-06-28 14:15:00,United Kingdom,14.0,True
21086,16754,0.53,192,merchandise,Year 2009-2010,253102,513776,2010-06-28 14:01:00,United Kingdom,Year 2009-2010,253186,C513780,2010-06-28 14:15:00,United Kingdom,14.0,True
21207,16754,1.45,120,merchandise,Year 2009-2010,253103,513776,2010-06-28 14:01:00,United Kingdom,Year 2009-2010,253185,C513780,2010-06-28 14:15:00,United Kingdom,14.0,True
21679,16754,0.72,288,merchandise,Year 2009-2010,253104,513776,2010-06-28 14:01:00,United Kingdom,Year 2009-2010,253184,C513780,2010-06-28 14:15:00,United Kingdom,14.0,True
15058B,15581,7.95,2,merchandise,Year 2009-2010,256466,514141,2010-06-30 13:50:00,United Kingdom,Year 2009-2010,257307,C514229,2010-07-01 10:33:00,United Kingdom,1243.0,True
15058A,15581,7.95,2,merchandise,Year 2009-2010,256467,514141,2010-06-30 13:50:00,United Kingdom,Year 2009-2010,257308,C514229,2010-07-01 10:33:00,United Kingdom,1243.0,True
22710,14755,0.42,25,merchandise,Year 2009-2010,257850,514311,2010-07-01 13:17:00,United Kingdom,Year 2009-2010,257899,C514315,2010-07-01 13:36:00,United Kingdom,19.0,True
POST,12422,18.0,1,charge,Year 2009-2010,259004,514371,2010-07-02 09:27:00,Switzerland,Year 2009-2010,259868,C514485,2010-07-02 14:41:00,Switzerland,314.0,True
21348,12755,2.95,1,merchandise,Year 2009-2010,261500,514599,2010-07-05 12:13:00,Japan,Year 2009-2010,261576,C514602,2010-07-05 12:19:00,Japan,6.0,True
21291,12755,0.85,1,merchandise,Year 2009-2010,261501,514599,2010-07-05 12:13:00,Japan,Year 2009-2010,261575,C514602,2010-07-05 12:19:00,Japan,6.0,True
22081,12755,1.65,1,merchandise,Year 2009-2010,261502,514599,2010-07-05 12:13:00,Japan,Year 2009-2010,261574,C514602,2010-07-05 12:19:00,Japan,6.0,True
22079,12755,1.65,1,merchandise,Year 2009-2010,261503,514599,2010-07-05 12:13:00,Japan,Year 2009-2010,261573,C514602,2010-07-05 12:19:00,Japan,6.0,True
22080,12755,1.65,1,merchandise,Year 2009-2010,261504,514599,2010-07-05 12:13:00,Japan,Year 2009-2010,261572,C514602,2010-07-05 12:19:00,Japan,6.0,True
21207,12755,1.65,1,merchandise,Year 2009-2010,261505,514599,2010-07-05 12:13:00,Japan,Year 2009-2010,261571,C514602,2010-07-05 12:19:00,Japan,6.0,True
21204,12755,1.65,1,merchandise,Year 2009-2010,261506,514599,2010-07-05 12:13:00,Japan,Year 2009-2010,261570,C514602,2010-07-05 12:19:00,Japan,6.0,True
21203,12755,1.65,1,merchandise,Year 2009-2010,261507,514599,2010-07-05 12:13:00,Japan,Year 2009-2010,261569,C514602,2010-07-05 12:19:00,Japan,6.0,True
21202,12755,1.65,1,merchandise,Year 2009-2010,261508,514599,2010-07-05 12:13:00,Japan,Year 2009-2010,261568,C514602,2010-07-05 12:19:00,Japan,6.0,True
22085,12755,2.95,1,merchandise,Year 2009-2010,261509,514599,2010-07-05 12:13:00,Japan,Year 2009-2010,261567,C514602,2010-07-05 12:19:00,Japan,6.0,True
84078A,13734,34.95,85,merchandise,Year 2009-2010,267577,515296,2010-07-09 15:20:00,United Kingdom,Year 2009-2010,267591,C515299,2010-07-09 15:26:00,United Kingdom,6.0,True
82582,17865,2.1,36,merchandise,Year 2009-2010,267540,515288,2010-07-09 14:59:00,United Kingdom,Year 2009-2010,267616,C515302,2010-07-09 15:46:00,United Kingdom,47.0,True
84755,14882,0.55,144,merchandise,Year 2009-2010,269564,515465,2010-07-12 15:52:00,United Kingdom,Year 2009-2010,269569,C515468,2010-07-12 16:07:00,United Kingdom,15.0,True
21324,14882,2.55,48,merchandise,Year 2009-2010,269565,515465,2010-07-12 15:52:00,United Kingdom,Year 2009-2010,269568,C515468,2010-07-12 16:07:00,United Kingdom,15.0,True
M,14606,15.0,1,manual,Year 2009-2010,271683,515762,2010-07-14 13:48:00,United Kingdom,Year 2009-2010,272454,C515839,2010-07-15 11:19:00,United Kingdom,1291.0,True
22668,15542,2.95,5,merchandise,Year 2009-2010,273077,515916,2010-07-15 13:32:00,United Kingdom,Year 2009-2010,273194,C515921,2010-07-15 13:42:00,United Kingdom,10.0,True
21880,15542,0.65,12,merchandise,Year 2009-2010,273141,515916,2010-07-15 13:32:00,United Kingdom,Year 2009-2010,273195,C515921,2010-07-15 13:42:00,United Kingdom,10.0,True
21786,17757,0.42,48,merchandise,Year 2009-2010,273489,515941,2010-07-15 15:11:00,United Kingdom,Year 2009-2010,273493,C515942,2010-07-15 15:17:00,United Kingdom,6.0,True
M,16950,1.0,8,manual,Year 2009-2010,275309,516158,2010-07-18 11:49:00,United Kingdom,Year 2009-2010,275310,C516159,2010-07-18 11:53:00,United Kingdom,4.0,True
22178,15051,1.25,12,merchandise,Year 2009-2010,285607,517134,2010-07-27 10:29:00,United Kingdom,Year 2009-2010,285612,C517136,2010-07-27 10:34:00,United Kingdom,5.0,True
22691,18102,4.58,140,merchandise,Year 2009-2010,286241,517250,2010-07-27 15:08:00,United Kingdom,Year 2009-2010,286395,C517258,2010-07-27 16:54:00,United Kingdom,106.0,True
22692,18102,4.58,140,merchandise,Year 2009-2010,286242,517250,2010-07-27 15:08:00,United Kingdom,Year 2009-2010,286394,C517258,2010-07-27 16:54:00,United Kingdom,106.0,True
21219,13584,1.25,10,merchandise,Year 2009-2010,288909,517514,2010-07-29 13:36:00,United Kingdom,Year 2009-2010,288992,C517519,2010-07-29 13:55:00,United Kingdom,19.0,True
22045,13584,0.42,25,merchandise,Year 2009-2010,288915,517514,2010-07-29 13:36:00,United Kingdom,Year 2009-2010,288990,C517519,2010-07-29 13:55:00,United Kingdom,19.0,True
15036,14828,0.75,48,merchandise,Year 2009-2010,290223,517643,2010-07-30 13:13:00,United Kingdom,Year 2009-2010,290259,C517647,2010-07-30 13:42:00,United Kingdom,29.0,True
M,12748,95.0,1,manual,Year 2009-2010,290522,517713,2010-08-01 11:18:00,United Kingdom,Year 2009-2010,290550,C517715,2010-08-01 11:22:00,United Kingdom,4.0,True
21313,15039,0.64,96,merchandise,Year 2009-2010,290455,517710,2010-08-01 11:15:00,United Kingdom,Year 2009-2010,290655,C517716,2010-08-01 11:23:00,United Kingdom,8.0,True
POST,12748,334.88,1,charge,Year 2009-2010,294242,518052,2010-08-04 11:38:00,United Kingdom,Year 2009-2010,294243,C518053,2010-08-04 11:39:00,United Kingdom,1.0,True
22502,17841,4.25,2,merchandise,Year 2009-2010,294432,518064,2010-08-04 12:39:00,United Kingdom,Year 2009-2010,294491,C518066,2010-08-04 12:45:00,United Kingdom,6.0,True
37449,14045,8.5,100,merchandise,Year 2009-2010,296503,518250,2010-08-05 17:35:00,United Kingdom,Year 2009-2010,297029,C518284,2010-08-06 11:06:00,United Kingdom,1051.0,True
20914,14045,2.55,192,merchandise,Year 2009-2010,296504,518250,2010-08-05 17:35:00,United Kingdom,Year 2009-2010,297028,C518284,2010-08-06 11:06:00,United Kingdom,1051.0,True
72131,17754,1.95,16,merchandise,Year 2009-2010,300125,518655,2010-08-10 13:44:00,United Kingdom,Year 2009-2010,300139,C518657,2010-08-10 13:51:00,United Kingdom,7.0,True
84356,17799,6.95,5,merchandise,Year 2009-2010,301014,518681,2010-08-10 17:09:00,United Kingdom,Year 2009-2010,301031,C518682,2010-08-10 17:27:00,United Kingdom,18.0,True
22423,17243,12.75,1,merchandise,Year 2009-2010,302911,518901,2010-08-12 14:13:00,United Kingdom,Year 2009-2010,302981,C518903,2010-08-12 14:16:00,United Kingdom,3.0,True
22551,15296,1.65,12,merchandise,Year 2009-2010,303286,518950,2010-08-12 15:06:00,United Kingdom,Year 2009-2010,303314,C518952,2010-08-12 15:11:00,United Kingdom,5.0,True
POST,12676,35.0,2,charge,Year 2009-2010,304560,519166,2010-08-13 13:29:00,Sweden,Year 2009-2010,304571,C519168,2010-08-13 13:34:00,Sweden,5.0,True
M,16326,95.0,1,manual,Year 2009-2010,305569,519204,2010-08-15 10:55:00,United Kingdom,Year 2009-2010,305589,C519206,2010-08-15 11:04:00,United Kingdom,9.0,True
21829,16701,0.21,36,merchandise,Year 2009-2010,306493,519258,2010-08-15 15:45:00,United Kingdom,Year 2009-2010,306656,C519278,2010-08-16 10:36:00,United Kingdom,1131.0,True
22130,13001,0.85,12,merchandise,Year 2009-2010,307515,519399,2010-08-16 16:48:00,United Kingdom,Year 2009-2010,307519,C519400,2010-08-16 16:52:00,United Kingdom,4.0,True
22294,14064,1.25,24,merchandise,Year 2009-2010,311512,519727,2010-08-19 18:07:00,United Kingdom,Year 2009-2010,311786,C519736,2010-08-20 09:25:00,United Kingdom,918.0,True
21390,14064,1.25,24,merchandise,Year 2009-2010,311514,519727,2010-08-19 18:07:00,United Kingdom,Year 2009-2010,311785,C519736,2010-08-20 09:25:00,United Kingdom,918.0,True
22295,14064,1.65,12,merchandise,Year 2009-2010,311519,519727,2010-08-19 18:07:00,United Kingdom,Year 2009-2010,311784,C519736,2010-08-20 09:25:00,United Kingdom,918.0,True
22275,16401,8.5,1,merchandise,Year 2009-2010,312773,519836,2010-08-20 15:21:00,United Kingdom,Year 2009-2010,312774,C519845,2010-08-20 15:23:00,United Kingdom,2.0,True
21657,14606,6.95,1,merchandise,Year 2009-2010,315013,520043,2010-08-23 14:24:00,United Kingdom,Year 2009-2010,315059,C520045,2010-08-23 14:36:00,United Kingdom,12.0,True
21248,17873,0.38,72,merchandise,Year 2009-2010,316096,520175,2010-08-24 13:24:00,United Kingdom,Year 2009-2010,316223,C520180,2010-08-24 13:47:00,United Kingdom,23.0,True
21163,17873,0.38,72,merchandise,Year 2009-2010,316097,520175,2010-08-24 13:24:00,United Kingdom,Year 2009-2010,316222,C520180,2010-08-24 13:47:00,United Kingdom,23.0,True
21158,17873,0.38,72,merchandise,Year 2009-2010,316098,520175,2010-08-24 13:24:00,United Kingdom,Year 2009-2010,316221,C520180,2010-08-24 13:47:00,United Kingdom,23.0,True
21159,17873,0.38,72,merchandise,Year 2009-2010,316099,520175,2010-08-24 13:24:00,United Kingdom,Year 2009-2010,316217,C520180,2010-08-24 13:47:00,United Kingdom,23.0,True
21160,17873,0.38,72,merchandise,Year 2009-2010,316100,520175,2010-08-24 13:24:00,United Kingdom,Year 2009-2010,316220,C520180,2010-08-24 13:47:00,United Kingdom,23.0,True
21161,17873,0.38,72,merchandise,Year 2009-2010,316101,520175,2010-08-24 13:24:00,United Kingdom,Year 2009-2010,316219,C520180,2010-08-24 13:47:00,United Kingdom,23.0,True
21162,17873,0.38,72,merchandise,Year 2009-2010,316102,520175,2010-08-24 13:24:00,United Kingdom,Year 2009-2010,316218,C520180,2010-08-24 13:47:00,United Kingdom,23.0,True
22656,16985,295.0,1,merchandise,Year 2009-2010,316574,520204,2010-08-24 16:08:00,United Kingdom,Year 2009-2010,317137,C520298,2010-08-25 11:35:00,United Kingdom,1167.0,True
22177,16019,8.5,12,merchandise,Year 2009-2010,317371,520336,2010-08-25 12:39:00,United Kingdom,Year 2009-2010,317477,C520341,2010-08-25 12:58:00,United Kingdom,19.0,True
37501,16658,6.95,1,merchandise,Year 2009-2010,323714,520896,2010-08-31 17:39:00,United Kingdom,Year 2009-2010,323734,C520897,2010-08-31 17:44:00,United Kingdom,5.0,True
21232,16658,1.25,4,merchandise,Year 2009-2010,323716,520896,2010-08-31 17:39:00,United Kingdom,Year 2009-2010,323732,C520897,2010-08-31 17:44:00,United Kingdom,5.0,True
22220,16658,9.95,1,merchandise,Year 2009-2010,323718,520896,2010-08-31 17:39:00,United Kingdom,Year 2009-2010,323735,C520897,2010-08-31 17:44:00,United Kingdom,5.0,True
22424,16658,12.75,1,merchandise,Year 2009-2010,323721,520896,2010-08-31 17:39:00,United Kingdom,Year 2009-2010,323733,C520897,2010-08-31 17:44:00,United Kingdom,5.0,True
21324,16658,2.95,5,merchandise,Year 2009-2010,323726,520896,2010-08-31 17:39:00,United Kingdom,Year 2009-2010,323731,C520897,2010-08-31 17:44:00,United Kingdom,5.0,True
M,12414,130.0,1,manual,Year 2009-2010,325511,521154,2010-09-02 13:42:00,Austria,Year 2009-2010,325512,C521155,2010-09-02 13:43:00,Austria,1.0,True
85227,12414,0.85,24,merchandise,Year 2009-2010,325184,521126,2010-09-02 12:22:00,Austria,Year 2009-2010,325522,C521158,2010-09-02 13:53:00,Austria,91.0,True
20975,12414,0.65,24,merchandise,Year 2009-2010,325185,521126,2010-09-02 12:22:00,Austria,Year 2009-2010,325521,C521158,2010-09-02 13:53:00,Austria,91.0,True
20974,12414,0.65,24,merchandise,Year 2009-2010,325186,521126,2010-09-02 12:22:00,Austria,Year 2009-2010,325520,C521158,2010-09-02 13:53:00,Austria,91.0,True
21829,12414,0.21,36,merchandise,Year 2009-2010,325187,521126,2010-09-02 12:22:00,Austria,Year 2009-2010,325519,C521158,2010-09-02 13:53:00,Austria,91.0,True
22421,12414,0.42,24,merchandise,Year 2009-2010,325188,521126,2010-09-02 12:22:00,Austria,Year 2009-2010,325518,C521158,2010-09-02 13:53:00,Austria,91.0,True
85226A,12414,0.55,24,merchandise,Year 2009-2010,325189,521126,2010-09-02 12:22:00,Austria,Year 2009-2010,325517,C521158,2010-09-02 13:53:00,Austria,91.0,True
17003,12414,0.21,36,merchandise,Year 2009-2010,325190,521126,2010-09-02 12:22:00,Austria,Year 2009-2010,325516,C521158,2010-09-02 13:53:00,Austria,91.0,True
POST,12414,40.0,1,charge,Year 2009-2010,325191,521126,2010-09-02 12:22:00,Austria,Year 2009-2010,325515,C521158,2010-09-02 13:53:00,Austria,91.0,True
84968A,16993,10.95,24,merchandise,Year 2009-2010,325173,521124,2010-09-02 12:16:00,United Kingdom,Year 2009-2010,326072,C521201,2010-09-02 17:45:00,United Kingdom,329.0,True
85030,12779,1.95,24,merchandise,Year 2009-2010,328952,521480,2010-09-06 13:14:00,Poland,Year 2009-2010,328956,C521481,2010-09-06 13:15:00,Poland,1.0,True
85028L,12779,1.25,24,merchandise,Year 2009-2010,328953,521480,2010-09-06 13:14:00,Poland,Year 2009-2010,328957,C521481,2010-09-06 13:15:00,Poland,1.0,True
85028S,12779,1.25,36,merchandise,Year 2009-2010,328954,521480,2010-09-06 13:14:00,Poland,Year 2009-2010,328960,C521481,2010-09-06 13:15:00,Poland,1.0,True
85027L,12779,1.95,24,merchandise,Year 2009-2010,328955,521480,2010-09-06 13:14:00,Poland,Year 2009-2010,328961,C521481,2010-09-06 13:15:00,Poland,1.0,True
84946,16027,1.06,72,merchandise,Year 2009-2010,331520,521784,2010-09-08 12:44:00,United Kingdom,Year 2009-2010,331551,C521789,2010-09-08 13:01:00,United Kingdom,17.0,True
20971,12921,1.25,12,merchandise,Year 2009-2010,333962,521989,2010-09-10 10:47:00,United Kingdom,Year 2009-2010,334003,C521998,2010-09-10 11:07:00,United Kingdom,20.0,True
22557,12921,1.65,12,merchandise,Year 2009-2010,333963,521989,2010-09-10 10:47:00,United Kingdom,Year 2009-2010,334002,C521998,2010-09-10 11:07:00,United Kingdom,20.0,True
22561,12921,1.65,12,merchandise,Year 2009-2010,333964,521989,2010-09-10 10:47:00,United Kingdom,Year 2009-2010,334015,C521998,2010-09-10 11:07:00,United Kingdom,20.0,True
22551,12921,1.65,12,merchandise,Year 2009-2010,333965,521989,2010-09-10 10:47:00,United Kingdom,Year 2009-2010,334014,C521998,2010-09-10 11:07:00,United Kingdom,20.0,True
22492,12921,0.65,12,merchandise,Year 2009-2010,333966,521989,2010-09-10 10:47:00,United Kingdom,Year 2009-2010,334013,C521998,2010-09-10 11:07:00,United Kingdom,20.0,True
22584,12921,2.55,12,merchandise,Year 2009-2010,333967,521989,2010-09-10 10:47:00,United Kingdom,Year 2009-2010,333999,C521998,2010-09-10 11:07:00,United Kingdom,20.0,True
22585,12921,1.25,12,merchandise,Year 2009-2010,333968,521989,2010-09-10 10:47:00,United Kingdom,Year 2009-2010,334016,C521998,2010-09-10 11:07:00,United Kingdom,20.0,True
21588,12921,2.55,12,merchandise,Year 2009-2010,333969,521989,2010-09-10 10:47:00,United Kingdom,Year 2009-2010,334005,C521998,2010-09-10 11:07:00,United Kingdom,20.0,True
21587,12921,2.55,6,merchandise,Year 2009-2010,333970,521989,2010-09-10 10:47:00,United Kingdom,Year 2009-2010,334019,C521998,2010-09-10 11:07:00,United Kingdom,20.0,True
22179,12921,6.75,2,merchandise,Year 2009-2010,333971,521989,2010-09-10 10:47:00,United Kingdom,Year 2009-2010,333995,C521998,2010-09-10 11:07:00,United Kingdom,20.0,True
22468,12921,6.75,2,merchandise,Year 2009-2010,333972,521989,2010-09-10 10:47:00,United Kingdom,Year 2009-2010,333994,C521998,2010-09-10 11:07:00,United Kingdom,20.0,True
22752,12921,8.5,2,merchandise,Year 2009-2010,333973,521989,2010-09-10 10:47:00,United Kingdom,Year 2009-2010,333993,C521998,2010-09-10 11:07:00,United Kingdom,20.0,True
22452,12921,2.95,6,merchandise,Year 2009-2010,333974,521989,2010-09-10 10:47:00,United Kingdom,Year 2009-2010,334018,C521998,2010-09-10 11:07:00,United Kingdom,20.0,True
22453,12921,2.95,6,merchandise,Year 2009-2010,333975,521989,2010-09-10 10:47:00,United Kingdom,Year 2009-2010,334001,C521998,2010-09-10 11:07:00,United Kingdom,20.0,True
22446,12921,3.35,6,merchandise,Year 2009-2010,333976,521989,2010-09-10 10:47:00,United Kingdom,Year 2009-2010,333998,C521998,2010-09-10 11:07:00,United Kingdom,20.0,True
22448,12921,3.35,6,merchandise,Year 2009-2010,333977,521989,2010-09-10 10:47:00,United Kingdom,Year 2009-2010,334017,C521998,2010-09-10 11:07:00,United Kingdom,20.0,True
22454,12921,2.95,6,merchandise,Year 2009-2010,333978,521989,2010-09-10 10:47:00,United Kingdom,Year 2009-2010,334012,C521998,2010-09-10 11:07:00,United Kingdom,20.0,True
22447,12921,3.35,6,merchandise,Year 2009-2010,333979,521989,2010-09-10 10:47:00,United Kingdom,Year 2009-2010,334011,C521998,2010-09-10 11:07:00,United Kingdom,20.0,True
22449,12921,3.35,6,merchandise,Year 2009-2010,333980,521989,2010-09-10 10:47:00,United Kingdom,Year 2009-2010,334010,C521998,2010-09-10 11:07:00,United Kingdom,20.0,True
22450,12921,3.35,6,merchandise,Year 2009-2010,333981,521989,2010-09-10 10:47:00,United Kingdom,Year 2009-2010,334004,C521998,2010-09-10 11:07:00,United Kingdom,20.0,True
22940,12921,4.25,4,merchandise,Year 2009-2010,333982,521989,2010-09-10 10:47:00,United Kingdom,Year 2009-2010,333992,C521998,2010-09-10 11:07:00,United Kingdom,20.0,True
22451,12921,3.35,6,merchandise,Year 2009-2010,333983,521989,2010-09-10 10:47:00,United Kingdom,Year 2009-2010,333991,C521998,2010-09-10 11:07:00,United Kingdom,20.0,True
22271,12921,2.95,6,merchandise,Year 2009-2010,333984,521989,2010-09-10 10:47:00,United Kingdom,Year 2009-2010,334000,C521998,2010-09-10 11:07:00,United Kingdom,20.0,True
22750,12921,3.75,4,merchandise,Year 2009-2010,333985,521989,2010-09-10 10:47:00,United Kingdom,Year 2009-2010,333997,C521998,2010-09-10 11:07:00,United Kingdom,20.0,True
22274,12921,2.95,6,merchandise,Year 2009-2010,333986,521989,2010-09-10 10:47:00,United Kingdom,Year 2009-2010,333996,C521998,2010-09-10 11:07:00,United Kingdom,20.0,True
22318,12921,2.95,6,merchandise,Year 2009-2010,333987,521989,2010-09-10 10:47:00,United Kingdom,Year 2009-2010,334009,C521998,2010-09-10 11:07:00,United Kingdom,20.0,True
22466,12921,1.95,12,merchandise,Year 2009-2010,333988,521989,2010-09-10 10:47:00,United Kingdom,Year 2009-2010,334008,C521998,2010-09-10 11:07:00,United Kingdom,20.0,True
20972,12921,1.25,12,merchandise,Year 2009-2010,333989,521989,2010-09-10 10:47:00,United Kingdom,Year 2009-2010,334007,C521998,2010-09-10 11:07:00,United Kingdom,20.0,True
21731,12921,1.65,12,merchandise,Year 2009-2010,333990,521989,2010-09-10 10:47:00,United Kingdom,Year 2009-2010,334006,C521998,2010-09-10 11:07:00,United Kingdom,20.0,True
48188,16919,7.95,2,merchandise,Year 2009-2010,346287,523065,2010-09-20 12:05:00,United Kingdom,Year 2009-2010,346313,C523076,2010-09-20 12:09:00,United Kingdom,4.0,True
84405A,16919,12.75,1,merchandise,Year 2009-2010,346294,523065,2010-09-20 12:05:00,United Kingdom,Year 2009-2010,346364,C523107,2010-09-20 12:26:00,United Kingdom,21.0,True
51008,14933,2.95,300,merchandise,Year 2009-2010,349719,523359,2010-09-21 17:29:00,Channel Islands,Year 2009-2010,350228,C523427,2010-09-22 10:43:00,Channel Islands,1034.0,True
21506,14994,0.42,12,merchandise,Year 2009-2010,353829,523792,2010-09-24 11:34:00,United Kingdom,Year 2009-2010,354452,C523869,2010-09-24 12:53:00,United Kingdom,79.0,True
21504,14994,0.42,12,merchandise,Year 2009-2010,353830,523792,2010-09-24 11:34:00,United Kingdom,Year 2009-2010,354445,C523869,2010-09-24 12:53:00,United Kingdom,79.0,True
22712,14994,0.42,12,merchandise,Year 2009-2010,353831,523792,2010-09-24 11:34:00,United Kingdom,Year 2009-2010,354449,C523869,2010-09-24 12:53:00,United Kingdom,79.0,True
21509,14994,0.42,12,merchandise,Year 2009-2010,353849,523792,2010-09-24 11:34:00,United Kingdom,Year 2009-2010,354446,C523869,2010-09-24 12:53:00,United Kingdom,79.0,True
22714,14994,0.42,12,merchandise,Year 2009-2010,353853,523792,2010-09-24 11:34:00,United Kingdom,Year 2009-2010,354450,C523869,2010-09-24 12:53:00,United Kingdom,79.0,True
84247E,14994,2.95,1,merchandise,Year 2009-2010,353854,523792,2010-09-24 11:34:00,United Kingdom,Year 2009-2010,354447,C523869,2010-09-24 12:53:00,United Kingdom,79.0,True
22043,14994,0.42,12,merchandise,Year 2009-2010,353855,523792,2010-09-24 11:34:00,United Kingdom,Year 2009-2010,354448,C523869,2010-09-24 12:53:00,United Kingdom,79.0,True
22044,14994,0.42,12,merchandise,Year 2009-2010,353901,523792,2010-09-24 11:34:00,United Kingdom,Year 2009-2010,354451,C523869,2010-09-24 12:53:00,United Kingdom,79.0,True
M,15044,84.15,1,manual,Year 2009-2010,354465,523872,2010-09-24 13:00:00,United Kingdom,Year 2009-2010,354489,C523876,2010-09-24 13:07:00,United Kingdom,7.0,True
22910,14911,2.55,80,merchandise,Year 2009-2010,358278,524147,2010-09-27 15:36:00,EIRE,Year 2009-2010,358587,C524154,2010-09-27 15:58:00,EIRE,22.0,True
22950,14911,1.25,288,merchandise,Year 2009-2010,358279,524147,2010-09-27 15:36:00,EIRE,Year 2009-2010,358586,C524154,2010-09-27 15:58:00,EIRE,22.0,True
22952,14911,0.42,240,merchandise,Year 2009-2010,358280,524147,2010-09-27 15:36:00,EIRE,Year 2009-2010,358585,C524154,2010-09-27 15:58:00,EIRE,22.0,True
22909,14911,0.64,192,merchandise,Year 2009-2010,358281,524147,2010-09-27 15:36:00,EIRE,Year 2009-2010,358584,C524154,2010-09-27 15:58:00,EIRE,22.0,True
22739,14911,1.45,120,merchandise,Year 2009-2010,358282,524147,2010-09-27 15:36:00,EIRE,Year 2009-2010,358583,C524154,2010-09-27 15:58:00,EIRE,22.0,True
22487,14911,8.5,8,merchandise,Year 2009-2010,358283,524147,2010-09-27 15:36:00,EIRE,Year 2009-2010,358582,C524154,2010-09-27 15:58:00,EIRE,22.0,True
22423,14911,10.95,36,merchandise,Year 2009-2010,358284,524147,2010-09-27 15:36:00,EIRE,Year 2009-2010,358603,C524154,2010-09-27 15:58:00,EIRE,22.0,True
22699,14911,2.55,24,merchandise,Year 2009-2010,358286,524147,2010-09-27 15:36:00,EIRE,Year 2009-2010,358601,C524154,2010-09-27 15:58:00,EIRE,22.0,True
22698,14911,2.55,24,merchandise,Year 2009-2010,358287,524147,2010-09-27 15:36:00,EIRE,Year 2009-2010,358600,C524154,2010-09-27 15:58:00,EIRE,22.0,True
22550,14911,3.75,72,merchandise,Year 2009-2010,358288,524147,2010-09-27 15:36:00,EIRE,Year 2009-2010,358599,C524154,2010-09-27 15:58:00,EIRE,22.0,True
21888,14911,3.75,72,merchandise,Year 2009-2010,358289,524147,2010-09-27 15:36:00,EIRE,Year 2009-2010,358598,C524154,2010-09-27 15:58:00,EIRE,22.0,True
21912,14911,3.75,72,merchandise,Year 2009-2010,358290,524147,2010-09-27 15:36:00,EIRE,Year 2009-2010,358597,C524154,2010-09-27 15:58:00,EIRE,22.0,True
22622,14911,8.5,48,merchandise,Year 2009-2010,358291,524147,2010-09-27 15:36:00,EIRE,Year 2009-2010,358596,C524154,2010-09-27 15:58:00,EIRE,22.0,True
22623,14911,4.25,60,merchandise,Year 2009-2010,358292,524147,2010-09-27 15:36:00,EIRE,Year 2009-2010,358595,C524154,2010-09-27 15:58:00,EIRE,22.0,True
22606,14911,12.75,12,merchandise,Year 2009-2010,358293,524147,2010-09-27 15:36:00,EIRE,Year 2009-2010,358594,C524154,2010-09-27 15:58:00,EIRE,22.0,True
22491,14911,0.72,144,merchandise,Year 2009-2010,358294,524147,2010-09-27 15:36:00,EIRE,Year 2009-2010,358593,C524154,2010-09-27 15:58:00,EIRE,22.0,True
22560,14911,1.06,144,merchandise,Year 2009-2010,358295,524147,2010-09-27 15:36:00,EIRE,Year 2009-2010,358592,C524154,2010-09-27 15:58:00,EIRE,22.0,True
22489,14911,0.36,144,merchandise,Year 2009-2010,358296,524147,2010-09-27 15:36:00,EIRE,Year 2009-2010,358591,C524154,2010-09-27 15:58:00,EIRE,22.0,True
22561,14911,1.45,72,merchandise,Year 2009-2010,358297,524147,2010-09-27 15:36:00,EIRE,Year 2009-2010,358590,C524154,2010-09-27 15:58:00,EIRE,22.0,True
21889,14911,1.25,72,merchandise,Year 2009-2010,358298,524147,2010-09-27 15:36:00,EIRE,Year 2009-2010,358589,C524154,2010-09-27 15:58:00,EIRE,22.0,True
21790,14911,0.72,72,merchandise,Year 2009-2010,358299,524147,2010-09-27 15:36:00,EIRE,Year 2009-2010,358588,C524154,2010-09-27 15:58:00,EIRE,22.0,True
22816,17524,0.42,36,merchandise,Year 2009-2010,358690,524163,2010-09-27 16:20:00,United Kingdom,Year 2009-2010,358720,C524168,2010-09-27 16:24:00,United Kingdom,4.0,True
22818,17524,0.42,36,merchandise,Year 2009-2010,358708,524163,2010-09-27 16:20:00,United Kingdom,Year 2009-2010,358718,C524168,2010-09-27 16:24:00,United Kingdom,4.0,True
20685,14049,6.75,12,merchandise,Year 2009-2010,362269,524446,2010-09-29 11:19:00,United Kingdom,Year 2009-2010,362687,C524514,2010-09-29 13:04:00,United Kingdom,105.0,True
M,14911,483.15,1,manual,Year 2009-2010,363046,524539,2010-09-29 13:49:00,EIRE,Year 2009-2010,363075,C524541,2010-09-29 13:50:00,EIRE,1.0,True
22503,17360,29.95,1,merchandise,Year 2009-2010,366365,524939,2010-10-01 12:07:00,United Kingdom,Year 2009-2010,366423,C524940,2010-10-01 12:09:00,United Kingdom,2.0,True
22485,13642,12.75,1,merchandise,Year 2009-2010,368542,525033,2010-10-03 12:29:00,United Kingdom,Year 2009-2010,368546,C525034,2010-10-03 12:32:00,United Kingdom,3.0,True
82484,13590,6.45,6,merchandise,Year 2009-2010,368186,525020,2010-10-03 11:53:00,United Kingdom,Year 2009-2010,369608,C525078,2010-10-03 15:31:00,United Kingdom,218.0,True
22959,12748,0.42,25,merchandise,Year 2009-2010,377046,525772,2010-10-07 11:12:00,United Kingdom,Year 2009-2010,377072,C525782,2010-10-07 11:25:00,United Kingdom,13.0,True
M,13776,311.99,1,manual,Year 2009-2010,378759,525905,2010-10-07 16:07:00,United Kingdom,Year 2009-2010,378776,C525907,2010-10-07 16:09:00,United Kingdom,2.0,True
POST,14646,18.0,10,charge,Year 2009-2010,381267,526124,2010-10-08 13:55:00,Netherlands,Year 2009-2010,381295,C526126,2010-10-08 13:58:00,Netherlands,3.0,True
22574,16775,0.85,96,merchandise,Year 2009-2010,387332,526651,2010-10-12 13:54:00,United Kingdom,Year 2009-2010,389208,C526851,2010-10-13 12:37:00,United Kingdom,1363.0,True
22659,12589,1.95,12,merchandise,Year 2009-2010,390935,526965,2010-10-14 11:06:00,France,Year 2009-2010,391022,C527020,2010-10-14 11:52:00,France,46.0,True
21973,12589,1.45,12,merchandise,Year 2009-2010,390936,526965,2010-10-14 11:06:00,France,Year 2009-2010,391030,C527020,2010-10-14 11:52:00,France,46.0,True
84987,12589,1.45,12,merchandise,Year 2009-2010,390937,526965,2010-10-14 11:06:00,France,Year 2009-2010,391017,C527020,2010-10-14 11:52:00,France,46.0,True
21974,12589,1.45,12,merchandise,Year 2009-2010,390938,526965,2010-10-14 11:06:00,France,Year 2009-2010,391029,C527020,2010-10-14 11:52:00,France,46.0,True
22417,12589,0.55,24,merchandise,Year 2009-2010,390939,526965,2010-10-14 11:06:00,France,Year 2009-2010,391014,C527020,2010-10-14 11:52:00,France,46.0,True
21976,12589,0.55,24,merchandise,Year 2009-2010,390940,526965,2010-10-14 11:06:00,France,Year 2009-2010,391040,C527020,2010-10-14 11:52:00,France,46.0,True
21975,12589,0.55,24,merchandise,Year 2009-2010,390941,526965,2010-10-14 11:06:00,France,Year 2009-2010,391041,C527020,2010-10-14 11:52:00,France,46.0,True
21977,12589,0.55,24,merchandise,Year 2009-2010,390942,526965,2010-10-14 11:06:00,France,Year 2009-2010,391028,C527020,2010-10-14 11:52:00,France,46.0,True
84991,12589,0.55,24,merchandise,Year 2009-2010,390943,526965,2010-10-14 11:06:00,France,Year 2009-2010,391021,C527020,2010-10-14 11:52:00,France,46.0,True
22634,12589,9.95,6,merchandise,Year 2009-2010,390944,526965,2010-10-14 11:06:00,France,Year 2009-2010,391026,C527020,2010-10-14 11:52:00,France,46.0,True
22624,12589,8.5,2,merchandise,Year 2009-2010,390945,526965,2010-10-14 11:06:00,France,Year 2009-2010,391025,C527020,2010-10-14 11:52:00,France,46.0,True
POST,12589,1.0,3,charge,Year 2009-2010,390946,526965,2010-10-14 11:06:00,France,Year 2009-2010,391042,C527020,2010-10-14 11:52:00,France,46.0,True
21126,12589,1.25,12,merchandise,Year 2009-2010,390947,526965,2010-10-14 11:06:00,France,Year 2009-2010,391031,C527020,2010-10-14 11:52:00,France,46.0,True
21125,12589,1.25,12,merchandise,Year 2009-2010,390948,526965,2010-10-14 11:06:00,France,Year 2009-2010,391023,C527020,2010-10-14 11:52:00,France,46.0,True
21123,12589,1.25,24,merchandise,Year 2009-2010,390949,526965,2010-10-14 11:06:00,France,Year 2009-2010,391019,C527020,2010-10-14 11:52:00,France,46.0,True
21122,12589,1.25,24,merchandise,Year 2009-2010,390950,526965,2010-10-14 11:06:00,France,Year 2009-2010,391036,C527020,2010-10-14 11:52:00,France,46.0,True
21121,12589,1.25,24,merchandise,Year 2009-2010,390951,526965,2010-10-14 11:06:00,France,Year 2009-2010,391033,C527020,2010-10-14 11:52:00,France,46.0,True
47591D,12589,1.95,8,merchandise,Year 2009-2010,390952,526965,2010-10-14 11:06:00,France,Year 2009-2010,391038,C527020,2010-10-14 11:52:00,France,46.0,True
22138,12589,4.95,3,merchandise,Year 2009-2010,390953,526965,2010-10-14 11:06:00,France,Year 2009-2010,391035,C527020,2010-10-14 11:52:00,France,46.0,True
21720,12589,0.85,12,merchandise,Year 2009-2010,390954,526965,2010-10-14 11:06:00,France,Year 2009-2010,391018,C527020,2010-10-14 11:52:00,France,46.0,True
22027,12589,0.42,12,merchandise,Year 2009-2010,390955,526965,2010-10-14 11:06:00,France,Year 2009-2010,391039,C527020,2010-10-14 11:52:00,France,46.0,True
16156S,12589,0.42,25,merchandise,Year 2009-2010,390956,526965,2010-10-14 11:06:00,France,Year 2009-2010,391016,C527020,2010-10-14 11:52:00,France,46.0,True
20716,12589,1.25,10,merchandise,Year 2009-2010,390957,526965,2010-10-14 11:06:00,France,Year 2009-2010,391015,C527020,2010-10-14 11:52:00,France,46.0,True
22646,12589,1.45,12,merchandise,Year 2009-2010,390958,526965,2010-10-14 11:06:00,France,Year 2009-2010,391024,C527020,2010-10-14 11:52:00,France,46.0,True
22645,12589,1.45,12,merchandise,Year 2009-2010,390959,526965,2010-10-14 11:06:00,France,Year 2009-2010,391034,C527020,2010-10-14 11:52:00,France,46.0,True
47567B,12589,5.95,3,merchandise,Year 2009-2010,390960,526965,2010-10-14 11:06:00,France,Year 2009-2010,391037,C527020,2010-10-14 11:52:00,France,46.0,True
47570B,12589,10.65,2,merchandise,Year 2009-2010,390961,526965,2010-10-14 11:06:00,France,Year 2009-2010,391032,C527020,2010-10-14 11:52:00,France,46.0,True
22218,12589,4.25,3,merchandise,Year 2009-2010,390962,526965,2010-10-14 11:06:00,France,Year 2009-2010,391027,C527020,2010-10-14 11:52:00,France,46.0,True
85216,12589,0.65,12,merchandise,Year 2009-2010,390963,526965,2010-10-14 11:06:00,France,Year 2009-2010,391020,C527020,2010-10-14 11:52:00,France,46.0,True
21808,15339,3.75,24,merchandise,Year 2009-2010,391383,527045,2010-10-14 12:44:00,United Kingdom,Year 2009-2010,391817,C527066,2010-10-14 14:03:00,United Kingdom,79.0,True
21808,15339,3.75,12,merchandise,Year 2009-2010,391395,527045,2010-10-14 12:44:00,United Kingdom,Year 2009-2010,391816,C527066,2010-10-14 14:03:00,United Kingdom,79.0,True
22305,17935,2.55,6,merchandise,Year 2009-2010,392436,527105,2010-10-14 17:13:00,United Kingdom,Year 2009-2010,392474,C527109,2010-10-14 17:22:00,United Kingdom,9.0,True
22304,17935,2.55,6,merchandise,Year 2009-2010,392437,527105,2010-10-14 17:13:00,United Kingdom,Year 2009-2010,392473,C527109,2010-10-14 17:22:00,United Kingdom,9.0,True
M,15202,2225.17,1,manual,Year 2009-2010,394201,527271,2010-10-15 13:05:00,United Kingdom,Year 2009-2010,394202,C527272,2010-10-15 13:09:00,United Kingdom,4.0,True
16216,18018,0.16,20,merchandise,Year 2009-2010,393083,527148,2010-10-15 11:05:00,United Kingdom,Year 2009-2010,394435,C527289,2010-10-15 14:07:00,United Kingdom,182.0,True
16216,18018,0.16,10,merchandise,Year 2009-2010,393084,527148,2010-10-15 11:05:00,United Kingdom,Year 2009-2010,394434,C527289,2010-10-15 14:07:00,United Kingdom,182.0,True
22906,18018,1.45,60,merchandise,Year 2009-2010,393085,527148,2010-10-15 11:05:00,United Kingdom,Year 2009-2010,394433,C527289,2010-10-15 14:07:00,United Kingdom,182.0,True
20726,18018,1.65,30,merchandise,Year 2009-2010,393086,527148,2010-10-15 11:05:00,United Kingdom,Year 2009-2010,394436,C527289,2010-10-15 14:07:00,United Kingdom,182.0,True
22435,14800,1.06,100,merchandise,Year 2009-2010,396891,527404,2010-10-17 14:30:00,United Kingdom,Year 2009-2010,396901,C527405,2010-10-17 14:35:00,United Kingdom,5.0,True
22170,15551,6.75,4,merchandise,Year 2009-2010,397824,527431,2010-10-17 16:37:00,United Kingdom,Year 2009-2010,397825,C527432,2010-10-17 16:38:00,United Kingdom,1.0,True
20661,17841,2.95,30,merchandise,Year 2009-2010,399120,527505,2010-10-18 12:25:00,United Kingdom,Year 2009-2010,399137,C527506,2010-10-18 12:30:00,United Kingdom,5.0,True
84664,15291,4.95,4,merchandise,Year 2009-2010,404476,528105,2010-10-20 13:43:00,United Kingdom,Year 2009-2010,404485,C528107,2010-10-20 13:45:00,United Kingdom,2.0,True
72760B,16019,8.49,16,merchandise,Year 2009-2010,405045,528141,2010-10-20 15:36:00,United Kingdom,Year 2009-2010,405294,C528144,2010-10-20 15:56:00,United Kingdom,20.0,True
22112,15255,4.95,3,merchandise,Year 2009-2010,406689,528337,2010-10-21 14:02:00,United Kingdom,Year 2009-2010,406714,C528339,2010-10-21 14:04:00,United Kingdom,2.0,True
21491,15255,1.95,12,merchandise,Year 2009-2010,406692,528337,2010-10-21 14:02:00,United Kingdom,Year 2009-2010,406713,C528339,2010-10-21 14:04:00,United Kingdom,2.0,True
84876D,12748,3.75,12,merchandise,Year 2009-2010,408068,528445,2010-10-22 11:00:00,United Kingdom,Year 2009-2010,409391,C528606,2010-10-22 15:29:00,United Kingdom,269.0,True
84967A,14800,79.95,1,merchandise,Year 2009-2010,409975,528621,2010-10-24 10:41:00,United Kingdom,Year 2009-2010,410078,C528626,2010-10-24 11:04:00,United Kingdom,23.0,True
22947,14534,16.95,1,merchandise,Year 2009-2010,413163,528901,2010-10-25 13:14:00,United Kingdom,Year 2009-2010,413207,C528907,2010-10-25 13:29:00,United Kingdom,15.0,True
22444,15271,1.25,24,merchandise,Year 2009-2010,417030,529209,2010-10-27 10:20:00,United Kingdom,Year 2009-2010,417048,C529210,2010-10-27 10:28:00,United Kingdom,8.0,True
22694,15271,2.1,5,merchandise,Year 2009-2010,417035,529209,2010-10-27 10:20:00,United Kingdom,Year 2009-2010,417047,C529210,2010-10-27 10:28:00,United Kingdom,8.0,True
22862,15271,4.25,2,merchandise,Year 2009-2010,417037,529209,2010-10-27 10:20:00,United Kingdom,Year 2009-2010,417046,C529210,2010-10-27 10:28:00,United Kingdom,8.0,True
82482,17450,2.1,108,merchandise,Year 2009-2010,418850,529350,2010-10-28 09:29:00,United Kingdom,Year 2009-2010,418859,C529352,2010-10-28 09:32:00,United Kingdom,3.0,True
82494L,17450,2.55,60,merchandise,Year 2009-2010,418851,529350,2010-10-28 09:29:00,United Kingdom,Year 2009-2010,418861,C529352,2010-10-28 09:32:00,United Kingdom,3.0,True
71459,17450,0.72,96,merchandise,Year 2009-2010,418852,529350,2010-10-28 09:29:00,United Kingdom,Year 2009-2010,418860,C529352,2010-10-28 09:32:00,United Kingdom,3.0,True
22178,17450,1.06,96,merchandise,Year 2009-2010,418853,529350,2010-10-28 09:29:00,United Kingdom,Year 2009-2010,418867,C529352,2010-10-28 09:32:00,United Kingdom,3.0,True
71477,17450,2.75,1152,merchandise,Year 2009-2010,418854,529350,2010-10-28 09:29:00,United Kingdom,Year 2009-2010,418862,C529352,2010-10-28 09:32:00,United Kingdom,3.0,True
22335,17450,0.55,288,merchandise,Year 2009-2010,418855,529350,2010-10-28 09:29:00,United Kingdom,Year 2009-2010,418865,C529352,2010-10-28 09:32:00,United Kingdom,3.0,True
22804,17450,2.55,320,merchandise,Year 2009-2010,418856,529350,2010-10-28 09:29:00,United Kingdom,Year 2009-2010,418866,C529352,2010-10-28 09:32:00,United Kingdom,3.0,True
21733,17450,2.55,320,merchandise,Year 2009-2010,418857,529350,2010-10-28 09:29:00,United Kingdom,Year 2009-2010,418863,C529352,2010-10-28 09:32:00,United Kingdom,3.0,True
85123A,17450,2.55,320,merchandise,Year 2009-2010,418858,529350,2010-10-28 09:29:00,United Kingdom,Year 2009-2010,418864,C529352,2010-10-28 09:32:00,United Kingdom,3.0,True
22423,14081,12.75,2,merchandise,Year 2009-2010,421773,529763,2010-10-29 15:00:00,United Kingdom,Year 2009-2010,421937,C529769,2010-10-29 15:05:00,United Kingdom,5.0,True
79321,17609,4.95,1,merchandise,Year 2009-2010,422777,529823,2010-10-31 11:39:00,United Kingdom,Year 2009-2010,422819,C529825,2010-10-31 11:41:00,United Kingdom,2.0,True
21292,16928,0.85,16,merchandise,Year 2009-2010,423703,529874,2010-10-31 14:00:00,United Kingdom,Year 2009-2010,423878,C529908,2010-10-31 14:12:00,United Kingdom,12.0,True
84997C,14437,3.75,6,merchandise,Year 2009-2010,422871,529829,2010-10-31 12:04:00,United Kingdom,Year 2009-2010,425080,C530005,2010-11-01 09:31:00,United Kingdom,1287.0,True
22827,15158,165.0,1,merchandise,Year 2009-2010,430839,530560,2010-11-03 13:46:00,United Kingdom,Year 2009-2010,433561,C530832,2010-11-04 13:38:00,United Kingdom,1432.0,True
22219,16563,0.85,12,merchandise,Year 2009-2010,433732,530840,2010-11-04 14:11:00,United Kingdom,Year 2009-2010,433754,C530842,2010-11-04 14:21:00,United Kingdom,10.0,True
22055,18168,1.65,1,merchandise,Year 2009-2010,435168,530953,2010-11-04 18:42:00,United Kingdom,Year 2009-2010,435197,C530954,2010-11-04 18:45:00,United Kingdom,3.0,True
22042,16401,0.42,12,merchandise,Year 2009-2010,437990,531271,2010-11-07 11:52:00,United Kingdom,Year 2009-2010,438070,C531296,2010-11-07 12:02:00,United Kingdom,10.0,True
22034,16401,0.42,12,merchandise,Year 2009-2010,437991,531271,2010-11-07 11:52:00,United Kingdom,Year 2009-2010,438069,C531296,2010-11-07 12:02:00,United Kingdom,10.0,True
84247E,16401,2.55,48,merchandise,Year 2009-2010,437992,531271,2010-11-07 11:52:00,United Kingdom,Year 2009-2010,438071,C531296,2010-11-07 12:02:00,United Kingdom,10.0,True
21114,16401,1.25,15,merchandise,Year 2009-2010,438017,531271,2010-11-07 11:52:00,United Kingdom,Year 2009-2010,438195,C531331,2010-11-07 12:23:00,United Kingdom,31.0,True
71477,16013,2.75,96,merchandise,Year 2009-2010,443150,531572,2010-11-09 10:42:00,United Kingdom,Year 2009-2010,443156,C531576,2010-11-09 10:46:00,United Kingdom,4.0,True
79321,16013,4.25,24,merchandise,Year 2009-2010,443151,531572,2010-11-09 10:42:00,United Kingdom,Year 2009-2010,443155,C531576,2010-11-09 10:46:00,United Kingdom,4.0,True
84406B,13599,3.25,31,merchandise,Year 2009-2010,445740,531827,2010-11-09 18:03:00,United Kingdom,Year 2009-2010,445741,C531828,2010-11-09 18:05:00,United Kingdom,2.0,True
72351A,14725,2.1,12,merchandise,Year 2009-2010,446642,531875,2010-11-10 11:47:00,United Kingdom,Year 2009-2010,446660,C531883,2010-11-10 11:55:00,United Kingdom,8.0,True
72351B,14725,2.1,12,merchandise,Year 2009-2010,446643,531875,2010-11-10 11:47:00,United Kingdom,Year 2009-2010,446659,C531883,2010-11-10 11:55:00,United Kingdom,8.0,True
22807,15276,2.95,1,merchandise,Year 2009-2010,449144,532096,2010-11-10 16:06:00,United Kingdom,Year 2009-2010,449205,C532102,2010-11-10 16:19:00,United Kingdom,13.0,True
22488,15276,1.65,1,merchandise,Year 2009-2010,449147,532096,2010-11-10 16:06:00,United Kingdom,Year 2009-2010,449204,C532102,2010-11-10 16:19:00,United Kingdom,13.0,True
48187,15276,7.95,1,merchandise,Year 2009-2010,449161,532096,2010-11-10 16:06:00,United Kingdom,Year 2009-2010,449202,C532102,2010-11-10 16:19:00,United Kingdom,13.0,True
21432,15276,5.95,1,merchandise,Year 2009-2010,449162,532097,2010-11-10 16:07:00,United Kingdom,Year 2009-2010,449203,C532102,2010-11-10 16:19:00,United Kingdom,12.0,True
84569C,16945,1.25,12,merchandise,Year 2009-2010,450470,532153,2010-11-11 12:14:00,United Kingdom,Year 2009-2010,450473,C532155,2010-11-11 12:17:00,United Kingdom,3.0,True
85099B,13857,1.95,2,merchandise,Year 2009-2010,450717,532239,2010-11-11 12:41:00,United Kingdom,Year 2009-2010,450840,C532262,2010-11-11 12:54:00,United Kingdom,13.0,True
21258,14680,10.95,12,merchandise,Year 2009-2010,450878,532282,2010-11-11 13:08:00,United Kingdom,Year 2009-2010,451984,C532341,2010-11-11 16:05:00,United Kingdom,177.0,True
22198,14680,1.65,5,merchandise,Year 2009-2010,451985,532342,2010-11-11 16:07:00,United Kingdom,Year 2009-2010,451987,C532343,2010-11-11 16:08:00,United Kingdom,1.0,True
21258,14680,10.95,12,merchandise,Year 2009-2010,451986,532342,2010-11-11 16:07:00,United Kingdom,Year 2009-2010,451988,C532343,2010-11-11 16:08:00,United Kingdom,1.0,True
22297,12748,1.25,243,merchandise,Year 2009-2010,452535,532384,2010-11-11 18:34:00,United Kingdom,Year 2009-2010,452546,C532385,2010-11-11 18:36:00,United Kingdom,2.0,True
22722,13821,3.95,6,merchandise,Year 2009-2010,450943,532288,2010-11-11 13:24:00,United Kingdom,Year 2009-2010,454094,C532561,2010-11-12 13:03:00,United Kingdom,1419.0,True
22777,15311,8.5,1,merchandise,Year 2009-2010,454477,532580,2010-11-12 14:18:00,United Kingdom,Year 2009-2010,454495,C532583,2010-11-12 14:24:00,United Kingdom,6.0,True
22328,12755,2.95,2,merchandise,Year 2009-2010,466434,533359,2010-11-17 10:08:00,Japan,Year 2009-2010,466785,C533378,2010-11-17 10:41:00,Japan,33.0,True
22328,12755,2.95,1,merchandise,Year 2009-2010,466476,533361,2010-11-17 10:09:00,Japan,Year 2009-2010,466786,C533377,2010-11-17 10:41:00,Japan,32.0,True
22171,14515,8.5,2,merchandise,Year 2009-2010,467342,533461,2010-11-17 12:14:00,United Kingdom,Year 2009-2010,467422,C533467,2010-11-17 12:22:00,United Kingdom,8.0,True
22328,12755,2.95,5,merchandise,Year 2009-2010,473132,533971,2010-11-19 13:19:00,Japan,Year 2009-2010,473426,C533985,2010-11-19 13:50:00,Japan,31.0,True
16161M,15579,0.42,25,merchandise,Year 2009-2010,476832,534205,2010-11-21 15:38:00,United Kingdom,Year 2009-2010,476848,C534206,2010-11-21 15:43:00,United Kingdom,5.0,True
22047,15579,0.42,25,merchandise,Year 2009-2010,476833,534205,2010-11-21 15:38:00,United Kingdom,Year 2009-2010,476847,C534206,2010-11-21 15:43:00,United Kingdom,5.0,True
16161U,15579,0.42,25,merchandise,Year 2009-2010,476834,534205,2010-11-21 15:38:00,United Kingdom,Year 2009-2010,476846,C534206,2010-11-21 15:43:00,United Kingdom,5.0,True
79067,15579,3.75,1,merchandise,Year 2009-2010,476835,534205,2010-11-21 15:38:00,United Kingdom,Year 2009-2010,476849,C534207,2010-11-21 15:45:00,United Kingdom,7.0,True
37477B,17251,3.75,1,merchandise,Year 2009-2010,477687,534239,2010-11-22 10:42:00,United Kingdom,Year 2009-2010,477696,C534241,2010-11-22 10:46:00,United Kingdom,4.0,True
22910,17894,2.95,2,merchandise,Year 2009-2010,480472,534438,2010-11-22 15:08:00,United Kingdom,Year 2009-2010,480536,C534442,2010-11-22 15:23:00,United Kingdom,15.0,True
22816,17894,0.42,12,merchandise,Year 2009-2010,480474,534438,2010-11-22 15:08:00,United Kingdom,Year 2009-2010,480537,C534442,2010-11-22 15:23:00,United Kingdom,15.0,True
84247E,17894,2.95,1,merchandise,Year 2009-2010,480489,534438,2010-11-22 15:08:00,United Kingdom,Year 2009-2010,480535,C534442,2010-11-22 15:23:00,United Kingdom,15.0,True
85035A,17894,4.25,2,merchandise,Year 2009-2010,480493,534438,2010-11-22 15:08:00,United Kingdom,Year 2009-2010,480533,C534442,2010-11-22 15:23:00,United Kingdom,15.0,True
21980,17894,0.29,12,merchandise,Year 2009-2010,480497,534438,2010-11-22 15:08:00,United Kingdom,Year 2009-2010,480538,C534442,2010-11-22 15:23:00,United Kingdom,15.0,True
35400,13651,8.95,2,merchandise,Year 2009-2010,481190,534462,2010-11-23 09:44:00,United Kingdom,Year 2009-2010,481194,C534463,2010-11-23 09:47:00,United Kingdom,3.0,True
M,17570,100.0,1,manual,Year 2009-2010,481871,534515,2010-11-23 11:56:00,United Kingdom,Year 2009-2010,482949,C534666,2010-11-23 13:54:00,United Kingdom,118.0,True
21704,12748,0.85,24,merchandise,Year 2009-2010,483131,534676,2010-11-23 14:36:00,United Kingdom,Year 2009-2010,483133,C534678,2010-11-23 14:38:00,United Kingdom,2.0,True
22170,16684,5.95,12,merchandise,Year 2009-2010,484159,534716,2010-11-23 17:43:00,United Kingdom,Year 2009-2010,484187,C534717,2010-11-23 17:47:00,United Kingdom,4.0,True
22187,16684,3.75,24,merchandise,Year 2009-2010,484160,534716,2010-11-23 17:43:00,United Kingdom,Year 2009-2010,484188,C534717,2010-11-23 17:47:00,United Kingdom,4.0,True
22470,16684,2.55,320,merchandise,Year 2009-2010,484161,534716,2010-11-23 17:43:00,United Kingdom,Year 2009-2010,484189,C534717,2010-11-23 17:47:00,United Kingdom,4.0,True
85175,16684,0.36,256,merchandise,Year 2009-2010,484162,534716,2010-11-23 17:43:00,United Kingdom,Year 2009-2010,484190,C534717,2010-11-23 17:47:00,United Kingdom,4.0,True
20952,16684,0.42,248,merchandise,Year 2009-2010,484163,534716,2010-11-23 17:43:00,United Kingdom,Year 2009-2010,484182,C534717,2010-11-23 17:47:00,United Kingdom,4.0,True
85123A,16684,2.55,96,merchandise,Year 2009-2010,484164,534716,2010-11-23 17:43:00,United Kingdom,Year 2009-2010,484183,C534717,2010-11-23 17:47:00,United Kingdom,4.0,True
84406B,16684,2.75,108,merchandise,Year 2009-2010,484165,534716,2010-11-23 17:43:00,United Kingdom,Year 2009-2010,484184,C534717,2010-11-23 17:47:00,United Kingdom,4.0,True
22694,16684,1.85,120,merchandise,Year 2009-2010,484166,534716,2010-11-23 17:43:00,United Kingdom,Year 2009-2010,484191,C534717,2010-11-23 17:47:00,United Kingdom,4.0,True
22178,16684,1.06,288,merchandise,Year 2009-2010,484167,534716,2010-11-23 17:43:00,United Kingdom,Year 2009-2010,484192,C534717,2010-11-23 17:47:00,United Kingdom,4.0,True
82494L,16684,2.55,60,merchandise,Year 2009-2010,484168,534716,2010-11-23 17:43:00,United Kingdom,Year 2009-2010,484185,C534717,2010-11-23 17:47:00,United Kingdom,4.0,True
82482,16684,2.1,96,merchandise,Year 2009-2010,484169,534716,2010-11-23 17:43:00,United Kingdom,Year 2009-2010,484186,C534717,2010-11-23 17:47:00,United Kingdom,4.0,True
22171,16684,7.65,24,merchandise,Year 2009-2010,484170,534716,2010-11-23 17:43:00,United Kingdom,Year 2009-2010,484193,C534717,2010-11-23 17:47:00,United Kingdom,4.0,True
84879,16684,1.45,160,merchandise,Year 2009-2010,484171,534716,2010-11-23 17:43:00,United Kingdom,Year 2009-2010,484194,C534717,2010-11-23 17:47:00,United Kingdom,4.0,True
22130,17921,0.85,12,merchandise,Year 2009-2010,491254,535382,2010-11-25 19:24:00,United Kingdom,Year 2009-2010,491284,C535383,2010-11-25 19:28:00,United Kingdom,4.0,True
21686,15550,34.95,6,merchandise,Year 2009-2010,491673,535400,2010-11-26 11:08:00,United Kingdom,Year 2009-2010,491695,C535401,2010-11-26 11:13:00,United Kingdom,5.0,True
21558,18118,2.55,2,merchandise,Year 2009-2010,492406,535414,2010-11-26 11:36:00,United Kingdom,Year 2009-2010,492515,C535420,2010-11-26 11:50:00,United Kingdom,14.0,True
22504,17921,29.95,1,merchandise,Year 2009-2010,491253,535382,2010-11-25 19:24:00,United Kingdom,Year 2009-2010,492811,C535432,2010-11-26 12:29:00,United Kingdom,1025.0,True
21770,13884,4.95,2,merchandise,Year 2009-2010,494451,535664,2010-11-28 11:45:00,United Kingdom,Year 2009-2010,494673,C535671,2010-11-28 12:04:00,United Kingdom,19.0,True
M,16720,32.0,6,manual,Year 2009-2010,495773,535799,2010-11-28 14:49:00,United Kingdom,Year 2009-2010,495874,C535800,2010-11-28 14:54:00,United Kingdom,5.0,True
22443,16720,7.95,1,merchandise,Year 2009-2010,495827,535799,2010-11-28 14:49:00,United Kingdom,Year 2009-2010,495876,C535800,2010-11-28 14:54:00,United Kingdom,5.0,True
22702,16720,2.1,1,merchandise,Year 2009-2010,495845,535799,2010-11-28 14:49:00,United Kingdom,Year 2009-2010,495875,C535800,2010-11-28 14:54:00,United Kingdom,5.0,True
22060,17368,9.95,5,merchandise,Year 2009-2010,495641,535790,2010-11-28 14:28:00,United Kingdom,Year 2009-2010,496224,C535808,2010-11-28 15:11:00,United Kingdom,43.0,True
20685,12748,7.95,1,merchandise,Year 2010-2011,8595,537140,2010-12-05 12:53:00,United Kingdom,Year 2010-2011,8687,C537143,2010-12-05 12:58:00,United Kingdom,5.0,True
35953,15880,1.25,24,merchandise,Year 2010-2011,8775,537144,2010-12-05 13:00:00,United Kingdom,Year 2010-2011,8954,C537157,2010-12-05 13:09:00,United Kingdom,9.0,True
21349,13497,6.75,4,merchandise,Year 2010-2011,11763,537298,2010-12-06 11:37:00,United Kingdom,Year 2010-2011,11801,C537314,2010-12-06 11:42:00,United Kingdom,5.0,True
22865,15882,2.1,10,merchandise,Year 2010-2011,12428,537377,2010-12-06 13:01:00,United Kingdom,Year 2010-2011,12455,C537379,2010-12-06 13:12:00,United Kingdom,11.0,True
47580,15502,2.55,6,merchandise,Year 2010-2011,9771,537216,2010-12-05 15:40:00,United Kingdom,Year 2010-2011,12952,C537402,2010-12-06 14:43:00,United Kingdom,1383.0,True
22196,15502,0.85,12,merchandise,Year 2010-2011,9773,537216,2010-12-05 15:40:00,United Kingdom,Year 2010-2011,12953,C537402,2010-12-06 14:43:00,United Kingdom,1383.0,True
22849,15502,14.95,4,merchandise,Year 2010-2011,9781,537217,2010-12-05 15:40:00,United Kingdom,Year 2010-2011,12950,C537402,2010-12-06 14:43:00,United Kingdom,1383.0,True
22847,15502,14.95,4,merchandise,Year 2010-2011,9782,537217,2010-12-05 15:40:00,United Kingdom,Year 2010-2011,12951,C537402,2010-12-06 14:43:00,United Kingdom,1383.0,True
22927,15502,5.95,4,merchandise,Year 2010-2011,9783,537217,2010-12-05 15:40:00,United Kingdom,Year 2010-2011,12949,C537402,2010-12-06 14:43:00,United Kingdom,1383.0,True
22926,15502,5.95,4,merchandise,Year 2010-2011,9784,537217,2010-12-05 15:40:00,United Kingdom,Year 2010-2011,12948,C537402,2010-12-06 14:43:00,United Kingdom,1383.0,True
22834,14409,2.1,72,merchandise,Year 2010-2011,13039,537410,2010-12-06 15:03:00,United Kingdom,Year 2010-2011,13044,C537413,2010-12-06 15:07:00,United Kingdom,4.0,True
22865,17675,2.1,36,merchandise,Year 2010-2011,14708,537609,2010-12-07 13:22:00,United Kingdom,Year 2010-2011,14719,C537611,2010-12-07 13:25:00,United Kingdom,3.0,True
22627,16016,8.5,1,merchandise,Year 2010-2011,17754,537773,2010-12-08 12:36:00,United Kingdom,Year 2010-2011,18353,C537820,2010-12-08 14:10:00,United Kingdom,94.0,True
21830,17950,0.42,24,merchandise,Year 2010-2011,21665,538106,2010-12-09 15:20:00,United Kingdom,Year 2010-2011,21701,C538111,2010-12-09 15:24:00,United Kingdom,4.0,True
22726,15514,3.75,1,merchandise,Year 2010-2011,24107,538313,2010-12-10 13:50:00,United Kingdom,Year 2010-2011,24183,C538341,2010-12-10 14:03:00,United Kingdom,13.0,True
22725,15514,3.75,1,merchandise,Year 2010-2011,24108,538313,2010-12-10 13:50:00,United Kingdom,Year 2010-2011,24187,C538341,2010-12-10 14:03:00,United Kingdom,13.0,True
22730,15514,3.75,1,merchandise,Year 2010-2011,24109,538313,2010-12-10 13:50:00,United Kingdom,Year 2010-2011,24171,C538341,2010-12-10 14:03:00,United Kingdom,13.0,True
22728,15514,3.75,1,merchandise,Year 2010-2011,24110,538313,2010-12-10 13:50:00,United Kingdom,Year 2010-2011,24174,C538341,2010-12-10 14:03:00,United Kingdom,13.0,True
22726,15514,3.75,2,merchandise,Year 2010-2011,24111,538313,2010-12-10 13:50:00,United Kingdom,Year 2010-2011,24181,C538341,2010-12-10 14:03:00,United Kingdom,13.0,True
22727,15514,3.75,1,merchandise,Year 2010-2011,24112,538313,2010-12-10 13:50:00,United Kingdom,Year 2010-2011,24179,C538341,2010-12-10 14:03:00,United Kingdom,13.0,True
22726,15514,3.75,3,merchandise,Year 2010-2011,24113,538313,2010-12-10 13:50:00,United Kingdom,Year 2010-2011,24182,C538341,2010-12-10 14:03:00,United Kingdom,13.0,True
22727,15514,3.75,2,merchandise,Year 2010-2011,24115,538313,2010-12-10 13:50:00,United Kingdom,Year 2010-2011,24178,C538341,2010-12-10 14:03:00,United Kingdom,13.0,True
22730,15514,3.75,1,merchandise,Year 2010-2011,24116,538313,2010-12-10 13:50:00,United Kingdom,Year 2010-2011,24170,C538341,2010-12-10 14:03:00,United Kingdom,13.0,True
22728,15514,3.75,3,merchandise,Year 2010-2011,24117,538313,2010-12-10 13:50:00,United Kingdom,Year 2010-2011,24175,C538341,2010-12-10 14:03:00,United Kingdom,13.0,True
22725,15514,3.75,1,merchandise,Year 2010-2011,24118,538313,2010-12-10 13:50:00,United Kingdom,Year 2010-2011,24185,C538341,2010-12-10 14:03:00,United Kingdom,13.0,True
22726,15514,3.75,1,merchandise,Year 2010-2011,24119,538313,2010-12-10 13:50:00,United Kingdom,Year 2010-2011,24180,C538341,2010-12-10 14:03:00,United Kingdom,13.0,True
22725,15514,3.75,1,merchandise,Year 2010-2011,24120,538313,2010-12-10 13:50:00,United Kingdom,Year 2010-2011,24184,C538341,2010-12-10 14:03:00,United Kingdom,13.0,True
22730,15514,3.75,1,merchandise,Year 2010-2011,24121,538313,2010-12-10 13:50:00,United Kingdom,Year 2010-2011,24169,C538341,2010-12-10 14:03:00,United Kingdom,13.0,True
22727,15514,3.75,2,merchandise,Year 2010-2011,24122,538313,2010-12-10 13:50:00,United Kingdom,Year 2010-2011,24177,C538341,2010-12-10 14:03:00,United Kingdom,13.0,True
22729,15514,3.75,1,merchandise,Year 2010-2011,24123,538313,2010-12-10 13:50:00,United Kingdom,Year 2010-2011,24173,C538341,2010-12-10 14:03:00,United Kingdom,13.0,True
22725,15514,3.75,3,merchandise,Year 2010-2011,24124,538313,2010-12-10 13:50:00,United Kingdom,Year 2010-2011,24186,C538341,2010-12-10 14:03:00,United Kingdom,13.0,True
22727,15514,3.75,1,merchandise,Year 2010-2011,24125,538313,2010-12-10 13:50:00,United Kingdom,Year 2010-2011,24176,C538341,2010-12-10 14:03:00,United Kingdom,13.0,True
22729,15514,3.75,4,merchandise,Year 2010-2011,24126,538313,2010-12-10 13:50:00,United Kingdom,Year 2010-2011,24172,C538341,2010-12-10 14:03:00,United Kingdom,13.0,True
22752,15514,7.65,96,merchandise,Year 2010-2011,24129,538313,2010-12-10 13:50:00,United Kingdom,Year 2010-2011,24168,C538341,2010-12-10 14:03:00,United Kingdom,13.0,True
22976,15514,1.25,12,merchandise,Year 2010-2011,24130,538313,2010-12-10 13:50:00,United Kingdom,Year 2010-2011,24165,C538341,2010-12-10 14:03:00,United Kingdom,13.0,True
22976,15514,1.25,12,merchandise,Year 2010-2011,24131,538313,2010-12-10 13:50:00,United Kingdom,Year 2010-2011,24164,C538341,2010-12-10 14:03:00,United Kingdom,13.0,True
22988,15514,1.25,12,merchandise,Year 2010-2011,24132,538313,2010-12-10 13:50:00,United Kingdom,Year 2010-2011,24162,C538341,2010-12-10 14:03:00,United Kingdom,13.0,True
22988,15514,1.25,36,merchandise,Year 2010-2011,24134,538313,2010-12-10 13:50:00,United Kingdom,Year 2010-2011,24161,C538341,2010-12-10 14:03:00,United Kingdom,13.0,True
22976,15514,1.25,12,merchandise,Year 2010-2011,24135,538313,2010-12-10 13:50:00,United Kingdom,Year 2010-2011,24163,C538341,2010-12-10 14:03:00,United Kingdom,13.0,True
84380,15514,1.25,1,merchandise,Year 2010-2011,24138,538327,2010-12-10 13:58:00,United Kingdom,Year 2010-2011,24160,C538341,2010-12-10 14:03:00,United Kingdom,5.0,True
22973,15514,1.65,18,merchandise,Year 2010-2011,24141,538327,2010-12-10 13:58:00,United Kingdom,Year 2010-2011,24166,C538341,2010-12-10 14:03:00,United Kingdom,5.0,True
22943,15514,4.95,6,merchandise,Year 2010-2011,24142,538327,2010-12-10 13:58:00,United Kingdom,Year 2010-2011,24167,C538341,2010-12-10 14:03:00,United Kingdom,5.0,True
22621,15514,1.25,48,merchandise,Year 2010-2011,24149,538327,2010-12-10 13:58:00,United Kingdom,Year 2010-2011,24188,C538341,2010-12-10 14:03:00,United Kingdom,5.0,True
22586,15514,0.85,1,merchandise,Year 2010-2011,24150,538327,2010-12-10 13:58:00,United Kingdom,Year 2010-2011,24189,C538341,2010-12-10 14:03:00,United Kingdom,5.0,True
22243,15514,1.65,6,merchandise,Year 2010-2011,24151,538327,2010-12-10 13:58:00,United Kingdom,Year 2010-2011,24190,C538341,2010-12-10 14:03:00,United Kingdom,5.0,True
22131,15514,1.95,1,merchandise,Year 2010-2011,24152,538327,2010-12-10 13:58:00,United Kingdom,Year 2010-2011,24191,C538341,2010-12-10 14:03:00,United Kingdom,5.0,True
22086,15514,2.95,1,merchandise,Year 2010-2011,24153,538327,2010-12-10 13:58:00,United Kingdom,Year 2010-2011,24192,C538341,2010-12-10 14:03:00,United Kingdom,5.0,True
21889,15514,1.25,24,merchandise,Year 2010-2011,24154,538327,2010-12-10 13:58:00,United Kingdom,Year 2010-2011,24193,C538341,2010-12-10 14:03:00,United Kingdom,5.0,True
21731,15514,1.65,1,merchandise,Year 2010-2011,24155,538327,2010-12-10 13:58:00,United Kingdom,Year 2010-2011,24194,C538341,2010-12-10 14:03:00,United Kingdom,5.0,True
21647,15514,2.1,1,merchandise,Year 2010-2011,24156,538327,2010-12-10 13:58:00,United Kingdom,Year 2010-2011,24195,C538341,2010-12-10 14:03:00,United Kingdom,5.0,True
21644,15514,1.25,1,merchandise,Year 2010-2011,24157,538327,2010-12-10 13:58:00,United Kingdom,Year 2010-2011,24196,C538341,2010-12-10 14:03:00,United Kingdom,5.0,True
21056,15514,8.95,1,merchandise,Year 2010-2011,24158,538327,2010-12-10 13:58:00,United Kingdom,Year 2010-2011,24197,C538341,2010-12-10 14:03:00,United Kingdom,5.0,True
16258A,15514,0.42,1,merchandise,Year 2010-2011,24159,538327,2010-12-10 13:58:00,United Kingdom,Year 2010-2011,24198,C538341,2010-12-10 14:03:00,United Kingdom,5.0,True
22867,13448,2.1,12,merchandise,Year 2010-2011,24213,538343,2010-12-10 14:29:00,United Kingdom,Year 2010-2011,24216,C538344,2010-12-10 14:32:00,United Kingdom,3.0,True
35924,13798,1.69,144,merchandise,Year 2010-2011,25113,538353,2010-12-10 15:31:00,United Kingdom,Year 2010-2011,25210,C538357,2010-12-10 16:01:00,United Kingdom,30.0,True
37449,17085,9.95,1,merchandise,Year 2010-2011,25976,538449,2010-12-12 12:24:00,United Kingdom,Year 2010-2011,26057,C538463,2010-12-12 12:31:00,United Kingdom,7.0,True
82484,13715,6.45,2,merchandise,Year 2010-2011,26096,538488,2010-12-12 12:41:00,United Kingdom,Year 2010-2011,26150,C538500,2010-12-12 12:51:00,United Kingdom,10.0,True
22834,15881,0.85,48,merchandise,Year 2010-2011,27383,538534,2010-12-13 10:36:00,United Kingdom,Year 2010-2011,27391,C538536,2010-12-13 10:40:00,United Kingdom,4.0,True
22114,17041,3.95,4,merchandise,Year 2010-2011,29424,538796,2010-12-14 11:43:00,United Kingdom,Year 2010-2011,29438,C538798,2010-12-14 11:45:00,United Kingdom,2.0,True
37449,17912,9.95,1,merchandise,Year 2010-2011,32382,539064,2010-12-15 16:50:00,United Kingdom,Year 2010-2011,32387,C539066,2010-12-15 16:54:00,United Kingdom,4.0,True
22865,16770,2.1,12,merchandise,Year 2010-2011,33671,539282,2010-12-16 15:45:00,United Kingdom,Year 2010-2011,33687,C539284,2010-12-16 15:54:00,United Kingdom,9.0,True
85123A,16013,2.55,500,merchandise,Year 2010-2011,32722,539109,2010-12-16 11:07:00,United Kingdom,Year 2010-2011,34286,C539329,2010-12-17 09:37:00,United Kingdom,1350.0,True
20733,16013,0.72,300,merchandise,Year 2010-2011,32723,539109,2010-12-16 11:07:00,United Kingdom,Year 2010-2011,34285,C539329,2010-12-17 09:37:00,United Kingdom,1350.0,True
22940,13319,4.25,4,merchandise,Year 2010-2011,38640,539593,2010-12-20 13:31:00,United Kingdom,Year 2010-2011,39906,C539711,2010-12-21 12:38:00,United Kingdom,1387.0,True
84997B,18041,3.75,4,merchandise,Year 2010-2011,46749,540359,2011-01-06 15:29:00,United Kingdom,Year 2010-2011,46773,C540360,2011-01-06 15:35:00,United Kingdom,6.0,True
84985A,18041,1.45,5,merchandise,Year 2010-2011,46761,540359,2011-01-06 15:29:00,United Kingdom,Year 2010-2011,46772,C540360,2011-01-06 15:35:00,United Kingdom,6.0,True
POST,12413,18.0,3,charge,Year 2010-2011,46882,540365,2011-01-06 16:12:00,France,Year 2010-2011,46884,C540367,2011-01-06 16:17:00,France,5.0,True
20728,13680,1.65,30,merchandise,Year 2010-2011,45648,540275,2011-01-06 12:11:00,United Kingdom,Year 2010-2011,47481,C540417,2011-01-07 10:56:00,United Kingdom,1365.0,True
22386,13680,1.95,20,merchandise,Year 2010-2011,45649,540275,2011-01-06 12:11:00,United Kingdom,Year 2010-2011,47475,C540417,2011-01-07 10:56:00,United Kingdom,1365.0,True
20713,13680,1.95,10,merchandise,Year 2010-2011,45650,540275,2011-01-06 12:11:00,United Kingdom,Year 2010-2011,47486,C540417,2011-01-07 10:56:00,United Kingdom,1365.0,True
85099C,13680,1.95,30,merchandise,Year 2010-2011,45651,540275,2011-01-06 12:11:00,United Kingdom,Year 2010-2011,47488,C540417,2011-01-07 10:56:00,United Kingdom,1365.0,True
20712,13680,1.95,30,merchandise,Year 2010-2011,45652,540275,2011-01-06 12:11:00,United Kingdom,Year 2010-2011,47487,C540417,2011-01-07 10:56:00,United Kingdom,1365.0,True
20726,13680,1.65,40,merchandise,Year 2010-2011,45653,540275,2011-01-06 12:11:00,United Kingdom,Year 2010-2011,47483,C540417,2011-01-07 10:56:00,United Kingdom,1365.0,True
20727,13680,1.65,30,merchandise,Year 2010-2011,45654,540275,2011-01-06 12:11:00,United Kingdom,Year 2010-2011,47482,C540417,2011-01-07 10:56:00,United Kingdom,1365.0,True
20719,13680,0.85,30,merchandise,Year 2010-2011,45655,540275,2011-01-06 12:11:00,United Kingdom,Year 2010-2011,47485,C540417,2011-01-07 10:56:00,United Kingdom,1365.0,True
22328,13680,2.95,5,merchandise,Year 2010-2011,45656,540275,2011-01-06 12:11:00,United Kingdom,Year 2010-2011,47477,C540417,2011-01-07 10:56:00,United Kingdom,1365.0,True
22326,13680,2.95,6,merchandise,Year 2010-2011,45657,540275,2011-01-06 12:11:00,United Kingdom,Year 2010-2011,47478,C540417,2011-01-07 10:56:00,United Kingdom,1365.0,True
22628,13680,4.95,4,merchandise,Year 2010-2011,45658,540275,2011-01-06 12:11:00,United Kingdom,Year 2010-2011,47474,C540417,2011-01-07 10:56:00,United Kingdom,1365.0,True
84991,13680,0.55,24,merchandise,Year 2010-2011,45659,540275,2011-01-06 12:11:00,United Kingdom,Year 2010-2011,47492,C540417,2011-01-07 10:56:00,United Kingdom,1365.0,True
84997B,13680,3.75,24,merchandise,Year 2010-2011,45660,540275,2011-01-06 12:11:00,United Kingdom,Year 2010-2011,47491,C540417,2011-01-07 10:56:00,United Kingdom,1365.0,True
84997D,13680,3.75,24,merchandise,Year 2010-2011,45661,540275,2011-01-06 12:11:00,United Kingdom,Year 2010-2011,47490,C540417,2011-01-07 10:56:00,United Kingdom,1365.0,True
22352,13680,2.55,6,merchandise,Year 2010-2011,45662,540275,2011-01-06 12:11:00,United Kingdom,Year 2010-2011,47476,C540417,2011-01-07 10:56:00,United Kingdom,1365.0,True
22197,13680,0.85,10,merchandise,Year 2010-2011,45663,540275,2011-01-06 12:11:00,United Kingdom,Year 2010-2011,47479,C540417,2011-01-07 10:56:00,United Kingdom,1365.0,True
47566B,13680,3.75,50,merchandise,Year 2010-2011,45664,540275,2011-01-06 12:11:00,United Kingdom,Year 2010-2011,47473,C540417,2011-01-07 10:56:00,United Kingdom,1365.0,True
79321,13680,4.25,72,merchandise,Year 2010-2011,45665,540275,2011-01-06 12:11:00,United Kingdom,Year 2010-2011,47472,C540417,2011-01-07 10:56:00,United Kingdom,1365.0,True
20725,13680,1.45,100,merchandise,Year 2010-2011,45666,540275,2011-01-06 12:11:00,United Kingdom,Year 2010-2011,47484,C540417,2011-01-07 10:56:00,United Kingdom,1365.0,True
21430,13680,3.39,24,merchandise,Year 2010-2011,45667,540275,2011-01-06 12:11:00,United Kingdom,Year 2010-2011,47480,C540417,2011-01-07 10:56:00,United Kingdom,1365.0,True
85099B,13680,1.65,100,merchandise,Year 2010-2011,45668,540275,2011-01-06 12:11:00,United Kingdom,Year 2010-2011,47489,C540417,2011-01-07 10:56:00,United Kingdom,1365.0,True
20772,14606,2.55,1,merchandise,Year 2010-2011,49685,540526,2011-01-09 13:41:00,United Kingdom,Year 2010-2011,49714,C540527,2011-01-09 13:42:00,United Kingdom,1.0,True
22659,15518,1.95,6,merchandise,Year 2010-2011,52755,540816,2011-01-11 12:55:00,United Kingdom,Year 2010-2011,52776,C540820,2011-01-11 13:09:00,United Kingdom,14.0,True
22178,15602,1.25,48,merchandise,Year 2010-2011,53571,540842,2011-01-11 16:16:00,United Kingdom,Year 2010-2011,53572,C540843,2011-01-11 16:21:00,United Kingdom,5.0,True
22476,14404,4.95,8,merchandise,Year 2010-2011,58689,541259,2011-01-16 15:38:00,United Kingdom,Year 2010-2011,58721,C541261,2011-01-16 15:48:00,United Kingdom,10.0,True
23166,12346,1.04,74215,merchandise,Year 2010-2011,61621,541431,2011-01-18 10:01:00,United Kingdom,Year 2010-2011,61626,C541433,2011-01-18 10:17:00,United Kingdom,16.0,True
85036B,17576,4.25,6,merchandise,Year 2010-2011,62702,541511,2011-01-18 16:45:00,United Kingdom,Year 2010-2011,62714,C541512,2011-01-18 16:52:00,United Kingdom,7.0,True
22170,15039,5.95,12,merchandise,Year 2010-2011,68950,541886,2011-01-24 11:21:00,United Kingdom,Year 2010-2011,68977,C541897,2011-01-24 11:30:00,United Kingdom,9.0,True
22655,16714,125.0,2,merchandise,Year 2010-2011,72120,542231,2011-01-26 13:40:00,United Kingdom,Year 2010-2011,72187,C542232,2011-01-26 13:44:00,United Kingdom,4.0,True
22138,14502,4.95,1,merchandise,Year 2010-2011,76038,542618,2011-01-30 15:52:00,United Kingdom,Year 2010-2011,77378,C542721,2011-01-31 14:37:00,United Kingdom,1365.0,True
22701,16191,2.95,2,merchandise,Year 2010-2011,77408,542725,2011-01-31 15:05:00,United Kingdom,Year 2010-2011,77410,C542726,2011-01-31 15:08:00,United Kingdom,3.0,True
22700,16191,2.95,3,merchandise,Year 2010-2011,77409,542725,2011-01-31 15:05:00,United Kingdom,Year 2010-2011,77411,C542726,2011-01-31 15:08:00,United Kingdom,3.0,True
22969,15881,1.45,12,merchandise,Year 2010-2011,77621,542745,2011-01-31 16:47:00,United Kingdom,Year 2010-2011,77627,C542748,2011-01-31 16:53:00,United Kingdom,6.0,True
22649,15881,4.95,1,merchandise,Year 2010-2011,77618,542745,2011-01-31 16:47:00,United Kingdom,Year 2010-2011,77628,C542753,2011-01-31 16:57:00,United Kingdom,10.0,True
85054,14606,2.95,1,merchandise,Year 2010-2011,78087,542800,2011-02-01 11:16:00,United Kingdom,Year 2010-2011,78089,C542805,2011-02-01 11:19:00,United Kingdom,3.0,True
84380,14606,1.25,1,merchandise,Year 2010-2011,81233,543115,2011-02-03 13:27:00,United Kingdom,Year 2010-2011,81289,C543119,2011-02-03 13:31:00,United Kingdom,4.0,True
22087,16321,2.95,18,merchandise,Year 2010-2011,84272,543372,2011-02-07 15:01:00,Australia,Year 2010-2011,84302,C543375,2011-02-07 15:09:00,Australia,8.0,True
22325,16321,4.95,3,merchandise,Year 2010-2011,84273,543372,2011-02-07 15:01:00,Australia,Year 2010-2011,84301,C543375,2011-02-07 15:09:00,Australia,8.0,True
22776,15570,9.95,1,merchandise,Year 2010-2011,86835,543602,2011-02-10 13:34:00,United Kingdom,Year 2010-2011,86843,C543603,2011-02-10 13:40:00,United Kingdom,6.0,True
21038,16897,2.95,2,merchandise,Year 2010-2011,88706,543813,2011-02-13 15:02:00,United Kingdom,Year 2010-2011,88801,C543818,2011-02-13 15:45:00,United Kingdom,43.0,True
22138,16897,4.95,2,merchandise,Year 2010-2011,88707,543813,2011-02-13 15:02:00,United Kingdom,Year 2010-2011,88806,C543818,2011-02-13 15:45:00,United Kingdom,43.0,True
21876,16897,1.25,3,merchandise,Year 2010-2011,88708,543813,2011-02-13 15:02:00,United Kingdom,Year 2010-2011,88807,C543818,2011-02-13 15:45:00,United Kingdom,43.0,True
85071B,16897,2.95,2,merchandise,Year 2010-2011,88709,543813,2011-02-13 15:02:00,United Kingdom,Year 2010-2011,88802,C543818,2011-02-13 15:45:00,United Kingdom,43.0,True
85071A,16897,2.95,2,merchandise,Year 2010-2011,88710,543813,2011-02-13 15:02:00,United Kingdom,Year 2010-2011,88803,C543818,2011-02-13 15:45:00,United Kingdom,43.0,True
22622,16897,9.95,2,merchandise,Year 2010-2011,88711,543813,2011-02-13 15:02:00,United Kingdom,Year 2010-2011,88804,C543818,2011-02-13 15:45:00,United Kingdom,43.0,True
22423,16897,12.75,2,merchandise,Year 2010-2011,88712,543813,2011-02-13 15:02:00,United Kingdom,Year 2010-2011,88805,C543818,2011-02-13 15:45:00,United Kingdom,43.0,True
22183,13684,3.0,1,merchandise,Year 2010-2011,102809,545038,2011-02-27 10:13:00,United Kingdom,Year 2010-2011,102861,C545040,2011-02-27 10:25:00,United Kingdom,12.0,True
20793,17027,6.75,5,merchandise,Year 2010-2011,104378,545166,2011-02-28 14:03:00,United Kingdom,Year 2010-2011,106057,C545307,2011-03-01 13:05:00,United Kingdom,1382.0,True
22414,17027,7.95,1,merchandise,Year 2010-2011,104388,545166,2011-02-28 14:03:00,United Kingdom,Year 2010-2011,106056,C545307,2011-03-01 13:05:00,United Kingdom,1382.0,True
23187,14507,1.25,6,merchandise,Year 2010-2011,114506,546017,2011-03-08 17:23:00,United Kingdom,Year 2010-2011,114538,C546022,2011-03-08 17:28:00,United Kingdom,5.0,True
23186,14507,1.25,6,merchandise,Year 2010-2011,114507,546017,2011-03-08 17:23:00,United Kingdom,Year 2010-2011,114539,C546022,2011-03-08 17:28:00,United Kingdom,5.0,True
22165,15493,12.75,1,merchandise,Year 2010-2011,118865,546498,2011-03-14 11:44:00,United Kingdom,Year 2010-2011,119237,C546536,2011-03-14 14:28:00,United Kingdom,164.0,True
21391,13121,2.1,3,merchandise,Year 2010-2011,120819,546679,2011-03-15 16:47:00,United Kingdom,Year 2010-2011,120849,C546680,2011-03-15 16:51:00,United Kingdom,4.0,True
21114,13121,1.25,10,merchandise,Year 2010-2011,120820,546679,2011-03-15 16:47:00,United Kingdom,Year 2010-2011,120850,C546680,2011-03-15 16:51:00,United Kingdom,4.0,True
21942,13121,0.85,12,merchandise,Year 2010-2011,120836,546679,2011-03-15 16:47:00,United Kingdom,Year 2010-2011,120848,C546680,2011-03-15 16:51:00,United Kingdom,4.0,True
22933,16029,2.1,144,merchandise,Year 2010-2011,121097,546734,2011-03-16 11:49:00,United Kingdom,Year 2010-2011,121100,C546735,2011-03-16 11:50:00,United Kingdom,1.0,True
22932,16029,2.1,96,merchandise,Year 2010-2011,121098,546734,2011-03-16 11:49:00,United Kingdom,Year 2010-2011,121101,C546735,2011-03-16 11:50:00,United Kingdom,1.0,True
22930,16029,2.1,96,merchandise,Year 2010-2011,121099,546734,2011-03-16 11:49:00,United Kingdom,Year 2010-2011,121102,C546735,2011-03-16 11:50:00,United Kingdom,1.0,True
M,14462,2.5,2,manual,Year 2010-2011,122399,546866,2011-03-17 15:47:00,United Kingdom,Year 2010-2011,122411,C546870,2011-03-17 16:07:00,United Kingdom,20.0,True
21190,17857,1.45,50,merchandise,Year 2010-2011,123945,546926,2011-03-18 10:11:00,United Kingdom,Year 2010-2011,124477,C546978,2011-03-18 12:15:00,United Kingdom,124.0,True
22711,12748,0.42,25,merchandise,Year 2010-2011,124790,546991,2011-03-18 13:08:00,United Kingdom,Year 2010-2011,124934,C546997,2011-03-18 13:32:00,United Kingdom,24.0,True
23230,12748,0.42,25,merchandise,Year 2010-2011,124791,546991,2011-03-18 13:08:00,United Kingdom,Year 2010-2011,124925,C546997,2011-03-18 13:32:00,United Kingdom,24.0,True
22710,12748,0.42,25,merchandise,Year 2010-2011,124792,546991,2011-03-18 13:08:00,United Kingdom,Year 2010-2011,124935,C546997,2011-03-18 13:32:00,United Kingdom,24.0,True
22052,12748,0.42,25,merchandise,Year 2010-2011,124793,546991,2011-03-18 13:08:00,United Kingdom,Year 2010-2011,124941,C546997,2011-03-18 13:32:00,United Kingdom,24.0,True
22045,12748,0.42,25,merchandise,Year 2010-2011,124794,546991,2011-03-18 13:08:00,United Kingdom,Year 2010-2011,124942,C546997,2011-03-18 13:32:00,United Kingdom,24.0,True
21224,12748,1.25,6,merchandise,Year 2010-2011,124795,546991,2011-03-18 13:08:00,United Kingdom,Year 2010-2011,124943,C546997,2011-03-18 13:32:00,United Kingdom,24.0,True
84929,12748,0.55,6,merchandise,Year 2010-2011,124796,546991,2011-03-18 13:08:00,United Kingdom,Year 2010-2011,124923,C546997,2011-03-18 13:32:00,United Kingdom,24.0,True
22948,12748,0.85,6,merchandise,Year 2010-2011,124797,546991,2011-03-18 13:08:00,United Kingdom,Year 2010-2011,124928,C546997,2011-03-18 13:32:00,United Kingdom,24.0,True
22945,12748,0.85,6,merchandise,Year 2010-2011,124798,546991,2011-03-18 13:08:00,United Kingdom,Year 2010-2011,124929,C546997,2011-03-18 13:32:00,United Kingdom,24.0,True
22922,12748,0.85,6,merchandise,Year 2010-2011,124799,546991,2011-03-18 13:08:00,United Kingdom,Year 2010-2011,124932,C546997,2011-03-18 13:32:00,United Kingdom,24.0,True
22924,12748,0.85,6,merchandise,Year 2010-2011,124800,546991,2011-03-18 13:08:00,United Kingdom,Year 2010-2011,124930,C546997,2011-03-18 13:32:00,United Kingdom,24.0,True
22915,12748,0.42,6,merchandise,Year 2010-2011,124801,546991,2011-03-18 13:08:00,United Kingdom,Year 2010-2011,124933,C546997,2011-03-18 13:32:00,United Kingdom,24.0,True
22923,12748,0.85,6,merchandise,Year 2010-2011,124802,546991,2011-03-18 13:08:00,United Kingdom,Year 2010-2011,124931,C546997,2011-03-18 13:32:00,United Kingdom,24.0,True
22403,12748,1.25,6,merchandise,Year 2010-2011,124803,546991,2011-03-18 13:08:00,United Kingdom,Year 2010-2011,124936,C546997,2011-03-18 13:32:00,United Kingdom,24.0,True
22402,12748,1.25,6,merchandise,Year 2010-2011,124804,546991,2011-03-18 13:08:00,United Kingdom,Year 2010-2011,124937,C546997,2011-03-18 13:32:00,United Kingdom,24.0,True
22398,12748,1.25,6,merchandise,Year 2010-2011,124805,546991,2011-03-18 13:08:00,United Kingdom,Year 2010-2011,124939,C546997,2011-03-18 13:32:00,United Kingdom,24.0,True
22396,12748,1.25,6,merchandise,Year 2010-2011,124806,546991,2011-03-18 13:08:00,United Kingdom,Year 2010-2011,124940,C546997,2011-03-18 13:32:00,United Kingdom,24.0,True
22399,12748,1.25,6,merchandise,Year 2010-2011,124807,546991,2011-03-18 13:08:00,United Kingdom,Year 2010-2011,124938,C546997,2011-03-18 13:32:00,United Kingdom,24.0,True
84879,12748,1.69,5,merchandise,Year 2010-2011,124808,546991,2011-03-18 13:08:00,United Kingdom,Year 2010-2011,124924,C546997,2011-03-18 13:32:00,United Kingdom,24.0,True
21135,12748,1.69,4,merchandise,Year 2010-2011,124809,546991,2011-03-18 13:08:00,United Kingdom,Year 2010-2011,124944,C546997,2011-03-18 13:32:00,United Kingdom,24.0,True
22992,12748,1.95,6,merchandise,Year 2010-2011,124810,546991,2011-03-18 13:08:00,United Kingdom,Year 2010-2011,124926,C546997,2011-03-18 13:32:00,United Kingdom,24.0,True
22991,12748,1.95,6,merchandise,Year 2010-2011,124811,546991,2011-03-18 13:08:00,United Kingdom,Year 2010-2011,124927,C546997,2011-03-18 13:32:00,United Kingdom,24.0,True
22627,15658,8.5,1,merchandise,Year 2010-2011,130096,547407,2011-03-23 08:54:00,United Kingdom,Year 2010-2011,130098,C547408,2011-03-23 08:55:00,United Kingdom,1.0,True
22423,15658,12.75,1,merchandise,Year 2010-2011,130097,547407,2011-03-23 08:54:00,United Kingdom,Year 2010-2011,130099,C547408,2011-03-23 08:55:00,United Kingdom,1.0,True
22634,17979,9.95,2,merchandise,Year 2010-2011,133274,547772,2011-03-25 11:34:00,United Kingdom,Year 2010-2011,133712,C547791,2011-03-25 12:07:00,United Kingdom,33.0,True
POST,12594,18.0,1,charge,Year 2010-2011,135861,547914,2011-03-28 12:35:00,Italy,Year 2010-2011,136092,C547930,2011-03-28 14:00:00,Italy,85.0,True
20713,15032,1.65,100,merchandise,Year 2010-2011,136258,547947,2011-03-28 15:03:00,United Kingdom,Year 2010-2011,136275,C547958,2011-03-28 15:18:00,United Kingdom,15.0,True
22411,15032,1.65,100,merchandise,Year 2010-2011,136260,547947,2011-03-28 15:03:00,United Kingdom,Year 2010-2011,136322,C547961,2011-03-28 15:30:00,United Kingdom,27.0,True
21929,15032,1.65,100,merchandise,Year 2010-2011,136261,547947,2011-03-28 15:03:00,United Kingdom,Year 2010-2011,136323,C547961,2011-03-28 15:30:00,United Kingdom,27.0,True
84406B,14031,4.15,24,merchandise,Year 2010-2011,141934,548531,2011-03-31 17:12:00,United Kingdom,Year 2010-2011,141939,C548532,2011-03-31 17:16:00,United Kingdom,4.0,True
22423,14031,10.95,48,merchandise,Year 2010-2011,141935,548531,2011-03-31 17:12:00,United Kingdom,Year 2010-2011,141940,C548532,2011-03-31 17:16:00,United Kingdom,4.0,True
82482,14031,2.55,24,merchandise,Year 2010-2011,141936,548531,2011-03-31 17:12:00,United Kingdom,Year 2010-2011,141941,C548532,2011-03-31 17:16:00,United Kingdom,4.0,True
82494L,14031,2.55,96,merchandise,Year 2010-2011,141937,548531,2011-03-31 17:12:00,United Kingdom,Year 2010-2011,141942,C548532,2011-03-31 17:16:00,United Kingdom,4.0,True
21843,14031,9.95,24,merchandise,Year 2010-2011,141938,548531,2011-03-31 17:12:00,United Kingdom,Year 2010-2011,141943,C548532,2011-03-31 17:16:00,United Kingdom,4.0,True
22654,15223,5.95,6,merchandise,Year 2010-2011,144523,548747,2011-04-04 12:17:00,United Kingdom,Year 2010-2011,144539,C548748,2011-04-04 12:28:00,United Kingdom,11.0,True
22722,15223,3.95,4,merchandise,Year 2010-2011,144524,548747,2011-04-04 12:17:00,United Kingdom,Year 2010-2011,144537,C548748,2011-04-04 12:28:00,United Kingdom,11.0,True
22960,15223,4.25,6,merchandise,Year 2010-2011,144525,548747,2011-04-04 12:17:00,United Kingdom,Year 2010-2011,144536,C548748,2011-04-04 12:28:00,United Kingdom,11.0,True
22666,15223,2.95,6,merchandise,Year 2010-2011,144526,548747,2011-04-04 12:17:00,United Kingdom,Year 2010-2011,144538,C548748,2011-04-04 12:28:00,United Kingdom,11.0,True
22423,15223,12.75,8,merchandise,Year 2010-2011,144527,548747,2011-04-04 12:17:00,United Kingdom,Year 2010-2011,144540,C548748,2011-04-04 12:28:00,United Kingdom,11.0,True
21212,15223,0.55,24,merchandise,Year 2010-2011,144528,548747,2011-04-04 12:17:00,United Kingdom,Year 2010-2011,144545,C548748,2011-04-04 12:28:00,United Kingdom,11.0,True
21172,15223,1.45,12,merchandise,Year 2010-2011,144529,548747,2011-04-04 12:17:00,United Kingdom,Year 2010-2011,144546,C548748,2011-04-04 12:28:00,United Kingdom,11.0,True
22178,15223,1.25,12,merchandise,Year 2010-2011,144530,548747,2011-04-04 12:17:00,United Kingdom,Year 2010-2011,144541,C548748,2011-04-04 12:28:00,United Kingdom,11.0,True
84755,15223,0.65,16,merchandise,Year 2010-2011,144531,548747,2011-04-04 12:17:00,United Kingdom,Year 2010-2011,144535,C548748,2011-04-04 12:28:00,United Kingdom,11.0,True
21937,15223,2.95,5,merchandise,Year 2010-2011,144532,548747,2011-04-04 12:17:00,United Kingdom,Year 2010-2011,144543,C548748,2011-04-04 12:28:00,United Kingdom,11.0,True
21931,15223,2.08,10,merchandise,Year 2010-2011,144533,548747,2011-04-04 12:17:00,United Kingdom,Year 2010-2011,144544,C548748,2011-04-04 12:28:00,United Kingdom,11.0,True
22149,15223,2.1,6,merchandise,Year 2010-2011,144534,548747,2011-04-04 12:17:00,United Kingdom,Year 2010-2011,144542,C548748,2011-04-04 12:28:00,United Kingdom,11.0,True
M,12744,162.6,1,manual,Year 2010-2011,144827,548813,2011-04-04 13:03:00,Singapore,Year 2010-2011,144832,C548830,2011-04-04 13:08:00,Singapore,5.0,True
M,12744,2382.92,1,manual,Year 2010-2011,144828,548813,2011-04-04 13:03:00,Singapore,Year 2010-2011,144833,C548830,2011-04-04 13:08:00,Singapore,5.0,True
M,12744,239.3,1,manual,Year 2010-2011,144829,548813,2011-04-04 13:03:00,Singapore,Year 2010-2011,144834,C548830,2011-04-04 13:08:00,Singapore,5.0,True
M,12744,1252.95,1,manual,Year 2010-2011,144830,548813,2011-04-04 13:03:00,Singapore,Year 2010-2011,144835,C548830,2011-04-04 13:08:00,Singapore,5.0,True
M,12744,2053.07,1,manual,Year 2010-2011,144831,548820,2011-04-04 13:04:00,Singapore,Year 2010-2011,144836,C548834,2011-04-04 13:09:00,Singapore,5.0,True
82483,15311,5.95,1,merchandise,Year 2010-2011,144840,548856,2011-04-04 13:26:00,United Kingdom,Year 2010-2011,144843,C548857,2011-04-04 13:28:00,United Kingdom,2.0,True
21314,15311,1.85,10,merchandise,Year 2010-2011,144841,548856,2011-04-04 13:26:00,United Kingdom,Year 2010-2011,144844,C548857,2011-04-04 13:28:00,United Kingdom,2.0,True
21313,15311,0.64,1,merchandise,Year 2010-2011,144842,548856,2011-04-04 13:26:00,United Kingdom,Year 2010-2011,144845,C548857,2011-04-04 13:28:00,United Kingdom,2.0,True
M,12669,1136.3,1,manual,Year 2010-2011,145833,548913,2011-04-05 09:45:00,France,Year 2010-2011,145834,C548914,2011-04-05 09:46:00,France,1.0,True
84766,17725,5.95,2,merchandise,Year 2010-2011,144487,548744,2011-04-04 12:07:00,United Kingdom,Year 2010-2011,146182,C548976,2011-04-05 11:50:00,United Kingdom,1423.0,True
22635,13005,9.95,2,merchandise,Year 2010-2011,149241,549283,2011-04-07 13:32:00,United Kingdom,Year 2010-2011,150462,C549437,2011-04-08 12:37:00,United Kingdom,1385.0,True
22634,13005,9.95,2,merchandise,Year 2010-2011,149243,549283,2011-04-07 13:32:00,United Kingdom,Year 2010-2011,150463,C549437,2011-04-08 12:37:00,United Kingdom,1385.0,True
21035,15311,2.75,100,merchandise,Year 2010-2011,151098,549542,2011-04-10 11:11:00,United Kingdom,Year 2010-2011,151175,C549544,2011-04-10 11:15:00,United Kingdom,4.0,True
21125,18118,1.25,1,merchandise,Year 2010-2011,151170,549543,2011-04-10 11:14:00,United Kingdom,Year 2010-2011,151176,C549545,2011-04-10 11:19:00,United Kingdom,5.0,True
22655,16359,125.0,1,merchandise,Year 2010-2011,151234,549547,2011-04-10 11:33:00,United Kingdom,Year 2010-2011,151310,C549549,2011-04-10 11:37:00,United Kingdom,4.0,True
22656,16359,125.0,1,merchandise,Year 2010-2011,151235,549547,2011-04-10 11:33:00,United Kingdom,Year 2010-2011,151309,C549549,2011-04-10 11:37:00,United Kingdom,4.0,True
22423,17576,12.75,1,merchandise,Year 2010-2011,154329,549903,2011-04-12 16:19:00,United Kingdom,Year 2010-2011,154350,C549905,2011-04-12 16:21:00,United Kingdom,2.0,True
POST,12637,18.0,3,charge,Year 2010-2011,156558,550145,2011-04-14 14:15:00,France,Year 2010-2011,156559,C550147,2011-04-14 14:23:00,France,8.0,True
21394,13069,0.39,12,merchandise,Year 2010-2011,156574,550149,2011-04-14 14:37:00,United Kingdom,Year 2010-2011,156894,C550181,2011-04-14 17:43:00,United Kingdom,186.0,True
20675,13069,1.25,4,merchandise,Year 2010-2011,156575,550149,2011-04-14 14:37:00,United Kingdom,Year 2010-2011,156903,C550181,2011-04-14 17:43:00,United Kingdom,186.0,True
20676,13069,1.25,12,merchandise,Year 2010-2011,156576,550149,2011-04-14 14:37:00,United Kingdom,Year 2010-2011,156902,C550181,2011-04-14 17:43:00,United Kingdom,186.0,True
20677,13069,1.25,5,merchandise,Year 2010-2011,156577,550149,2011-04-14 14:37:00,United Kingdom,Year 2010-2011,156901,C550181,2011-04-14 17:43:00,United Kingdom,186.0,True
22844,13069,8.5,5,merchandise,Year 2010-2011,156578,550149,2011-04-14 14:37:00,United Kingdom,Year 2010-2011,156887,C550181,2011-04-14 17:43:00,United Kingdom,186.0,True
21244,13069,1.69,5,merchandise,Year 2010-2011,156579,550149,2011-04-14 14:37:00,United Kingdom,Year 2010-2011,156895,C550181,2011-04-14 17:43:00,United Kingdom,186.0,True
21242,13069,1.69,10,merchandise,Year 2010-2011,156580,550149,2011-04-14 14:37:00,United Kingdom,Year 2010-2011,156897,C550181,2011-04-14 17:43:00,United Kingdom,186.0,True
21243,13069,1.69,8,merchandise,Year 2010-2011,156581,550149,2011-04-14 14:37:00,United Kingdom,Year 2010-2011,156896,C550181,2011-04-14 17:43:00,United Kingdom,186.0,True
84596B,13069,0.42,16,merchandise,Year 2010-2011,156582,550149,2011-04-14 14:37:00,United Kingdom,Year 2010-2011,156884,C550181,2011-04-14 17:43:00,United Kingdom,186.0,True
21238,13069,0.85,20,merchandise,Year 2010-2011,156583,550149,2011-04-14 14:37:00,United Kingdom,Year 2010-2011,156900,C550181,2011-04-14 17:43:00,United Kingdom,186.0,True
21239,13069,0.85,20,merchandise,Year 2010-2011,156584,550149,2011-04-14 14:37:00,United Kingdom,Year 2010-2011,156899,C550181,2011-04-14 17:43:00,United Kingdom,186.0,True
84596F,13069,0.42,16,merchandise,Year 2010-2011,156585,550149,2011-04-14 14:37:00,United Kingdom,Year 2010-2011,156883,C550181,2011-04-14 17:43:00,United Kingdom,186.0,True
21240,13069,0.85,20,merchandise,Year 2010-2011,156586,550149,2011-04-14 14:37:00,United Kingdom,Year 2010-2011,156898,C550181,2011-04-14 17:43:00,United Kingdom,186.0,True
22748,13069,2.1,1,merchandise,Year 2010-2011,156587,550149,2011-04-14 14:37:00,United Kingdom,Year 2010-2011,156888,C550181,2011-04-14 17:43:00,United Kingdom,186.0,True
22381,13069,2.1,10,merchandise,Year 2010-2011,156588,550149,2011-04-14 14:37:00,United Kingdom,Year 2010-2011,156889,C550181,2011-04-14 17:43:00,United Kingdom,186.0,True
23204,13069,0.85,5,merchandise,Year 2010-2011,156592,550149,2011-04-14 14:37:00,United Kingdom,Year 2010-2011,156886,C550181,2011-04-14 17:43:00,United Kingdom,186.0,True
23206,13069,1.65,5,merchandise,Year 2010-2011,156593,550149,2011-04-14 14:37:00,United Kingdom,Year 2010-2011,156885,C550181,2011-04-14 17:43:00,United Kingdom,186.0,True
21937,13069,2.95,5,merchandise,Year 2010-2011,156594,550149,2011-04-14 14:37:00,United Kingdom,Year 2010-2011,156893,C550181,2011-04-14 17:43:00,United Kingdom,186.0,True
22090,13069,2.95,10,merchandise,Year 2010-2011,156621,550154,2011-04-14 14:45:00,United Kingdom,Year 2010-2011,156890,C550181,2011-04-14 17:43:00,United Kingdom,178.0,True
22088,13069,2.95,15,merchandise,Year 2010-2011,156622,550154,2011-04-14 14:45:00,United Kingdom,Year 2010-2011,156891,C550181,2011-04-14 17:43:00,United Kingdom,178.0,True
22087,13069,2.95,10,merchandise,Year 2010-2011,156623,550154,2011-04-14 14:45:00,United Kingdom,Year 2010-2011,156892,C550181,2011-04-14 17:43:00,United Kingdom,178.0,True
M,13811,222.75,1,manual,Year 2010-2011,159705,550354,2011-04-18 10:28:00,Germany,Year 2010-2011,159712,C550355,2011-04-18 10:29:00,Germany,1.0,True
22427,16033,5.95,6,merchandise,Year 2010-2011,161761,550483,2011-04-18 14:12:00,United Kingdom,Year 2010-2011,161809,C550489,2011-04-18 14:30:00,United Kingdom,18.0,True
21340,14502,9.95,9,merchandise,Year 2010-2011,162756,550516,2011-04-18 17:32:00,United Kingdom,Year 2010-2011,163507,C550609,2011-04-19 12:21:00,United Kingdom,1129.0,True
20934,18177,5.45,5,merchandise,Year 2010-2011,165482,550803,2011-04-20 15:25:00,United Kingdom,Year 2010-2011,165751,C550825,2011-04-21 10:00:00,United Kingdom,1115.0,True
82483,17975,5.95,16,merchandise,Year 2010-2011,168300,551016,2011-04-26 11:09:00,United Kingdom,Year 2010-2011,168325,C551017,2011-04-26 11:16:00,United Kingdom,7.0,True
82483,15005,6.95,1,merchandise,Year 2010-2011,170316,551284,2011-04-27 14:05:00,United Kingdom,Year 2010-2011,170324,C551285,2011-04-27 14:07:00,United Kingdom,2.0,True
21830,12748,0.42,24,merchandise,Year 2010-2011,177904,552189,2011-05-06 14:04:00,United Kingdom,Year 2010-2011,177905,C552190,2011-05-06 14:11:00,United Kingdom,7.0,True
22087,13767,2.95,11,merchandise,Year 2010-2011,182284,552533,2011-05-10 09:41:00,United Kingdom,Year 2010-2011,182443,C552546,2011-05-10 10:33:00,United Kingdom,52.0,True
M,15674,334.71,1,manual,Year 2010-2011,182484,552549,2011-05-10 10:39:00,United Kingdom,Year 2010-2011,182521,C552553,2011-05-10 10:51:00,United Kingdom,12.0,True
85123A,14367,2.95,12,merchandise,Year 2010-2011,186101,552848,2011-05-11 14:49:00,United Kingdom,Year 2010-2011,186104,C552849,2011-05-11 14:52:00,United Kingdom,3.0,True
22804,14367,2.95,6,merchandise,Year 2010-2011,186102,552848,2011-05-11 14:49:00,United Kingdom,Year 2010-2011,186105,C552849,2011-05-11 14:52:00,United Kingdom,3.0,True
21733,14367,2.95,3,merchandise,Year 2010-2011,186103,552848,2011-05-11 14:49:00,United Kingdom,Year 2010-2011,186106,C552849,2011-05-11 14:52:00,United Kingdom,3.0,True
M,12757,557.72,1,manual,Year 2010-2011,188279,553018,2011-05-12 19:02:00,Portugal,Year 2010-2011,188280,C553019,2011-05-12 19:04:00,Portugal,2.0,True
22776,14911,9.95,2,merchandise,Year 2010-2011,191572,553375,2011-05-16 14:53:00,EIRE,Year 2010-2011,193165,C553516,2011-05-17 14:07:00,EIRE,1394.0,True
M,14931,293.0,1,manual,Year 2010-2011,194244,553559,2011-05-17 17:12:00,Channel Islands,Year 2010-2011,194245,C553560,2011-05-17 17:14:00,Channel Islands,2.0,True
23184,15660,4.95,8,merchandise,Year 2010-2011,195828,553750,2011-05-19 10:16:00,United Kingdom,Year 2010-2011,196916,C553875,2011-05-19 14:44:00,United Kingdom,268.0,True
21781,14573,14.95,1,merchandise,Year 2010-2011,200953,554163,2011-05-23 11:52:00,United Kingdom,Year 2010-2011,200981,C554197,2011-05-23 12:14:00,United Kingdom,22.0,True
85132C,14573,1.95,1,merchandise,Year 2010-2011,201010,554207,2011-05-23 12:15:00,United Kingdom,Year 2010-2011,201011,C554210,2011-05-23 12:16:00,United Kingdom,1.0,True
M,12757,1241.98,1,manual,Year 2010-2011,201555,554301,2011-05-23 14:46:00,Portugal,Year 2010-2011,201556,C554302,2011-05-23 14:50:00,Portugal,4.0,True
M,12757,557.72,1,manual,Year 2010-2011,201558,554305,2011-05-23 14:58:00,Portugal,Year 2010-2011,201577,C554308,2011-05-23 15:00:00,Portugal,2.0,True
22961,14911,1.45,4,merchandise,Year 2010-2011,205280,554776,2011-05-26 11:43:00,EIRE,Year 2010-2011,205317,C554790,2011-05-26 12:10:00,EIRE,27.0,True
22686,15073,1.25,12,merchandise,Year 2010-2011,214611,555591,2011-06-06 09:59:00,United Kingdom,Year 2010-2011,214897,C555636,2011-06-06 12:33:00,United Kingdom,154.0,True
22685,15073,1.25,10,merchandise,Year 2010-2011,214612,555591,2011-06-06 09:59:00,United Kingdom,Year 2010-2011,214898,C555636,2011-06-06 12:33:00,United Kingdom,154.0,True
22684,15073,1.25,10,merchandise,Year 2010-2011,214613,555591,2011-06-06 09:59:00,United Kingdom,Year 2010-2011,214899,C555636,2011-06-06 12:33:00,United Kingdom,154.0,True
22683,15073,1.25,10,merchandise,Year 2010-2011,214614,555591,2011-06-06 09:59:00,United Kingdom,Year 2010-2011,214900,C555636,2011-06-06 12:33:00,United Kingdom,154.0,True
22682,15073,1.25,10,merchandise,Year 2010-2011,214615,555591,2011-06-06 09:59:00,United Kingdom,Year 2010-2011,214901,C555636,2011-06-06 12:33:00,United Kingdom,154.0,True
22681,15073,1.25,10,merchandise,Year 2010-2011,214616,555591,2011-06-06 09:59:00,United Kingdom,Year 2010-2011,214902,C555636,2011-06-06 12:33:00,United Kingdom,154.0,True
22680,15073,1.25,10,merchandise,Year 2010-2011,214617,555591,2011-06-06 09:59:00,United Kingdom,Year 2010-2011,214903,C555636,2011-06-06 12:33:00,United Kingdom,154.0,True
22679,15073,1.25,10,merchandise,Year 2010-2011,214618,555591,2011-06-06 09:59:00,United Kingdom,Year 2010-2011,214904,C555636,2011-06-06 12:33:00,United Kingdom,154.0,True
22678,15073,1.25,10,merchandise,Year 2010-2011,214619,555591,2011-06-06 09:59:00,United Kingdom,Year 2010-2011,214905,C555636,2011-06-06 12:33:00,United Kingdom,154.0,True
22677,15073,1.25,10,merchandise,Year 2010-2011,214620,555591,2011-06-06 09:59:00,United Kingdom,Year 2010-2011,214906,C555636,2011-06-06 12:33:00,United Kingdom,154.0,True
22676,15073,1.25,10,merchandise,Year 2010-2011,214621,555591,2011-06-06 09:59:00,United Kingdom,Year 2010-2011,214907,C555636,2011-06-06 12:33:00,United Kingdom,154.0,True
79321,15073,5.75,4,merchandise,Year 2010-2011,214622,555591,2011-06-06 09:59:00,United Kingdom,Year 2010-2011,214890,C555636,2011-06-06 12:33:00,United Kingdom,154.0,True
47566,15073,4.95,4,merchandise,Year 2010-2011,214623,555591,2011-06-06 09:59:00,United Kingdom,Year 2010-2011,214891,C555636,2011-06-06 12:33:00,United Kingdom,154.0,True
23108,15073,5.39,12,merchandise,Year 2010-2011,214624,555591,2011-06-06 09:59:00,United Kingdom,Year 2010-2011,214894,C555636,2011-06-06 12:33:00,United Kingdom,154.0,True
21770,15073,4.95,6,merchandise,Year 2010-2011,214625,555591,2011-06-06 09:59:00,United Kingdom,Year 2010-2011,214911,C555636,2011-06-06 12:33:00,United Kingdom,154.0,True
22674,15073,1.25,12,merchandise,Year 2010-2011,214626,555591,2011-06-06 09:59:00,United Kingdom,Year 2010-2011,214909,C555636,2011-06-06 12:33:00,United Kingdom,154.0,True
22673,15073,1.25,12,merchandise,Year 2010-2011,214627,555591,2011-06-06 09:59:00,United Kingdom,Year 2010-2011,214910,C555636,2011-06-06 12:33:00,United Kingdom,154.0,True
22675,15073,1.25,12,merchandise,Year 2010-2011,214628,555591,2011-06-06 09:59:00,United Kingdom,Year 2010-2011,214908,C555636,2011-06-06 12:33:00,United Kingdom,154.0,True
23099,15073,6.65,4,merchandise,Year 2010-2011,214629,555591,2011-06-06 09:59:00,United Kingdom,Year 2010-2011,214895,C555636,2011-06-06 12:33:00,United Kingdom,154.0,True
23140,15073,4.15,12,merchandise,Year 2010-2011,214630,555591,2011-06-06 09:59:00,United Kingdom,Year 2010-2011,214892,C555636,2011-06-06 12:33:00,United Kingdom,154.0,True
23138,15073,1.45,12,merchandise,Year 2010-2011,214631,555591,2011-06-06 09:59:00,United Kingdom,Year 2010-2011,214893,C555636,2011-06-06 12:33:00,United Kingdom,154.0,True
22855,15073,1.25,12,merchandise,Year 2010-2011,214632,555591,2011-06-06 09:59:00,United Kingdom,Year 2010-2011,214896,C555636,2011-06-06 12:33:00,United Kingdom,154.0,True
23112,15737,7.5,2,merchandise,Year 2010-2011,215601,555724,2011-06-06 16:22:00,United Kingdom,Year 2010-2011,215627,C555727,2011-06-06 16:24:00,United Kingdom,2.0,True
22171,15737,8.5,2,merchandise,Year 2010-2011,215603,555725,2011-06-06 16:23:00,United Kingdom,Year 2010-2011,215628,C555727,2011-06-06 16:24:00,United Kingdom,1.0,True
23207,12567,1.65,10,merchandise,Year 2010-2011,217740,555933,2011-06-08 08:49:00,France,Year 2010-2011,217766,C555935,2011-06-08 09:14:00,France,25.0,True
23208,12567,1.65,10,merchandise,Year 2010-2011,217741,555933,2011-06-08 08:49:00,France,Year 2010-2011,217765,C555935,2011-06-08 09:14:00,France,25.0,True
22432,12567,1.95,6,merchandise,Year 2010-2011,217742,555933,2011-06-08 08:49:00,France,Year 2010-2011,217773,C555935,2011-06-08 09:14:00,France,25.0,True
22431,12567,1.95,6,merchandise,Year 2010-2011,217743,555933,2011-06-08 08:49:00,France,Year 2010-2011,217774,C555935,2011-06-08 09:14:00,France,25.0,True
22456,12567,4.95,6,merchandise,Year 2010-2011,217744,555933,2011-06-08 08:49:00,France,Year 2010-2011,217772,C555935,2011-06-08 09:14:00,France,25.0,True
20726,12567,1.65,10,merchandise,Year 2010-2011,217745,555933,2011-06-08 08:49:00,France,Year 2010-2011,217780,C555935,2011-06-08 09:14:00,France,25.0,True
22328,12567,2.95,6,merchandise,Year 2010-2011,217746,555933,2011-06-08 08:49:00,France,Year 2010-2011,217776,C555935,2011-06-08 09:14:00,France,25.0,True
23206,12567,1.65,20,merchandise,Year 2010-2011,217747,555933,2011-06-08 08:49:00,France,Year 2010-2011,217767,C555935,2011-06-08 09:14:00,France,25.0,True
22628,12567,4.95,4,merchandise,Year 2010-2011,217748,555933,2011-06-08 08:49:00,France,Year 2010-2011,217771,C555935,2011-06-08 09:14:00,France,25.0,True
22382,12567,1.65,10,merchandise,Year 2010-2011,217749,555933,2011-06-08 08:49:00,France,Year 2010-2011,217775,C555935,2011-06-08 09:14:00,France,25.0,True
21084,12567,0.19,24,merchandise,Year 2010-2011,217750,555933,2011-06-08 08:49:00,France,Year 2010-2011,217778,C555935,2011-06-08 09:14:00,France,25.0,True
21090,12567,0.39,12,merchandise,Year 2010-2011,217751,555933,2011-06-08 08:49:00,France,Year 2010-2011,217777,C555935,2011-06-08 09:14:00,France,25.0,True
23049,12567,8.25,2,merchandise,Year 2010-2011,217752,555933,2011-06-08 08:49:00,France,Year 2010-2011,217769,C555935,2011-06-08 09:14:00,France,25.0,True
23076,12567,1.25,24,merchandise,Year 2010-2011,217753,555933,2011-06-08 08:49:00,France,Year 2010-2011,217768,C555935,2011-06-08 09:14:00,France,25.0,True
20979,12567,1.25,16,merchandise,Year 2010-2011,217754,555933,2011-06-08 08:49:00,France,Year 2010-2011,217779,C555935,2011-06-08 09:14:00,France,25.0,True
22705,12567,0.42,25,merchandise,Year 2010-2011,217755,555933,2011-06-08 08:49:00,France,Year 2010-2011,217770,C555935,2011-06-08 09:14:00,France,25.0,True
23232,12567,0.42,25,merchandise,Year 2010-2011,217756,555933,2011-06-08 08:49:00,France,Year 2010-2011,217764,C555935,2011-06-08 09:14:00,France,25.0,True
22502,15098,4.95,60,merchandise,Year 2010-2011,222672,556442,2011-06-10 15:22:00,United Kingdom,Year 2010-2011,222694,C556448,2011-06-10 15:39:00,United Kingdom,17.0,True
20901,16794,6.35,2,merchandise,Year 2010-2011,223769,556491,2011-06-12 14:15:00,United Kingdom,Year 2010-2011,224385,C556518,2011-06-13 10:53:00,United Kingdom,1238.0,True
22920,16938,0.55,1515,merchandise,Year 2010-2011,223448,556484,2011-06-12 13:17:00,United Kingdom,Year 2010-2011,224421,C556522,2011-06-13 11:21:00,United Kingdom,1324.0,True
22501,18109,9.95,3,merchandise,Year 2010-2011,223246,556475,2011-06-12 12:03:00,United Kingdom,Year 2010-2011,224505,C556530,2011-06-13 11:42:00,United Kingdom,1419.0,True
21621,17865,8.5,12,merchandise,Year 2010-2011,229733,557110,2011-06-16 16:26:00,United Kingdom,Year 2010-2011,229734,C557111,2011-06-16 16:27:00,United Kingdom,1.0,True
22796,15532,9.95,1,merchandise,Year 2010-2011,240284,558096,2011-06-26 13:24:00,United Kingdom,Year 2010-2011,240322,C558097,2011-06-26 13:29:00,United Kingdom,5.0,True
22796,17114,9.95,1,merchandise,Year 2010-2011,240690,558111,2011-06-26 16:06:00,United Kingdom,Year 2010-2011,240699,C558112,2011-06-26 16:08:00,United Kingdom,2.0,True
22171,17114,8.5,1,merchandise,Year 2010-2011,240691,558111,2011-06-26 16:06:00,United Kingdom,Year 2010-2011,240700,C558112,2011-06-26 16:08:00,United Kingdom,2.0,True
22170,17114,6.75,1,merchandise,Year 2010-2011,240692,558111,2011-06-26 16:06:00,United Kingdom,Year 2010-2011,240701,C558112,2011-06-26 16:08:00,United Kingdom,2.0,True
82486,17114,8.95,1,merchandise,Year 2010-2011,240693,558111,2011-06-26 16:06:00,United Kingdom,Year 2010-2011,240696,C558112,2011-06-26 16:08:00,United Kingdom,2.0,True
23091,17114,6.25,1,merchandise,Year 2010-2011,240694,558111,2011-06-26 16:06:00,United Kingdom,Year 2010-2011,240698,C558112,2011-06-26 16:08:00,United Kingdom,2.0,True
82482,17114,2.55,2,merchandise,Year 2010-2011,240695,558111,2011-06-26 16:06:00,United Kingdom,Year 2010-2011,240697,C558112,2011-06-26 16:08:00,United Kingdom,2.0,True
84631,15996,7.95,2,merchandise,Year 2010-2011,241119,558183,2011-06-27 12:13:00,United Kingdom,Year 2010-2011,241145,C558189,2011-06-27 12:16:00,United Kingdom,3.0,True
22374,17888,4.25,2,merchandise,Year 2010-2011,246728,558714,2011-07-01 13:17:00,United Kingdom,Year 2010-2011,246749,C558716,2011-07-01 13:22:00,United Kingdom,5.0,True
22371,17888,4.25,2,merchandise,Year 2010-2011,246729,558714,2011-07-01 13:17:00,United Kingdom,Year 2010-2011,246751,C558716,2011-07-01 13:22:00,United Kingdom,5.0,True
22372,17888,4.25,1,merchandise,Year 2010-2011,246730,558714,2011-07-01 13:17:00,United Kingdom,Year 2010-2011,246750,C558716,2011-07-01 13:22:00,United Kingdom,5.0,True
22418,17888,0.85,10,merchandise,Year 2010-2011,246731,558714,2011-07-01 13:17:00,United Kingdom,Year 2010-2011,246748,C558716,2011-07-01 13:22:00,United Kingdom,5.0,True
51014C,17888,0.39,12,merchandise,Year 2010-2011,246732,558714,2011-07-01 13:17:00,United Kingdom,Year 2010-2011,246743,C558716,2011-07-01 13:22:00,United Kingdom,5.0,True
21829,17888,0.21,108,merchandise,Year 2010-2011,246733,558714,2011-07-01 13:17:00,United Kingdom,Year 2010-2011,246752,C558716,2011-07-01 13:22:00,United Kingdom,5.0,True
22997,17888,0.42,24,merchandise,Year 2010-2011,246734,558714,2011-07-01 13:17:00,United Kingdom,Year 2010-2011,246746,C558716,2011-07-01 13:22:00,United Kingdom,5.0,True
22998,17888,0.42,24,merchandise,Year 2010-2011,246735,558714,2011-07-01 13:17:00,United Kingdom,Year 2010-2011,246745,C558716,2011-07-01 13:22:00,United Kingdom,5.0,True
51014L,17888,0.39,12,merchandise,Year 2010-2011,246736,558714,2011-07-01 13:17:00,United Kingdom,Year 2010-2011,246742,C558716,2011-07-01 13:22:00,United Kingdom,5.0,True
23002,17888,0.42,24,merchandise,Year 2010-2011,246737,558714,2011-07-01 13:17:00,United Kingdom,Year 2010-2011,246744,C558716,2011-07-01 13:22:00,United Kingdom,5.0,True
22992,17888,1.95,12,merchandise,Year 2010-2011,246738,558714,2011-07-01 13:17:00,United Kingdom,Year 2010-2011,246747,C558716,2011-07-01 13:22:00,United Kingdom,5.0,True
10133,17888,0.42,10,merchandise,Year 2010-2011,246739,558714,2011-07-01 13:17:00,United Kingdom,Year 2010-2011,246754,C558716,2011-07-01 13:22:00,United Kingdom,5.0,True
16259,17888,0.08,108,merchandise,Year 2010-2011,246740,558714,2011-07-01 13:17:00,United Kingdom,Year 2010-2011,246753,C558716,2011-07-01 13:22:00,United Kingdom,5.0,True
M,12619,389.68,1,manual,Year 2010-2011,249274,558895,2011-07-04 15:54:00,Germany,Year 2010-2011,249275,C558897,2011-07-04 15:55:00,Germany,1.0,True
21810,14034,1.25,48,merchandise,Year 2010-2011,250300,559017,2011-07-05 13:06:00,United Kingdom,Year 2010-2011,250341,C559019,2011-07-05 13:10:00,United Kingdom,4.0,True
21824,14034,1.45,24,merchandise,Year 2010-2011,250301,559017,2011-07-05 13:06:00,United Kingdom,Year 2010-2011,250343,C559019,2011-07-05 13:10:00,United Kingdom,4.0,True
23212,14034,1.25,36,merchandise,Year 2010-2011,250302,559017,2011-07-05 13:06:00,United Kingdom,Year 2010-2011,250342,C559019,2011-07-05 13:10:00,United Kingdom,4.0,True
46000M,17841,1.55,1,merchandise,Year 2010-2011,252125,559068,2011-07-06 10:41:00,United Kingdom,Year 2010-2011,252197,C559079,2011-07-06 10:44:00,United Kingdom,3.0,True
21850,18024,4.25,36,merchandise,Year 2010-2011,257666,559539,2011-07-10 12:28:00,United Kingdom,Year 2010-2011,257671,C559540,2011-07-10 12:39:00,United Kingdom,11.0,True
22294,13184,1.25,24,merchandise,Year 2010-2011,258431,559641,2011-07-11 12:31:00,United Kingdom,Year 2010-2011,258442,C559651,2011-07-11 12:43:00,United Kingdom,12.0,True
71038,15493,5.45,4,merchandise,Year 2010-2011,261654,559878,2011-07-13 11:19:00,United Kingdom,Year 2010-2011,261684,C559880,2011-07-13 11:32:00,United Kingdom,13.0,True
22487,14562,9.95,2,merchandise,Year 2010-2011,263273,559981,2011-07-14 11:30:00,United Kingdom,Year 2010-2011,263328,C559983,2011-07-14 11:41:00,United Kingdom,11.0,True
85066,14562,12.75,1,merchandise,Year 2010-2011,263277,559981,2011-07-14 11:30:00,United Kingdom,Year 2010-2011,263325,C559983,2011-07-14 11:41:00,United Kingdom,11.0,True
23313,14562,4.95,8,merchandise,Year 2010-2011,263287,559981,2011-07-14 11:30:00,United Kingdom,Year 2010-2011,263323,C559983,2011-07-14 11:41:00,United Kingdom,11.0,True
22086,14562,2.95,6,merchandise,Year 2010-2011,263289,559981,2011-07-14 11:30:00,United Kingdom,Year 2010-2011,263322,C559983,2011-07-14 11:41:00,United Kingdom,11.0,True
23301,14562,1.65,6,merchandise,Year 2010-2011,263295,559981,2011-07-14 11:30:00,United Kingdom,Year 2010-2011,263314,C559983,2011-07-14 11:41:00,United Kingdom,11.0,True
23300,14562,1.65,6,merchandise,Year 2010-2011,263296,559981,2011-07-14 11:30:00,United Kingdom,Year 2010-2011,263315,C559983,2011-07-14 11:41:00,United Kingdom,11.0,True
22921,14562,0.65,12,merchandise,Year 2010-2011,263297,559981,2011-07-14 11:30:00,United Kingdom,Year 2010-2011,263324,C559983,2011-07-14 11:41:00,United Kingdom,11.0,True
22917,14562,0.65,12,merchandise,Year 2010-2011,263298,559981,2011-07-14 11:30:00,United Kingdom,Year 2010-2011,263320,C559983,2011-07-14 11:41:00,United Kingdom,11.0,True
22919,14562,0.65,12,merchandise,Year 2010-2011,263299,559981,2011-07-14 11:30:00,United Kingdom,Year 2010-2011,263319,C559983,2011-07-14 11:41:00,United Kingdom,11.0,True
22916,14562,0.65,12,merchandise,Year 2010-2011,263302,559981,2011-07-14 11:30:00,United Kingdom,Year 2010-2011,263318,C559983,2011-07-14 11:41:00,United Kingdom,11.0,True
22918,14562,0.65,12,merchandise,Year 2010-2011,263303,559981,2011-07-14 11:30:00,United Kingdom,Year 2010-2011,263316,C559983,2011-07-14 11:41:00,United Kingdom,11.0,True
22920,14562,0.65,12,merchandise,Year 2010-2011,263304,559981,2011-07-14 11:30:00,United Kingdom,Year 2010-2011,263317,C559983,2011-07-14 11:41:00,United Kingdom,11.0,True
23202,17068,2.08,10,merchandise,Year 2010-2011,263898,560042,2011-07-14 14:46:00,United Kingdom,Year 2010-2011,265051,C560206,2011-07-15 13:56:00,United Kingdom,1390.0,True
M,13564,550.64,1,manual,Year 2010-2011,268401,560413,2011-07-18 14:33:00,United Kingdom,Year 2010-2011,268402,C560414,2011-07-18 14:35:00,United Kingdom,2.0,True
23293,12415,0.83,2,merchandise,Year 2010-2011,269590,560491,2011-07-19 10:51:00,Australia,Year 2010-2011,270061,C560540,2011-07-19 12:26:00,Australia,95.0,True
23232,12415,0.42,1,merchandise,Year 2010-2011,269591,560491,2011-07-19 10:51:00,Australia,Year 2010-2011,270075,C560540,2011-07-19 12:26:00,Australia,95.0,True
21503,12415,0.42,1,merchandise,Year 2010-2011,269592,560491,2011-07-19 10:51:00,Australia,Year 2010-2011,270105,C560540,2011-07-19 12:26:00,Australia,95.0,True
22546,12415,0.42,1,merchandise,Year 2010-2011,269593,560491,2011-07-19 10:51:00,Australia,Year 2010-2011,270093,C560540,2011-07-19 12:26:00,Australia,95.0,True
22545,12415,0.42,1,merchandise,Year 2010-2011,269594,560491,2011-07-19 10:51:00,Australia,Year 2010-2011,270094,C560540,2011-07-19 12:26:00,Australia,95.0,True
21918,12415,0.42,1,merchandise,Year 2010-2011,269595,560491,2011-07-19 10:51:00,Australia,Year 2010-2011,270110,C560540,2011-07-19 12:26:00,Australia,95.0,True
21917,12415,0.42,1,merchandise,Year 2010-2011,269596,560491,2011-07-19 10:51:00,Australia,Year 2010-2011,270103,C560540,2011-07-19 12:26:00,Australia,95.0,True
21843,12415,10.95,1,merchandise,Year 2010-2011,269597,560491,2011-07-19 10:51:00,Australia,Year 2010-2011,270104,C560540,2011-07-19 12:26:00,Australia,95.0,True
20979,12415,1.25,1,merchandise,Year 2010-2011,269598,560491,2011-07-19 10:51:00,Australia,Year 2010-2011,270107,C560540,2011-07-19 12:26:00,Australia,95.0,True
23245,12415,4.95,1,merchandise,Year 2010-2011,269599,560491,2011-07-19 10:51:00,Australia,Year 2010-2011,270066,C560540,2011-07-19 12:26:00,Australia,95.0,True
23307,12415,0.55,1,merchandise,Year 2010-2011,269600,560491,2011-07-19 10:51:00,Australia,Year 2010-2011,270055,C560540,2011-07-19 12:26:00,Australia,95.0,True
23243,12415,4.95,1,merchandise,Year 2010-2011,269601,560491,2011-07-19 10:51:00,Australia,Year 2010-2011,270068,C560540,2011-07-19 12:26:00,Australia,95.0,True
21210,12415,1.45,1,merchandise,Year 2010-2011,269602,560491,2011-07-19 10:51:00,Australia,Year 2010-2011,270106,C560540,2011-07-19 12:26:00,Australia,95.0,True
23240,12415,4.15,1,merchandise,Year 2010-2011,269603,560491,2011-07-19 10:51:00,Australia,Year 2010-2011,270071,C560540,2011-07-19 12:26:00,Australia,95.0,True
23229,12415,3.75,1,merchandise,Year 2010-2011,269604,560491,2011-07-19 10:51:00,Australia,Year 2010-2011,270076,C560540,2011-07-19 12:26:00,Australia,95.0,True
23254,12415,4.15,1,merchandise,Year 2010-2011,269605,560491,2011-07-19 10:51:00,Australia,Year 2010-2011,270065,C560540,2011-07-19 12:26:00,Australia,95.0,True
21974,12415,1.45,1,merchandise,Year 2010-2011,269606,560491,2011-07-19 10:51:00,Australia,Year 2010-2011,270099,C560540,2011-07-19 12:26:00,Australia,95.0,True
23242,12415,2.08,1,merchandise,Year 2010-2011,269607,560491,2011-07-19 10:51:00,Australia,Year 2010-2011,270069,C560540,2011-07-19 12:26:00,Australia,95.0,True
23241,12415,2.08,1,merchandise,Year 2010-2011,269608,560491,2011-07-19 10:51:00,Australia,Year 2010-2011,270070,C560540,2011-07-19 12:26:00,Australia,95.0,True
23236,12415,2.89,1,merchandise,Year 2010-2011,269609,560491,2011-07-19 10:51:00,Australia,Year 2010-2011,270073,C560540,2011-07-19 12:26:00,Australia,95.0,True
23306,12415,1.45,1,merchandise,Year 2010-2011,269610,560491,2011-07-19 10:51:00,Australia,Year 2010-2011,270056,C560540,2011-07-19 12:26:00,Australia,95.0,True
23192,12415,1.65,1,merchandise,Year 2010-2011,269611,560491,2011-07-19 10:51:00,Australia,Year 2010-2011,270082,C560540,2011-07-19 12:26:00,Australia,95.0,True
23190,12415,1.65,1,merchandise,Year 2010-2011,269612,560491,2011-07-19 10:51:00,Australia,Year 2010-2011,270083,C560540,2011-07-19 12:26:00,Australia,95.0,True
22150,12415,1.95,1,merchandise,Year 2010-2011,269613,560491,2011-07-19 10:51:00,Australia,Year 2010-2011,270096,C560540,2011-07-19 12:26:00,Australia,95.0,True
22147,12415,1.45,1,merchandise,Year 2010-2011,269614,560491,2011-07-19 10:51:00,Australia,Year 2010-2011,270097,C560540,2011-07-19 12:26:00,Australia,95.0,True
23159,12415,2.08,1,merchandise,Year 2010-2011,269615,560491,2011-07-19 10:51:00,Australia,Year 2010-2011,270088,C560540,2011-07-19 12:26:00,Australia,95.0,True
23154,12415,2.08,1,merchandise,Year 2010-2011,269616,560491,2011-07-19 10:51:00,Australia,Year 2010-2011,270089,C560540,2011-07-19 12:26:00,Australia,95.0,True
23207,12415,1.65,1,merchandise,Year 2010-2011,269617,560491,2011-07-19 10:51:00,Australia,Year 2010-2011,270078,C560540,2011-07-19 12:26:00,Australia,95.0,True
23209,12415,1.65,1,merchandise,Year 2010-2011,269618,560491,2011-07-19 10:51:00,Australia,Year 2010-2011,270077,C560540,2011-07-19 12:26:00,Australia,95.0,True
23201,12415,2.08,1,merchandise,Year 2010-2011,269619,560491,2011-07-19 10:51:00,Australia,Year 2010-2011,270081,C560540,2011-07-19 12:26:00,Australia,95.0,True
23203,12415,2.08,1,merchandise,Year 2010-2011,269620,560491,2011-07-19 10:51:00,Australia,Year 2010-2011,270080,C560540,2011-07-19 12:26:00,Australia,95.0,True
85099B,12415,2.08,1,merchandise,Year 2010-2011,269621,560491,2011-07-19 10:51:00,Australia,Year 2010-2011,270054,C560540,2011-07-19 12:26:00,Australia,95.0,True
23206,12415,1.65,1,merchandise,Year 2010-2011,269622,560491,2011-07-19 10:51:00,Australia,Year 2010-2011,270079,C560540,2011-07-19 12:26:00,Australia,95.0,True
20725,12415,1.65,1,merchandise,Year 2010-2011,269623,560491,2011-07-19 10:51:00,Australia,Year 2010-2011,270108,C560540,2011-07-19 12:26:00,Australia,95.0,True
21929,12415,2.08,1,merchandise,Year 2010-2011,269624,560491,2011-07-19 10:51:00,Australia,Year 2010-2011,270102,C560540,2011-07-19 12:26:00,Australia,95.0,True
21933,12415,1.65,1,merchandise,Year 2010-2011,269625,560491,2011-07-19 10:51:00,Australia,Year 2010-2011,270101,C560540,2011-07-19 12:26:00,Australia,95.0,True
22720,12415,4.95,1,merchandise,Year 2010-2011,269626,560491,2011-07-19 10:51:00,Australia,Year 2010-2011,270092,C560540,2011-07-19 12:26:00,Australia,95.0,True
23292,12415,1.25,1,merchandise,Year 2010-2011,269627,560491,2011-07-19 10:51:00,Australia,Year 2010-2011,270109,C560540,2011-07-19 12:26:00,Australia,95.0,True
23291,12415,1.25,1,merchandise,Year 2010-2011,269628,560491,2011-07-19 10:51:00,Australia,Year 2010-2011,270062,C560540,2011-07-19 12:26:00,Australia,95.0,True
23244,12415,1.95,1,merchandise,Year 2010-2011,269629,560491,2011-07-19 10:51:00,Australia,Year 2010-2011,270067,C560540,2011-07-19 12:26:00,Australia,95.0,True
23235,12415,2.89,1,merchandise,Year 2010-2011,269630,560491,2011-07-19 10:51:00,Australia,Year 2010-2011,270074,C560540,2011-07-19 12:26:00,Australia,95.0,True
23165,12415,1.65,1,merchandise,Year 2010-2011,269631,560491,2011-07-19 10:51:00,Australia,Year 2010-2011,270087,C560540,2011-07-19 12:26:00,Australia,95.0,True
23167,12415,0.83,1,merchandise,Year 2010-2011,269632,560491,2011-07-19 10:51:00,Australia,Year 2010-2011,270085,C560540,2011-07-19 12:26:00,Australia,95.0,True
23166,12415,1.25,1,merchandise,Year 2010-2011,269633,560491,2011-07-19 10:51:00,Australia,Year 2010-2011,270086,C560540,2011-07-19 12:26:00,Australia,95.0,True
23255,12415,4.15,1,merchandise,Year 2010-2011,269634,560491,2011-07-19 10:51:00,Australia,Year 2010-2011,270064,C560540,2011-07-19 12:26:00,Australia,95.0,True
23256,12415,4.15,1,merchandise,Year 2010-2011,269635,560491,2011-07-19 10:51:00,Australia,Year 2010-2011,270063,C560540,2011-07-19 12:26:00,Australia,95.0,True
21936,12415,2.95,1,merchandise,Year 2010-2011,269636,560491,2011-07-19 10:51:00,Australia,Year 2010-2011,270100,C560540,2011-07-19 12:26:00,Australia,95.0,True
22973,12415,1.65,1,merchandise,Year 2010-2011,269637,560491,2011-07-19 10:51:00,Australia,Year 2010-2011,270091,C560540,2011-07-19 12:26:00,Australia,95.0,True
22138,12415,4.95,1,merchandise,Year 2010-2011,269638,560491,2011-07-19 10:51:00,Australia,Year 2010-2011,270098,C560540,2011-07-19 12:26:00,Australia,95.0,True
23108,12415,6.25,1,merchandise,Year 2010-2011,269639,560491,2011-07-19 10:51:00,Australia,Year 2010-2011,270090,C560540,2011-07-19 12:26:00,Australia,95.0,True
23237,12415,4.15,1,merchandise,Year 2010-2011,269640,560491,2011-07-19 10:51:00,Australia,Year 2010-2011,270072,C560540,2011-07-19 12:26:00,Australia,95.0,True
23174,12415,4.15,1,merchandise,Year 2010-2011,269641,560491,2011-07-19 10:51:00,Australia,Year 2010-2011,270084,C560540,2011-07-19 12:26:00,Australia,95.0,True
22492,12415,0.65,36,merchandise,Year 2010-2011,269642,560491,2011-07-19 10:51:00,Australia,Year 2010-2011,270095,C560540,2011-07-19 12:26:00,Australia,95.0,True
23297,12415,1.65,2,merchandise,Year 2010-2011,269643,560491,2011-07-19 10:51:00,Australia,Year 2010-2011,270057,C560540,2011-07-19 12:26:00,Australia,95.0,True
23296,12415,1.25,2,merchandise,Year 2010-2011,269644,560491,2011-07-19 10:51:00,Australia,Year 2010-2011,270058,C560540,2011-07-19 12:26:00,Australia,95.0,True
23295,12415,0.83,2,merchandise,Year 2010-2011,269645,560491,2011-07-19 10:51:00,Australia,Year 2010-2011,270059,C560540,2011-07-19 12:26:00,Australia,95.0,True
23294,12415,0.83,2,merchandise,Year 2010-2011,269646,560491,2011-07-19 10:51:00,Australia,Year 2010-2011,270060,C560540,2011-07-19 12:26:00,Australia,95.0,True
85103,12971,5.95,37,merchandise,Year 2010-2011,269550,560469,2011-07-19 10:40:00,United Kingdom,Year 2010-2011,270185,C560550,2011-07-19 12:47:00,United Kingdom,127.0,True
M,15802,451.42,1,manual,Year 2010-2011,271164,560651,2011-07-20 11:38:00,United Kingdom,Year 2010-2011,271259,C560653,2011-07-20 11:40:00,United Kingdom,2.0,True
20725,13802,1.45,100,merchandise,Year 2010-2011,276022,561027,2011-07-24 10:54:00,United Kingdom,Year 2010-2011,276561,C561059,2011-07-24 13:26:00,United Kingdom,152.0,True
21035,13802,2.75,100,merchandise,Year 2010-2011,276033,561027,2011-07-24 10:54:00,United Kingdom,Year 2010-2011,276560,C561059,2011-07-24 13:26:00,United Kingdom,152.0,True
84077,15746,0.29,48,merchandise,Year 2010-2011,282423,561648,2011-07-28 15:21:00,United Kingdom,Year 2010-2011,282444,C561649,2011-07-28 15:27:00,United Kingdom,6.0,True
22945,14911,0.72,144,merchandise,Year 2010-2011,290317,562374,2011-08-04 14:40:00,EIRE,Year 2010-2011,290367,C562375,2011-08-04 14:46:00,EIRE,6.0,True
22910,14911,2.55,200,merchandise,Year 2010-2011,290318,562374,2011-08-04 14:40:00,EIRE,Year 2010-2011,290368,C562375,2011-08-04 14:46:00,EIRE,6.0,True
22909,14911,0.72,192,merchandise,Year 2010-2011,290319,562374,2011-08-04 14:40:00,EIRE,Year 2010-2011,290369,C562375,2011-08-04 14:46:00,EIRE,6.0,True
22907,14911,0.85,12,merchandise,Year 2010-2011,290320,562374,2011-08-04 14:40:00,EIRE,Year 2010-2011,290370,C562375,2011-08-04 14:46:00,EIRE,6.0,True
22699,14911,2.55,48,merchandise,Year 2010-2011,290321,562374,2011-08-04 14:40:00,EIRE,Year 2010-2011,290371,C562375,2011-08-04 14:46:00,EIRE,6.0,True
22698,14911,2.55,48,merchandise,Year 2010-2011,290322,562374,2011-08-04 14:40:00,EIRE,Year 2010-2011,290372,C562375,2011-08-04 14:46:00,EIRE,6.0,True
22697,14911,2.55,48,merchandise,Year 2010-2011,290323,562374,2011-08-04 14:40:00,EIRE,Year 2010-2011,290373,C562375,2011-08-04 14:46:00,EIRE,6.0,True
22423,14911,10.95,32,merchandise,Year 2010-2011,290324,562374,2011-08-04 14:40:00,EIRE,Year 2010-2011,290374,C562375,2011-08-04 14:46:00,EIRE,6.0,True
22193,14911,7.65,12,merchandise,Year 2010-2011,290325,562374,2011-08-04 14:40:00,EIRE,Year 2010-2011,290375,C562375,2011-08-04 14:46:00,EIRE,6.0,True
22192,14911,7.65,12,merchandise,Year 2010-2011,290326,562374,2011-08-04 14:40:00,EIRE,Year 2010-2011,290376,C562375,2011-08-04 14:46:00,EIRE,6.0,True
22086,14911,2.55,120,merchandise,Year 2010-2011,290327,562374,2011-08-04 14:40:00,EIRE,Year 2010-2011,290377,C562375,2011-08-04 14:46:00,EIRE,6.0,True
21977,14911,0.55,24,merchandise,Year 2010-2011,290328,562374,2011-08-04 14:40:00,EIRE,Year 2010-2011,290378,C562375,2011-08-04 14:46:00,EIRE,6.0,True
23318,14911,2.08,96,merchandise,Year 2010-2011,290329,562374,2011-08-04 14:40:00,EIRE,Year 2010-2011,290348,C562375,2011-08-04 14:46:00,EIRE,6.0,True
23315,14911,8.15,12,merchandise,Year 2010-2011,290330,562374,2011-08-04 14:40:00,EIRE,Year 2010-2011,290349,C562375,2011-08-04 14:46:00,EIRE,6.0,True
23314,14911,12.5,4,merchandise,Year 2010-2011,290331,562374,2011-08-04 14:40:00,EIRE,Year 2010-2011,290350,C562375,2011-08-04 14:46:00,EIRE,6.0,True
23307,14911,0.55,24,merchandise,Year 2010-2011,290332,562374,2011-08-04 14:40:00,EIRE,Year 2010-2011,290351,C562375,2011-08-04 14:46:00,EIRE,6.0,True
23175,14911,2.75,48,merchandise,Year 2010-2011,290333,562374,2011-08-04 14:40:00,EIRE,Year 2010-2011,290352,C562375,2011-08-04 14:46:00,EIRE,6.0,True
23174,14911,3.75,48,merchandise,Year 2010-2011,290334,562374,2011-08-04 14:40:00,EIRE,Year 2010-2011,290353,C562375,2011-08-04 14:46:00,EIRE,6.0,True
23173,14911,8.15,24,merchandise,Year 2010-2011,290335,562374,2011-08-04 14:40:00,EIRE,Year 2010-2011,290354,C562375,2011-08-04 14:46:00,EIRE,6.0,True
23172,14911,1.45,48,merchandise,Year 2010-2011,290336,562374,2011-08-04 14:40:00,EIRE,Year 2010-2011,290355,C562375,2011-08-04 14:46:00,EIRE,6.0,True
23171,14911,1.45,48,merchandise,Year 2010-2011,290337,562374,2011-08-04 14:40:00,EIRE,Year 2010-2011,290356,C562375,2011-08-04 14:46:00,EIRE,6.0,True
23170,14911,1.45,48,merchandise,Year 2010-2011,290338,562374,2011-08-04 14:40:00,EIRE,Year 2010-2011,290357,C562375,2011-08-04 14:46:00,EIRE,6.0,True
23169,14911,4.15,6,merchandise,Year 2010-2011,290339,562374,2011-08-04 14:40:00,EIRE,Year 2010-2011,290358,C562375,2011-08-04 14:46:00,EIRE,6.0,True
23166,14911,1.25,12,merchandise,Year 2010-2011,290340,562374,2011-08-04 14:40:00,EIRE,Year 2010-2011,290359,C562375,2011-08-04 14:46:00,EIRE,6.0,True
23163,14911,2.08,48,merchandise,Year 2010-2011,290341,562374,2011-08-04 14:40:00,EIRE,Year 2010-2011,290360,C562375,2011-08-04 14:46:00,EIRE,6.0,True
23157,14911,1.85,240,merchandise,Year 2010-2011,290342,562374,2011-08-04 14:40:00,EIRE,Year 2010-2011,290361,C562375,2011-08-04 14:46:00,EIRE,6.0,True
22980,14911,1.45,48,merchandise,Year 2010-2011,290343,562374,2011-08-04 14:40:00,EIRE,Year 2010-2011,290362,C562375,2011-08-04 14:46:00,EIRE,6.0,True
22979,14911,1.25,72,merchandise,Year 2010-2011,290344,562374,2011-08-04 14:40:00,EIRE,Year 2010-2011,290363,C562375,2011-08-04 14:46:00,EIRE,6.0,True
22978,14911,3.39,24,merchandise,Year 2010-2011,290345,562374,2011-08-04 14:40:00,EIRE,Year 2010-2011,290364,C562375,2011-08-04 14:46:00,EIRE,6.0,True
22952,14911,0.42,240,merchandise,Year 2010-2011,290346,562374,2011-08-04 14:40:00,EIRE,Year 2010-2011,290365,C562375,2011-08-04 14:46:00,EIRE,6.0,True
22950,14911,1.25,288,merchandise,Year 2010-2011,290347,562374,2011-08-04 14:40:00,EIRE,Year 2010-2011,290366,C562375,2011-08-04 14:46:00,EIRE,6.0,True
85230G,12748,0.29,48,merchandise,Year 2010-2011,293248,562590,2011-08-07 15:39:00,United Kingdom,Year 2010-2011,293377,C562594,2011-08-07 15:44:00,United Kingdom,5.0,True
22464,12748,1.65,24,merchandise,Year 2010-2011,293251,562591,2011-08-07 15:40:00,United Kingdom,Year 2010-2011,293378,C562594,2011-08-07 15:44:00,United Kingdom,4.0,True
22805,16928,1.25,1,merchandise,Year 2010-2011,298701,563033,2011-08-11 14:48:00,United Kingdom,Year 2010-2011,298907,C563072,2011-08-11 15:45:00,United Kingdom,57.0,True
23173,17988,9.95,1,merchandise,Year 2010-2011,300974,563229,2011-08-14 15:35:00,United Kingdom,Year 2010-2011,301033,C563232,2011-08-14 15:55:00,United Kingdom,20.0,True
47351B,15311,2.55,48,merchandise,Year 2010-2011,305119,563638,2011-08-18 10:36:00,United Kingdom,Year 2010-2011,305201,C563655,2011-08-18 10:44:00,United Kingdom,8.0,True
22890,14796,9.95,1,merchandise,Year 2010-2011,311314,564256,2011-08-24 10:45:00,United Kingdom,Year 2010-2011,311403,C564281,2011-08-24 10:54:00,United Kingdom,9.0,True
22720,14796,4.95,1,merchandise,Year 2010-2011,311331,564256,2011-08-24 10:45:00,United Kingdom,Year 2010-2011,311404,C564281,2011-08-24 10:54:00,United Kingdom,9.0,True
20725,14156,1.45,100,merchandise,Year 2010-2011,326165,565475,2011-09-05 10:47:00,EIRE,Year 2010-2011,326652,C565582,2011-09-05 12:38:00,EIRE,111.0,True
21731,15521,1.65,12,merchandise,Year 2010-2011,327557,565677,2011-09-06 10:04:00,United Kingdom,Year 2010-2011,327583,C565681,2011-09-06 10:42:00,United Kingdom,38.0,True
22332,15521,1.65,8,merchandise,Year 2010-2011,327558,565677,2011-09-06 10:04:00,United Kingdom,Year 2010-2011,327581,C565681,2011-09-06 10:42:00,United Kingdom,38.0,True
22333,15521,1.65,8,merchandise,Year 2010-2011,327559,565677,2011-09-06 10:04:00,United Kingdom,Year 2010-2011,327580,C565681,2011-09-06 10:42:00,United Kingdom,38.0,True
23201,15521,2.08,10,merchandise,Year 2010-2011,327560,565677,2011-09-06 10:04:00,United Kingdom,Year 2010-2011,327578,C565681,2011-09-06 10:42:00,United Kingdom,38.0,True
23203,15521,2.08,10,merchandise,Year 2010-2011,327561,565677,2011-09-06 10:04:00,United Kingdom,Year 2010-2011,327577,C565681,2011-09-06 10:42:00,United Kingdom,38.0,True
20749,15521,7.95,2,merchandise,Year 2010-2011,327562,565677,2011-09-06 10:04:00,United Kingdom,Year 2010-2011,327584,C565681,2011-09-06 10:42:00,United Kingdom,38.0,True
23445,15521,0.83,20,merchandise,Year 2010-2011,327563,565677,2011-09-06 10:04:00,United Kingdom,Year 2010-2011,327574,C565681,2011-09-06 10:42:00,United Kingdom,38.0,True
21915,15521,1.25,12,merchandise,Year 2010-2011,327564,565677,2011-09-06 10:04:00,United Kingdom,Year 2010-2011,327582,C565681,2011-09-06 10:42:00,United Kingdom,38.0,True
22622,15521,11.95,2,merchandise,Year 2010-2011,327565,565677,2011-09-06 10:04:00,United Kingdom,Year 2010-2011,327579,C565681,2011-09-06 10:42:00,United Kingdom,38.0,True
23254,15521,4.15,4,merchandise,Year 2010-2011,327566,565677,2011-09-06 10:04:00,United Kingdom,Year 2010-2011,327576,C565681,2011-09-06 10:42:00,United Kingdom,38.0,True
23256,15521,4.15,4,merchandise,Year 2010-2011,327567,565677,2011-09-06 10:04:00,United Kingdom,Year 2010-2011,327575,C565681,2011-09-06 10:42:00,United Kingdom,38.0,True
21891,15521,1.45,12,merchandise,Year 2010-2011,327568,565678,2011-09-06 10:04:00,United Kingdom,Year 2010-2011,327585,C565683,2011-09-06 10:42:00,United Kingdom,38.0,True
21790,16076,0.85,48,merchandise,Year 2010-2011,331207,565995,2011-09-08 11:48:00,United Kingdom,Year 2010-2011,331282,C566007,2011-09-08 12:03:00,United Kingdom,15.0,True
21790,16076,0.85,24,merchandise,Year 2010-2011,331232,565995,2011-09-08 11:48:00,United Kingdom,Year 2010-2011,331281,C566007,2011-09-08 12:03:00,United Kingdom,15.0,True
21485,16362,4.95,2,merchandise,Year 2010-2011,333621,566203,2011-09-09 14:47:00,United Kingdom,Year 2010-2011,333636,C566205,2011-09-09 14:58:00,United Kingdom,11.0,True
22111,16362,4.95,1,merchandise,Year 2010-2011,333623,566203,2011-09-09 14:47:00,United Kingdom,Year 2010-2011,333635,C566205,2011-09-09 14:58:00,United Kingdom,11.0,True
22856,13527,1.25,19,merchandise,Year 2010-2011,334417,566249,2011-09-11 12:09:00,United Kingdom,Year 2010-2011,334465,C566252,2011-09-11 12:14:00,United Kingdom,5.0,True
22826,17214,85.0,1,merchandise,Year 2010-2011,342120,566819,2011-09-15 11:25:00,United Kingdom,Year 2010-2011,342137,C566820,2011-09-15 11:30:00,United Kingdom,5.0,True
23297,16108,1.65,16,merchandise,Year 2010-2011,344410,567062,2011-09-16 11:48:00,United Kingdom,Year 2010-2011,344438,C567065,2011-09-16 11:51:00,United Kingdom,3.0,True
23113,17450,5.06,756,merchandise,Year 2010-2011,348321,567423,2011-09-20 11:05:00,United Kingdom,Year 2010-2011,349752,C567527,2011-09-21 09:16:00,United Kingdom,1331.0,True
84879,15888,1.69,8,merchandise,Year 2010-2011,348590,567460,2011-09-20 12:30:00,United Kingdom,Year 2010-2011,349808,C567532,2011-09-21 09:44:00,United Kingdom,1274.0,True
21136,15888,1.69,8,merchandise,Year 2010-2011,348591,567460,2011-09-20 12:30:00,United Kingdom,Year 2010-2011,349807,C567532,2011-09-21 09:44:00,United Kingdom,1274.0,True
23356,13448,5.95,5,merchandise,Year 2010-2011,348944,567474,2011-09-20 12:53:00,United Kingdom,Year 2010-2011,350287,C567624,2011-09-21 12:50:00,United Kingdom,1437.0,True
M,16669,0.8,5,manual,Year 2010-2011,354215,567866,2011-09-22 14:13:00,United Kingdom,Year 2010-2011,354263,C567867,2011-09-22 14:18:00,United Kingdom,5.0,True
22090,16321,2.95,12,merchandise,Year 2010-2011,364933,568687,2011-09-28 14:26:00,Australia,Year 2010-2011,365080,C568694,2011-09-28 14:55:00,Australia,29.0,True
21198,16321,1.65,24,merchandise,Year 2010-2011,364934,568687,2011-09-28 14:26:00,Australia,Year 2010-2011,365081,C568694,2011-09-28 14:55:00,Australia,29.0,True
21801,15050,0.42,36,merchandise,Year 2010-2011,367696,568901,2011-09-29 13:22:00,United Kingdom,Year 2010-2011,367902,C568911,2011-09-29 13:44:00,United Kingdom,22.0,True
23284,14031,7.08,200,merchandise,Year 2010-2011,374633,569385,2011-10-03 16:48:00,United Kingdom,Year 2010-2011,374634,C569387,2011-10-03 16:49:00,United Kingdom,1.0,True
M,15502,152.78,1,manual,Year 2010-2011,374636,569389,2011-10-03 16:51:00,United Kingdom,Year 2010-2011,374639,C569390,2011-10-03 16:53:00,United Kingdom,2.0,True
M,15502,32.22,1,manual,Year 2010-2011,374637,569389,2011-10-03 16:51:00,United Kingdom,Year 2010-2011,374640,C569390,2011-10-03 16:53:00,United Kingdom,2.0,True
M,15502,120.0,1,manual,Year 2010-2011,374638,569389,2011-10-03 16:51:00,United Kingdom,Year 2010-2011,374641,C569390,2011-10-03 16:53:00,United Kingdom,2.0,True
15056N,12457,5.95,33,merchandise,Year 2010-2011,375976,569489,2011-10-04 13:13:00,Cyprus,Year 2010-2011,375977,C569490,2011-10-04 13:15:00,Cyprus,2.0,True
78033,12500,5.95,2,merchandise,Year 2010-2011,380051,569727,2011-10-06 09:37:00,Germany,Year 2010-2011,380150,C569733,2011-10-06 09:57:00,Germany,20.0,True
20713,15769,2.08,30,merchandise,Year 2010-2011,380250,569740,2011-10-06 10:52:00,United Kingdom,Year 2010-2011,380292,C569743,2011-10-06 10:57:00,United Kingdom,5.0,True
23343,15769,2.08,40,merchandise,Year 2010-2011,380251,569740,2011-10-06 10:52:00,United Kingdom,Year 2010-2011,380303,C569743,2011-10-06 10:57:00,United Kingdom,5.0,True
23344,15769,2.08,30,merchandise,Year 2010-2011,380252,569740,2011-10-06 10:52:00,United Kingdom,Year 2010-2011,380304,C569743,2011-10-06 10:57:00,United Kingdom,5.0,True
23199,15769,1.79,120,merchandise,Year 2010-2011,380253,569740,2011-10-06 10:52:00,United Kingdom,Year 2010-2011,380293,C569743,2011-10-06 10:57:00,United Kingdom,5.0,True
23200,15769,1.79,120,merchandise,Year 2010-2011,380254,569740,2011-10-06 10:52:00,United Kingdom,Year 2010-2011,380294,C569743,2011-10-06 10:57:00,United Kingdom,5.0,True
22389,15769,2.1,100,merchandise,Year 2010-2011,380255,569740,2011-10-06 10:52:00,United Kingdom,Year 2010-2011,380295,C569743,2011-10-06 10:57:00,United Kingdom,5.0,True
85099B,15769,1.79,140,merchandise,Year 2010-2011,380256,569740,2011-10-06 10:52:00,United Kingdom,Year 2010-2011,380296,C569743,2011-10-06 10:57:00,United Kingdom,5.0,True
85099F,15769,1.79,120,merchandise,Year 2010-2011,380257,569740,2011-10-06 10:52:00,United Kingdom,Year 2010-2011,380297,C569743,2011-10-06 10:57:00,United Kingdom,5.0,True
23202,15769,1.79,110,merchandise,Year 2010-2011,380258,569740,2011-10-06 10:52:00,United Kingdom,Year 2010-2011,380298,C569743,2011-10-06 10:57:00,United Kingdom,5.0,True
85099C,15769,1.79,130,merchandise,Year 2010-2011,380259,569740,2011-10-06 10:52:00,United Kingdom,Year 2010-2011,380299,C569743,2011-10-06 10:57:00,United Kingdom,5.0,True
21928,15769,1.79,100,merchandise,Year 2010-2011,380260,569740,2011-10-06 10:52:00,United Kingdom,Year 2010-2011,380300,C569743,2011-10-06 10:57:00,United Kingdom,5.0,True
23201,15769,1.79,110,merchandise,Year 2010-2011,380261,569740,2011-10-06 10:52:00,United Kingdom,Year 2010-2011,380301,C569743,2011-10-06 10:57:00,United Kingdom,5.0,True
21929,15769,1.79,100,merchandise,Year 2010-2011,380262,569740,2011-10-06 10:52:00,United Kingdom,Year 2010-2011,380302,C569743,2011-10-06 10:57:00,United Kingdom,5.0,True
22411,15769,1.79,130,merchandise,Year 2010-2011,380263,569740,2011-10-06 10:52:00,United Kingdom,Year 2010-2011,380305,C569743,2011-10-06 10:57:00,United Kingdom,5.0,True
23203,15769,1.79,220,merchandise,Year 2010-2011,380264,569740,2011-10-06 10:52:00,United Kingdom,Year 2010-2011,380306,C569743,2011-10-06 10:57:00,United Kingdom,5.0,True
23355,14665,4.95,8,merchandise,Year 2010-2011,386892,570252,2011-10-10 09:14:00,United Kingdom,Year 2010-2011,387472,C570290,2011-10-10 11:54:00,United Kingdom,160.0,True
84029G,14665,4.25,8,merchandise,Year 2010-2011,386893,570252,2011-10-10 09:14:00,United Kingdom,Year 2010-2011,387468,C570290,2011-10-10 11:54:00,United Kingdom,160.0,True
84029E,14665,4.25,8,merchandise,Year 2010-2011,386894,570252,2011-10-10 09:14:00,United Kingdom,Year 2010-2011,387469,C570290,2011-10-10 11:54:00,United Kingdom,160.0,True
22865,14665,2.1,12,merchandise,Year 2010-2011,386895,570252,2011-10-10 09:14:00,United Kingdom,Year 2010-2011,387477,C570290,2011-10-10 11:54:00,United Kingdom,160.0,True
22633,14665,2.1,12,merchandise,Year 2010-2011,386896,570252,2011-10-10 09:14:00,United Kingdom,Year 2010-2011,387481,C570290,2011-10-10 11:54:00,United Kingdom,160.0,True
21908,14665,2.1,12,merchandise,Year 2010-2011,386897,570252,2011-10-10 09:14:00,United Kingdom,Year 2010-2011,387484,C570290,2011-10-10 11:54:00,United Kingdom,160.0,True
23426,14665,2.89,6,merchandise,Year 2010-2011,386898,570252,2011-10-10 09:14:00,United Kingdom,Year 2010-2011,387471,C570290,2011-10-10 11:54:00,United Kingdom,160.0,True
21166,14665,2.08,12,merchandise,Year 2010-2011,386899,570252,2011-10-10 09:14:00,United Kingdom,Year 2010-2011,387466,C570290,2011-10-10 11:54:00,United Kingdom,160.0,True
21175,14665,2.55,12,merchandise,Year 2010-2011,386900,570252,2011-10-10 09:14:00,United Kingdom,Year 2010-2011,387465,C570290,2011-10-10 11:54:00,United Kingdom,160.0,True
21181,14665,2.1,12,merchandise,Year 2010-2011,386901,570252,2011-10-10 09:14:00,United Kingdom,Year 2010-2011,387464,C570290,2011-10-10 11:54:00,United Kingdom,160.0,True
23344,14665,2.08,20,merchandise,Year 2010-2011,386902,570252,2011-10-10 09:14:00,United Kingdom,Year 2010-2011,387473,C570290,2011-10-10 11:54:00,United Kingdom,160.0,True
21430,14665,3.75,4,merchandise,Year 2010-2011,386903,570252,2011-10-10 09:14:00,United Kingdom,Year 2010-2011,387461,C570290,2011-10-10 11:54:00,United Kingdom,160.0,True
23201,14665,2.08,10,merchandise,Year 2010-2011,386904,570252,2011-10-10 09:14:00,United Kingdom,Year 2010-2011,387475,C570290,2011-10-10 11:54:00,United Kingdom,160.0,True
22384,14665,1.65,10,merchandise,Year 2010-2011,386905,570252,2011-10-10 09:14:00,United Kingdom,Year 2010-2011,387482,C570290,2011-10-10 11:54:00,United Kingdom,160.0,True
23207,14665,1.65,10,merchandise,Year 2010-2011,386906,570252,2011-10-10 09:14:00,United Kingdom,Year 2010-2011,387474,C570290,2011-10-10 11:54:00,United Kingdom,160.0,True
21232,14665,1.25,12,merchandise,Year 2010-2011,386907,570252,2011-10-10 09:14:00,United Kingdom,Year 2010-2011,387462,C570290,2011-10-10 11:54:00,United Kingdom,160.0,True
21231,14665,1.25,12,merchandise,Year 2010-2011,386908,570252,2011-10-10 09:14:00,United Kingdom,Year 2010-2011,387463,C570290,2011-10-10 11:54:00,United Kingdom,160.0,True
22367,14665,1.95,8,merchandise,Year 2010-2011,386909,570252,2011-10-10 09:14:00,United Kingdom,Year 2010-2011,387483,C570290,2011-10-10 11:54:00,United Kingdom,160.0,True
22847,14665,16.95,1,merchandise,Year 2010-2011,386910,570252,2011-10-10 09:14:00,United Kingdom,Year 2010-2011,387478,C570290,2011-10-10 11:54:00,United Kingdom,160.0,True
22846,14665,16.95,1,merchandise,Year 2010-2011,386911,570252,2011-10-10 09:14:00,United Kingdom,Year 2010-2011,387479,C570290,2011-10-10 11:54:00,United Kingdom,160.0,True
23155,14665,0.83,24,merchandise,Year 2010-2011,386912,570252,2011-10-10 09:14:00,United Kingdom,Year 2010-2011,387476,C570290,2011-10-10 11:54:00,United Kingdom,160.0,True
22812,14665,1.95,12,merchandise,Year 2010-2011,386913,570252,2011-10-10 09:14:00,United Kingdom,Year 2010-2011,387480,C570290,2011-10-10 11:54:00,United Kingdom,160.0,True
82001S,14665,3.75,4,merchandise,Year 2010-2011,386914,570252,2011-10-10 09:14:00,United Kingdom,Year 2010-2011,387470,C570290,2011-10-10 11:54:00,United Kingdom,160.0,True
21137,14665,3.75,4,merchandise,Year 2010-2011,386915,570252,2011-10-10 09:14:00,United Kingdom,Year 2010-2011,387467,C570290,2011-10-10 11:54:00,United Kingdom,160.0,True
21481,14665,3.75,4,merchandise,Year 2010-2011,386916,570252,2011-10-10 09:14:00,United Kingdom,Year 2010-2011,387485,C570290,2011-10-10 11:54:00,United Kingdom,160.0,True
22207,16029,3.75,72,merchandise,Year 2010-2011,390493,570522,2011-10-11 10:46:00,United Kingdom,Year 2010-2011,390504,C570552,2011-10-11 11:01:00,United Kingdom,15.0,True
21931,16029,1.74,100,merchandise,Year 2010-2011,390494,570522,2011-10-11 10:46:00,United Kingdom,Year 2010-2011,390505,C570552,2011-10-11 11:01:00,United Kingdom,15.0,True
85099B,16029,1.74,300,merchandise,Year 2010-2011,390495,570522,2011-10-11 10:46:00,United Kingdom,Year 2010-2011,390501,C570552,2011-10-11 11:01:00,United Kingdom,15.0,True
85099F,16029,1.74,100,merchandise,Year 2010-2011,390496,570522,2011-10-11 10:46:00,United Kingdom,Year 2010-2011,390500,C570552,2011-10-11 11:01:00,United Kingdom,15.0,True
22386,16029,1.74,200,merchandise,Year 2010-2011,390497,570522,2011-10-11 10:46:00,United Kingdom,Year 2010-2011,390503,C570552,2011-10-11 11:01:00,United Kingdom,15.0,True
20712,16029,1.74,200,merchandise,Year 2010-2011,390498,570522,2011-10-11 10:46:00,United Kingdom,Year 2010-2011,390506,C570552,2011-10-11 11:01:00,United Kingdom,15.0,True
22961,16029,1.25,192,merchandise,Year 2010-2011,390499,570522,2011-10-11 10:46:00,United Kingdom,Year 2010-2011,390502,C570552,2011-10-11 11:01:00,United Kingdom,15.0,True
M,13208,1.0,18,manual,Year 2010-2011,391901,570685,2011-10-11 16:25:00,United Kingdom,Year 2010-2011,392667,C570704,2011-10-12 09:54:00,United Kingdom,1049.0,True
22910,15473,2.55,40,merchandise,Year 2010-2011,393766,570849,2011-10-12 14:43:00,United Kingdom,Year 2010-2011,393768,C570850,2011-10-12 14:44:00,United Kingdom,1.0,True
22086,15473,2.55,40,merchandise,Year 2010-2011,393767,570849,2011-10-12 14:43:00,United Kingdom,Year 2010-2011,393787,C570853,2011-10-12 14:54:00,United Kingdom,11.0,True
22086,15473,2.55,40,merchandise,Year 2010-2011,393765,570848,2011-10-12 14:42:00,United Kingdom,Year 2010-2011,393788,C570854,2011-10-12 14:55:00,United Kingdom,13.0,True
21787,12901,0.85,360,merchandise,Year 2010-2011,398878,571261,2011-10-16 10:50:00,United Kingdom,Year 2010-2011,398879,C571262,2011-10-16 10:52:00,United Kingdom,2.0,True
M,12783,283.02,1,manual,Year 2010-2011,400625,571324,2011-10-17 11:08:00,Portugal,Year 2010-2011,400628,C571327,2011-10-17 11:12:00,Portugal,4.0,True
20977,16463,1.25,16,merchandise,Year 2010-2011,402079,571463,2011-10-17 14:23:00,United Kingdom,Year 2010-2011,402131,C571466,2011-10-17 14:31:00,United Kingdom,8.0,True
22998,14776,0.42,24,merchandise,Year 2010-2011,404797,571693,2011-10-18 14:44:00,United Kingdom,Year 2010-2011,404828,C571695,2011-10-18 14:46:00,United Kingdom,2.0,True
23006,14776,0.42,24,merchandise,Year 2010-2011,404798,571693,2011-10-18 14:44:00,United Kingdom,Year 2010-2011,404826,C571695,2011-10-18 14:46:00,United Kingdom,2.0,True
23002,14776,0.42,24,merchandise,Year 2010-2011,404799,571693,2011-10-18 14:44:00,United Kingdom,Year 2010-2011,404827,C571695,2011-10-18 14:46:00,United Kingdom,2.0,True
22693,14776,1.25,48,merchandise,Year 2010-2011,404800,571693,2011-10-18 14:44:00,United Kingdom,Year 2010-2011,404831,C571695,2011-10-18 14:46:00,United Kingdom,2.0,True
22523,14776,0.85,12,merchandise,Year 2010-2011,404801,571693,2011-10-18 14:44:00,United Kingdom,Year 2010-2011,404833,C571695,2011-10-18 14:46:00,United Kingdom,2.0,True
22522,14776,0.85,12,merchandise,Year 2010-2011,404802,571693,2011-10-18 14:44:00,United Kingdom,Year 2010-2011,404834,C571695,2011-10-18 14:46:00,United Kingdom,2.0,True
22664,14776,2.1,10,merchandise,Year 2010-2011,404803,571693,2011-10-18 14:44:00,United Kingdom,Year 2010-2011,404832,C571695,2011-10-18 14:46:00,United Kingdom,2.0,True
22380,14776,2.1,10,merchandise,Year 2010-2011,404804,571693,2011-10-18 14:44:00,United Kingdom,Year 2010-2011,404835,C571695,2011-10-18 14:46:00,United Kingdom,2.0,True
23078,14776,1.25,24,merchandise,Year 2010-2011,404805,571693,2011-10-18 14:44:00,United Kingdom,Year 2010-2011,404825,C571695,2011-10-18 14:46:00,United Kingdom,2.0,True
21703,14776,0.42,60,merchandise,Year 2010-2011,404806,571693,2011-10-18 14:44:00,United Kingdom,Year 2010-2011,404837,C571695,2011-10-18 14:46:00,United Kingdom,2.0,True
22741,14776,0.85,48,merchandise,Year 2010-2011,404807,571693,2011-10-18 14:44:00,United Kingdom,Year 2010-2011,404830,C571695,2011-10-18 14:46:00,United Kingdom,2.0,True
20975,14776,0.65,24,merchandise,Year 2010-2011,404808,571693,2011-10-18 14:44:00,United Kingdom,Year 2010-2011,404839,C571695,2011-10-18 14:46:00,United Kingdom,2.0,True
21213,14776,0.55,48,merchandise,Year 2010-2011,404809,571693,2011-10-18 14:44:00,United Kingdom,Year 2010-2011,404838,C571695,2011-10-18 14:46:00,United Kingdom,2.0,True
21975,14776,0.55,24,merchandise,Year 2010-2011,404810,571693,2011-10-18 14:44:00,United Kingdom,Year 2010-2011,404836,C571695,2011-10-18 14:46:00,United Kingdom,2.0,True
84992,14776,0.55,24,merchandise,Year 2010-2011,404811,571693,2011-10-18 14:44:00,United Kingdom,Year 2010-2011,404824,C571695,2011-10-18 14:46:00,United Kingdom,2.0,True
22951,14776,0.55,24,merchandise,Year 2010-2011,404812,571693,2011-10-18 14:44:00,United Kingdom,Year 2010-2011,404829,C571695,2011-10-18 14:46:00,United Kingdom,2.0,True
23354,17350,0.83,36,merchandise,Year 2010-2011,407951,571918,2011-10-19 16:05:00,United Kingdom,Year 2010-2011,407972,C571919,2011-10-19 16:08:00,United Kingdom,3.0,True
21242,17346,1.69,12,merchandise,Year 2010-2011,409300,572055,2011-10-20 12:34:00,United Kingdom,Year 2010-2011,409410,C572059,2011-10-20 12:45:00,United Kingdom,11.0,True
85066,13598,12.75,1,merchandise,Year 2010-2011,412804,572296,2011-10-23 14:28:00,United Kingdom,Year 2010-2011,412856,C572299,2011-10-23 14:35:00,United Kingdom,7.0,True
23284,14607,7.08,10,merchandise,Year 2010-2011,413851,572326,2011-10-24 09:55:00,United Kingdom,Year 2010-2011,414037,C572334,2011-10-24 10:25:00,United Kingdom,30.0,True
23199,14607,1.79,100,merchandise,Year 2010-2011,413852,572326,2011-10-24 09:55:00,United Kingdom,Year 2010-2011,414050,C572334,2011-10-24 10:25:00,United Kingdom,30.0,True
20685,14607,7.08,10,merchandise,Year 2010-2011,413853,572326,2011-10-24 09:55:00,United Kingdom,Year 2010-2011,414049,C572334,2011-10-24 10:25:00,United Kingdom,30.0,True
23344,14607,1.79,100,merchandise,Year 2010-2011,413854,572326,2011-10-24 09:55:00,United Kingdom,Year 2010-2011,414048,C572334,2011-10-24 10:25:00,United Kingdom,30.0,True
22356,14607,0.72,100,merchandise,Year 2010-2011,413855,572326,2011-10-24 09:55:00,United Kingdom,Year 2010-2011,414047,C572334,2011-10-24 10:25:00,United Kingdom,30.0,True
23204,14607,0.72,100,merchandise,Year 2010-2011,413856,572326,2011-10-24 09:55:00,United Kingdom,Year 2010-2011,414046,C572334,2011-10-24 10:25:00,United Kingdom,30.0,True
21288,14607,2.55,24,merchandise,Year 2010-2011,413857,572326,2011-10-24 09:55:00,United Kingdom,Year 2010-2011,414045,C572334,2011-10-24 10:25:00,United Kingdom,30.0,True
23351,14607,1.04,72,merchandise,Year 2010-2011,413858,572326,2011-10-24 09:55:00,United Kingdom,Year 2010-2011,414044,C572334,2011-10-24 10:25:00,United Kingdom,30.0,True
23319,14607,2.08,48,merchandise,Year 2010-2011,413859,572326,2011-10-24 09:55:00,United Kingdom,Year 2010-2011,414043,C572334,2011-10-24 10:25:00,United Kingdom,30.0,True
22086,14607,2.55,120,merchandise,Year 2010-2011,413860,572326,2011-10-24 09:55:00,United Kingdom,Year 2010-2011,414042,C572334,2011-10-24 10:25:00,United Kingdom,30.0,True
21733,14607,2.55,32,merchandise,Year 2010-2011,413861,572326,2011-10-24 09:55:00,United Kingdom,Year 2010-2011,414041,C572334,2011-10-24 10:25:00,United Kingdom,30.0,True
22386,14607,1.79,100,merchandise,Year 2010-2011,413862,572326,2011-10-24 09:55:00,United Kingdom,Year 2010-2011,414040,C572334,2011-10-24 10:25:00,United Kingdom,30.0,True
85099B,14607,1.79,100,merchandise,Year 2010-2011,413863,572326,2011-10-24 09:55:00,United Kingdom,Year 2010-2011,414036,C572334,2011-10-24 10:25:00,United Kingdom,30.0,True
20724,14607,0.72,100,merchandise,Year 2010-2011,413864,572326,2011-10-24 09:55:00,United Kingdom,Year 2010-2011,414053,C572334,2011-10-24 10:25:00,United Kingdom,30.0,True
23205,14607,0.72,100,merchandise,Year 2010-2011,413865,572326,2011-10-24 09:55:00,United Kingdom,Year 2010-2011,414038,C572334,2011-10-24 10:25:00,United Kingdom,30.0,True
22355,14607,0.72,100,merchandise,Year 2010-2011,413866,572326,2011-10-24 09:55:00,United Kingdom,Year 2010-2011,414051,C572334,2011-10-24 10:25:00,United Kingdom,30.0,True
21931,14607,1.79,100,merchandise,Year 2010-2011,413867,572326,2011-10-24 09:55:00,United Kingdom,Year 2010-2011,414052,C572334,2011-10-24 10:25:00,United Kingdom,30.0,True
23201,14607,1.79,100,merchandise,Year 2010-2011,413868,572326,2011-10-24 09:55:00,United Kingdom,Year 2010-2011,414039,C572334,2011-10-24 10:25:00,United Kingdom,30.0,True
23056,14607,5.39,240,merchandise,Year 2010-2011,413841,572324,2011-10-24 09:52:00,United Kingdom,Year 2010-2011,414133,C572343,2011-10-24 10:40:00,United Kingdom,48.0,True
22106,14607,1.25,120,merchandise,Year 2010-2011,414121,572340,2011-10-24 10:36:00,United Kingdom,Year 2010-2011,414135,C572343,2011-10-24 10:40:00,United Kingdom,4.0,True
22105,14607,0.95,240,merchandise,Year 2010-2011,414122,572340,2011-10-24 10:36:00,United Kingdom,Year 2010-2011,414136,C572343,2011-10-24 10:40:00,United Kingdom,4.0,True
22103,14607,0.39,468,merchandise,Year 2010-2011,414123,572340,2011-10-24 10:36:00,United Kingdom,Year 2010-2011,414137,C572343,2011-10-24 10:40:00,United Kingdom,4.0,True
22102,14607,0.39,720,merchandise,Year 2010-2011,414124,572340,2011-10-24 10:36:00,United Kingdom,Year 2010-2011,414138,C572343,2011-10-24 10:40:00,United Kingdom,4.0,True
22101,14607,0.39,324,merchandise,Year 2010-2011,414125,572340,2011-10-24 10:36:00,United Kingdom,Year 2010-2011,414139,C572343,2011-10-24 10:40:00,United Kingdom,4.0,True
23064,14607,10.0,40,merchandise,Year 2010-2011,414127,572342,2011-10-24 10:38:00,United Kingdom,Year 2010-2011,414131,C572343,2011-10-24 10:40:00,United Kingdom,2.0,True
23057,14607,1.5,96,merchandise,Year 2010-2011,414128,572342,2011-10-24 10:38:00,United Kingdom,Year 2010-2011,414132,C572343,2011-10-24 10:40:00,United Kingdom,2.0,True
23055,14607,1.5,96,merchandise,Year 2010-2011,414130,572342,2011-10-24 10:38:00,United Kingdom,Year 2010-2011,414134,C572343,2011-10-24 10:40:00,United Kingdom,2.0,True
22938,14102,1.95,12,merchandise,Year 2010-2011,434546,574051,2011-11-02 13:46:00,United Kingdom,Year 2010-2011,434709,C574057,2011-11-02 14:10:00,United Kingdom,24.0,True
22616,13271,0.39,12,merchandise,Year 2010-2011,434848,574063,2011-11-02 14:31:00,United Kingdom,Year 2010-2011,434922,C574065,2011-11-02 14:43:00,United Kingdom,12.0,True
22615,13271,0.39,12,merchandise,Year 2010-2011,434859,574063,2011-11-02 14:31:00,United Kingdom,Year 2010-2011,434923,C574065,2011-11-02 14:43:00,United Kingdom,12.0,True
22944,13271,0.39,12,merchandise,Year 2010-2011,434873,574063,2011-11-02 14:31:00,United Kingdom,Year 2010-2011,434926,C574065,2011-11-02 14:43:00,United Kingdom,12.0,True
22614,13271,0.39,12,merchandise,Year 2010-2011,434895,574063,2011-11-02 14:31:00,United Kingdom,Year 2010-2011,434924,C574065,2011-11-02 14:43:00,United Kingdom,12.0,True
23497,15809,1.45,12,merchandise,Year 2010-2011,438141,574307,2011-11-03 16:40:00,United Kingdom,Year 2010-2011,439463,C574473,2011-11-04 12:05:00,United Kingdom,1165.0,True
23084,15809,2.08,6,merchandise,Year 2010-2011,438142,574307,2011-11-03 16:40:00,United Kingdom,Year 2010-2011,439467,C574473,2011-11-04 12:05:00,United Kingdom,1165.0,True
21993,15809,1.25,12,merchandise,Year 2010-2011,438143,574307,2011-11-03 16:40:00,United Kingdom,Year 2010-2011,439469,C574473,2011-11-04 12:05:00,United Kingdom,1165.0,True
22781,15809,7.65,2,merchandise,Year 2010-2011,438144,574307,2011-11-03 16:40:00,United Kingdom,Year 2010-2011,439468,C574473,2011-11-04 12:05:00,United Kingdom,1165.0,True
23284,15809,8.25,2,merchandise,Year 2010-2011,438145,574307,2011-11-03 16:40:00,United Kingdom,Year 2010-2011,439465,C574473,2011-11-04 12:05:00,United Kingdom,1165.0,True
20749,15809,7.95,2,merchandise,Year 2010-2011,438146,574307,2011-11-03 16:40:00,United Kingdom,Year 2010-2011,439470,C574473,2011-11-04 12:05:00,United Kingdom,1165.0,True
23293,15809,0.83,8,merchandise,Year 2010-2011,438147,574307,2011-11-03 16:40:00,United Kingdom,Year 2010-2011,439464,C574473,2011-11-04 12:05:00,United Kingdom,1165.0,True
23234,15809,2.89,6,merchandise,Year 2010-2011,438148,574307,2011-11-03 16:40:00,United Kingdom,Year 2010-2011,439466,C574473,2011-11-04 12:05:00,United Kingdom,1165.0,True
85036C,15482,1.0,180,merchandise,Year 2010-2011,438445,574319,2011-11-03 19:15:00,United Kingdom,Year 2010-2011,441514,C574584,2011-11-04 18:11:00,United Kingdom,1376.0,True
72802C,15482,1.0,180,merchandise,Year 2010-2011,438446,574319,2011-11-03 19:15:00,United Kingdom,Year 2010-2011,441519,C574584,2011-11-04 18:11:00,United Kingdom,1376.0,True
72802B,15482,1.0,162,merchandise,Year 2010-2011,438447,574319,2011-11-03 19:15:00,United Kingdom,Year 2010-2011,441520,C574584,2011-11-04 18:11:00,United Kingdom,1376.0,True
22173,15482,2.75,64,merchandise,Year 2010-2011,438448,574319,2011-11-03 19:15:00,United Kingdom,Year 2010-2011,441522,C574584,2011-11-04 18:11:00,United Kingdom,1376.0,True
82483,15482,5.95,32,merchandise,Year 2010-2011,438449,574319,2011-11-03 19:15:00,United Kingdom,Year 2010-2011,441517,C574584,2011-11-04 18:11:00,United Kingdom,1376.0,True
82482,15482,2.55,72,merchandise,Year 2010-2011,438450,574319,2011-11-03 19:15:00,United Kingdom,Year 2010-2011,441518,C574584,2011-11-04 18:11:00,United Kingdom,1376.0,True
82494L,15482,2.55,48,merchandise,Year 2010-2011,438451,574319,2011-11-03 19:15:00,United Kingdom,Year 2010-2011,441515,C574584,2011-11-04 18:11:00,United Kingdom,1376.0,True
82486,15482,8.15,24,merchandise,Year 2010-2011,438452,574319,2011-11-03 19:15:00,United Kingdom,Year 2010-2011,441516,C574584,2011-11-04 18:11:00,United Kingdom,1376.0,True
20725,17107,1.45,100,merchandise,Year 2010-2011,443622,574707,2011-11-06 14:08:00,United Kingdom,Year 2010-2011,445019,C574748,2011-11-07 08:41:00,United Kingdom,1113.0,True
22383,17107,1.45,100,merchandise,Year 2010-2011,443623,574707,2011-11-06 14:08:00,United Kingdom,Year 2010-2011,445020,C574748,2011-11-07 08:41:00,United Kingdom,1113.0,True
23344,17511,1.79,100,merchandise,Year 2010-2011,451675,575220,2011-11-09 11:19:00,United Kingdom,Year 2010-2011,451768,C575224,2011-11-09 11:41:00,United Kingdom,22.0,True
23202,17511,1.79,100,merchandise,Year 2010-2011,451676,575220,2011-11-09 11:19:00,United Kingdom,Year 2010-2011,451771,C575224,2011-11-09 11:41:00,United Kingdom,22.0,True
21931,17511,1.79,100,merchandise,Year 2010-2011,451677,575220,2011-11-09 11:19:00,United Kingdom,Year 2010-2011,451776,C575224,2011-11-09 11:41:00,United Kingdom,22.0,True
22411,17511,1.79,100,merchandise,Year 2010-2011,451678,575220,2011-11-09 11:19:00,United Kingdom,Year 2010-2011,451773,C575224,2011-11-09 11:41:00,United Kingdom,22.0,True
21928,17511,1.79,100,merchandise,Year 2010-2011,451679,575220,2011-11-09 11:19:00,United Kingdom,Year 2010-2011,451777,C575224,2011-11-09 11:41:00,United Kingdom,22.0,True
23581,17511,1.79,100,merchandise,Year 2010-2011,451680,575220,2011-11-09 11:19:00,United Kingdom,Year 2010-2011,451767,C575224,2011-11-09 11:41:00,United Kingdom,22.0,True
85099C,17511,1.79,100,merchandise,Year 2010-2011,451681,575220,2011-11-09 11:19:00,United Kingdom,Year 2010-2011,451764,C575224,2011-11-09 11:41:00,United Kingdom,22.0,True
23199,17511,1.79,100,merchandise,Year 2010-2011,451682,575220,2011-11-09 11:19:00,United Kingdom,Year 2010-2011,451772,C575224,2011-11-09 11:41:00,United Kingdom,22.0,True
23582,17511,1.79,100,merchandise,Year 2010-2011,451683,575220,2011-11-09 11:19:00,United Kingdom,Year 2010-2011,451766,C575224,2011-11-09 11:41:00,United Kingdom,22.0,True
23203,17511,1.79,100,merchandise,Year 2010-2011,451684,575220,2011-11-09 11:19:00,United Kingdom,Year 2010-2011,451770,C575224,2011-11-09 11:41:00,United Kingdom,22.0,True
22386,17511,1.79,100,merchandise,Year 2010-2011,451685,575220,2011-11-09 11:19:00,United Kingdom,Year 2010-2011,451774,C575224,2011-11-09 11:41:00,United Kingdom,22.0,True
85099B,17511,1.79,100,merchandise,Year 2010-2011,451686,575220,2011-11-09 11:19:00,United Kingdom,Year 2010-2011,451765,C575224,2011-11-09 11:41:00,United Kingdom,22.0,True
22385,17511,1.79,100,merchandise,Year 2010-2011,451687,575220,2011-11-09 11:19:00,United Kingdom,Year 2010-2011,451775,C575224,2011-11-09 11:41:00,United Kingdom,22.0,True
23343,17511,1.79,100,merchandise,Year 2010-2011,451688,575220,2011-11-09 11:19:00,United Kingdom,Year 2010-2011,451769,C575224,2011-11-09 11:41:00,United Kingdom,22.0,True
M,12473,424.06,1,manual,Year 2010-2011,455646,575632,2011-11-10 13:44:00,Germany,Year 2010-2011,455648,C575635,2011-11-10 13:45:00,Germany,1.0,True
M,12473,549.34,1,manual,Year 2010-2011,455647,575632,2011-11-10 13:44:00,Germany,Year 2010-2011,455649,C575635,2011-11-10 13:45:00,Germany,1.0,True
M,12473,40.46,1,manual,Year 2010-2011,455710,575636,2011-11-10 13:46:00,Germany,Year 2010-2011,455711,C575638,2011-11-10 13:48:00,Germany,2.0,True
21519,13588,0.42,12,merchandise,Year 2010-2011,459799,575878,2011-11-11 13:29:00,United Kingdom,Year 2010-2011,459801,C575879,2011-11-11 13:30:00,United Kingdom,1.0,True
84991,17838,0.55,24,merchandise,Year 2010-2011,461301,575935,2011-11-13 11:20:00,United Kingdom,Year 2010-2011,461408,C575940,2011-11-13 11:38:00,United Kingdom,18.0,True
21621,17838,8.5,6,merchandise,Year 2010-2011,461302,575935,2011-11-13 11:20:00,United Kingdom,Year 2010-2011,461422,C575940,2011-11-13 11:38:00,United Kingdom,18.0,True
23309,17838,0.55,24,merchandise,Year 2010-2011,461303,575935,2011-11-13 11:20:00,United Kingdom,Year 2010-2011,461410,C575940,2011-11-13 11:38:00,United Kingdom,18.0,True
84992,17838,0.55,24,merchandise,Year 2010-2011,461304,575935,2011-11-13 11:20:00,United Kingdom,Year 2010-2011,461407,C575940,2011-11-13 11:38:00,United Kingdom,18.0,True
23226,17838,1.25,48,merchandise,Year 2010-2011,461305,575935,2011-11-13 11:20:00,United Kingdom,Year 2010-2011,461415,C575940,2011-11-13 11:38:00,United Kingdom,18.0,True
23266,17838,1.25,12,merchandise,Year 2010-2011,461306,575935,2011-11-13 11:20:00,United Kingdom,Year 2010-2011,461412,C575940,2011-11-13 11:38:00,United Kingdom,18.0,True
23275,17838,1.25,24,merchandise,Year 2010-2011,461307,575935,2011-11-13 11:20:00,United Kingdom,Year 2010-2011,461411,C575940,2011-11-13 11:38:00,United Kingdom,18.0,True
21811,17838,0.39,48,merchandise,Year 2010-2011,461308,575935,2011-11-13 11:20:00,United Kingdom,Year 2010-2011,461421,C575940,2011-11-13 11:38:00,United Kingdom,18.0,True
23265,17838,1.25,14,merchandise,Year 2010-2011,461309,575935,2011-11-13 11:20:00,United Kingdom,Year 2010-2011,461413,C575940,2011-11-13 11:38:00,United Kingdom,18.0,True
21820,17838,3.75,18,merchandise,Year 2010-2011,461310,575935,2011-11-13 11:20:00,United Kingdom,Year 2010-2011,461420,C575940,2011-11-13 11:38:00,United Kingdom,18.0,True
22571,17838,0.72,96,merchandise,Year 2010-2011,461311,575935,2011-11-13 11:20:00,United Kingdom,Year 2010-2011,461416,C575940,2011-11-13 11:38:00,United Kingdom,18.0,True
22155,17838,0.42,48,merchandise,Year 2010-2011,461312,575935,2011-11-13 11:20:00,United Kingdom,Year 2010-2011,461417,C575940,2011-11-13 11:38:00,United Kingdom,18.0,True
23263,17838,1.25,12,merchandise,Year 2010-2011,461313,575935,2011-11-13 11:20:00,United Kingdom,Year 2010-2011,461414,C575940,2011-11-13 11:38:00,United Kingdom,18.0,True
23309,17838,0.55,24,merchandise,Year 2010-2011,461314,575935,2011-11-13 11:20:00,United Kingdom,Year 2010-2011,461409,C575940,2011-11-13 11:38:00,United Kingdom,18.0,True
21876,17838,1.65,12,merchandise,Year 2010-2011,461315,575935,2011-11-13 11:20:00,United Kingdom,Year 2010-2011,461418,C575940,2011-11-13 11:38:00,United Kingdom,18.0,True
21875,17838,1.25,24,merchandise,Year 2010-2011,461316,575935,2011-11-13 11:20:00,United Kingdom,Year 2010-2011,461419,C575940,2011-11-13 11:38:00,United Kingdom,18.0,True
22689,13950,8.25,2,merchandise,Year 2010-2011,468573,576514,2011-11-15 12:13:00,United Kingdom,Year 2010-2011,468579,C576515,2011-11-15 12:16:00,United Kingdom,3.0,True
23462,13066,19.95,2,merchandise,Year 2010-2011,468782,576554,2011-11-15 12:57:00,United Kingdom,Year 2010-2011,469001,C576565,2011-11-15 13:39:00,United Kingdom,42.0,True
POST,12569,18.0,1,charge,Year 2010-2011,473287,576790,2011-11-16 13:59:00,Germany,Year 2010-2011,473313,C576816,2011-11-16 14:24:00,Germany,25.0,True
21843,12748,4.0,132,merchandise,Year 2010-2011,471158,576623,2011-11-15 17:12:00,United Kingdom,Year 2010-2011,473397,C576831,2011-11-16 14:56:00,United Kingdom,1304.0,True
23322,12748,2.55,40,merchandise,Year 2010-2011,471159,576623,2011-11-15 17:12:00,United Kingdom,Year 2010-2011,473391,C576831,2011-11-16 14:56:00,United Kingdom,1304.0,True
23056,12748,1.0,144,merchandise,Year 2010-2011,471160,576623,2011-11-15 17:12:00,United Kingdom,Year 2010-2011,473393,C576831,2011-11-16 14:56:00,United Kingdom,1304.0,True
23057,12748,1.0,144,merchandise,Year 2010-2011,471161,576623,2011-11-15 17:12:00,United Kingdom,Year 2010-2011,473392,C576831,2011-11-16 14:56:00,United Kingdom,1304.0,True
23055,12748,1.0,144,merchandise,Year 2010-2011,471162,576623,2011-11-15 17:12:00,United Kingdom,Year 2010-2011,473394,C576831,2011-11-16 14:56:00,United Kingdom,1304.0,True
22070,12748,0.5,234,merchandise,Year 2010-2011,471163,576623,2011-11-15 17:12:00,United Kingdom,Year 2010-2011,473396,C576831,2011-11-16 14:56:00,United Kingdom,1304.0,True
22071,12748,0.5,244,merchandise,Year 2010-2011,471164,576623,2011-11-15 17:12:00,United Kingdom,Year 2010-2011,473395,C576831,2011-11-16 14:56:00,United Kingdom,1304.0,True
23210,17613,1.25,20,merchandise,Year 2010-2011,475812,576917,2011-11-17 10:40:00,United Kingdom,Year 2010-2011,475848,C576921,2011-11-17 10:51:00,United Kingdom,11.0,True
M,15563,1.0,30,manual,Year 2010-2011,476633,577029,2011-11-17 12:59:00,United Kingdom,Year 2010-2011,477660,C577066,2011-11-17 14:49:00,United Kingdom,110.0,True
22827,15861,165.0,1,merchandise,Year 2010-2011,479083,577130,2011-11-17 19:58:00,United Kingdom,Year 2010-2011,479084,C577131,2011-11-17 20:01:00,United Kingdom,3.0,True
22699,14911,2.95,6,merchandise,Year 2010-2011,481234,577355,2011-11-18 15:53:00,EIRE,Year 2010-2011,481912,C577388,2011-11-18 16:58:00,EIRE,65.0,True
21846,13118,4.95,12,merchandise,Year 2010-2011,483642,577505,2011-11-20 12:37:00,United Kingdom,Year 2010-2011,483842,C577509,2011-11-20 12:46:00,United Kingdom,9.0,True
22751,18110,3.75,2,merchandise,Year 2010-2011,483371,577503,2011-11-20 12:34:00,United Kingdom,Year 2010-2011,483904,C577513,2011-11-20 12:59:00,United Kingdom,25.0,True
22835,18110,4.95,4,merchandise,Year 2010-2011,483396,577503,2011-11-20 12:34:00,United Kingdom,Year 2010-2011,483903,C577513,2011-11-20 12:59:00,United Kingdom,25.0,True
POST,12452,1.0,2,charge,Year 2010-2011,492256,578099,2011-11-23 08:05:00,Switzerland,Year 2010-2011,492498,C578122,2011-11-23 10:27:00,Switzerland,142.0,True
23300,17809,1.65,40,merchandise,Year 2010-2011,493889,578254,2011-11-23 12:52:00,United Kingdom,Year 2010-2011,493998,C578257,2011-11-23 13:00:00,United Kingdom,8.0,True
72807C,16660,3.81,120,merchandise,Year 2010-2011,493750,578249,2011-11-23 12:42:00,United Kingdom,Year 2010-2011,494059,C578259,2011-11-23 13:02:00,United Kingdom,20.0,True
23312,15993,4.15,1,merchandise,Year 2010-2011,493853,578251,2011-11-23 12:45:00,United Kingdom,Year 2010-2011,495934,C578342,2011-11-24 09:15:00,United Kingdom,1230.0,True
21843,15482,9.95,72,merchandise,Year 2010-2011,497285,578358,2011-11-24 10:35:00,United Kingdom,Year 2010-2011,497344,C578363,2011-11-24 10:40:00,United Kingdom,5.0,True
22197,15482,0.72,200,merchandise,Year 2010-2011,497286,578358,2011-11-24 10:35:00,United Kingdom,Year 2010-2011,497339,C578363,2011-11-24 10:40:00,United Kingdom,5.0,True
22070,15482,3.39,36,merchandise,Year 2010-2011,497287,578358,2011-11-24 10:35:00,United Kingdom,Year 2010-2011,497343,C578363,2011-11-24 10:40:00,United Kingdom,5.0,True
22423,15482,12.75,12,merchandise,Year 2010-2011,497288,578358,2011-11-24 10:35:00,United Kingdom,Year 2010-2011,497338,C578363,2011-11-24 10:40:00,United Kingdom,5.0,True
22804,15482,2.55,160,merchandise,Year 2010-2011,497289,578358,2011-11-24 10:35:00,United Kingdom,Year 2010-2011,497337,C578363,2011-11-24 10:40:00,United Kingdom,5.0,True
82494L,15482,2.55,48,merchandise,Year 2010-2011,497290,578358,2011-11-24 10:35:00,United Kingdom,Year 2010-2011,497334,C578363,2011-11-24 10:40:00,United Kingdom,5.0,True
22114,15482,3.75,24,merchandise,Year 2010-2011,497291,578358,2011-11-24 10:35:00,United Kingdom,Year 2010-2011,497340,C578363,2011-11-24 10:40:00,United Kingdom,5.0,True
23355,15482,4.15,24,merchandise,Year 2010-2011,497292,578358,2011-11-24 10:35:00,United Kingdom,Year 2010-2011,497335,C578363,2011-11-24 10:40:00,United Kingdom,5.0,True
22835,15482,4.25,24,merchandise,Year 2010-2011,497293,578358,2011-11-24 10:35:00,United Kingdom,Year 2010-2011,497336,C578363,2011-11-24 10:40:00,United Kingdom,5.0,True
22112,15482,4.25,24,merchandise,Year 2010-2011,497294,578358,2011-11-24 10:35:00,United Kingdom,Year 2010-2011,497341,C578363,2011-11-24 10:40:00,United Kingdom,5.0,True
21135,15482,0.4,288,merchandise,Year 2010-2011,497295,578358,2011-11-24 10:35:00,United Kingdom,Year 2010-2011,497345,C578363,2011-11-24 10:40:00,United Kingdom,5.0,True
22071,15482,1.0,36,merchandise,Year 2010-2011,497296,578358,2011-11-24 10:35:00,United Kingdom,Year 2010-2011,497342,C578363,2011-11-24 10:40:00,United Kingdom,5.0,True
22427,17811,5.45,12,merchandise,Year 2010-2011,507219,579170,2011-11-28 14:26:00,United Kingdom,Year 2010-2011,507290,C579172,2011-11-28 14:31:00,United Kingdom,5.0,True
22900,12657,3.25,6,merchandise,Year 2010-2011,507992,579190,2011-11-28 15:35:00,France,Year 2010-2011,508005,C579192,2011-11-28 15:43:00,France,8.0,True
22357,12657,4.25,4,merchandise,Year 2010-2011,507993,579190,2011-11-28 15:35:00,France,Year 2010-2011,508009,C579192,2011-11-28 15:43:00,France,8.0,True
22423,12657,12.75,10,merchandise,Year 2010-2011,507994,579190,2011-11-28 15:35:00,France,Year 2010-2011,508008,C579192,2011-11-28 15:43:00,France,8.0,True
22959,12657,0.42,250,merchandise,Year 2010-2011,507995,579190,2011-11-28 15:35:00,France,Year 2010-2011,508004,C579192,2011-11-28 15:43:00,France,8.0,True
22818,12657,0.42,72,merchandise,Year 2010-2011,507996,579190,2011-11-28 15:35:00,France,Year 2010-2011,508006,C579192,2011-11-28 15:43:00,France,8.0,True
23318,12657,2.49,20,merchandise,Year 2010-2011,507997,579190,2011-11-28 15:35:00,France,Year 2010-2011,508003,C579192,2011-11-28 15:43:00,France,8.0,True
22809,12657,2.95,12,merchandise,Year 2010-2011,507998,579190,2011-11-28 15:35:00,France,Year 2010-2011,508007,C579192,2011-11-28 15:43:00,France,8.0,True
POST,12657,18.0,4,charge,Year 2010-2011,507999,579190,2011-11-28 15:35:00,France,Year 2010-2011,508001,C579192,2011-11-28 15:43:00,France,8.0,True
23320,12657,2.89,12,merchandise,Year 2010-2011,508000,579190,2011-11-28 15:35:00,France,Year 2010-2011,508002,C579192,2011-11-28 15:43:00,France,8.0,True
71477,15621,3.29,24,merchandise,Year 2010-2011,507394,579183,2011-11-28 15:16:00,United Kingdom,Year 2010-2011,508709,C579266,2011-11-29 09:25:00,United Kingdom,1089.0,True
23139,12748,1.45,12,merchandise,Year 2010-2011,512868,579518,2011-11-29 18:05:00,United Kingdom,Year 2010-2011,512881,C579519,2011-11-29 18:11:00,United Kingdom,6.0,True
22840,12748,7.95,1,merchandise,Year 2010-2011,512882,579520,2011-11-29 18:14:00,United Kingdom,Year 2010-2011,512931,C579521,2011-11-29 18:19:00,United Kingdom,5.0,True
22307,12748,1.06,6,merchandise,Year 2010-2011,512885,579520,2011-11-29 18:14:00,United Kingdom,Year 2010-2011,512929,C579521,2011-11-29 18:19:00,United Kingdom,5.0,True
21843,12748,10.95,1,merchandise,Year 2010-2011,512912,579520,2011-11-29 18:14:00,United Kingdom,Year 2010-2011,512930,C579521,2011-11-29 18:19:00,United Kingdom,5.0,True
21108,17576,2.1,18,merchandise,Year 2010-2011,518925,580128,2011-12-01 17:56:00,United Kingdom,Year 2010-2011,518997,C580131,2011-12-01 18:12:00,United Kingdom,16.0,True
85034C,17576,4.25,12,merchandise,Year 2010-2011,518950,580128,2011-12-01 17:56:00,United Kingdom,Year 2010-2011,518998,C580131,2011-12-01 18:12:00,United Kingdom,16.0,True
23108,17949,3.39,24,merchandise,Year 2010-2011,519823,580169,2011-12-02 11:38:00,United Kingdom,Year 2010-2011,519825,C580171,2011-12-02 11:42:00,United Kingdom,4.0,True
23494,15525,5.95,1,merchandise,Year 2010-2011,534701,581166,2011-12-07 14:43:00,United Kingdom,Year 2010-2011,534967,C581178,2011-12-07 15:39:00,United Kingdom,56.0,True
23079,15525,8.95,1,merchandise,Year 2010-2011,534726,581166,2011-12-07 14:43:00,United Kingdom,Year 2010-2011,534966,C581178,2011-12-07 15:39:00,United Kingdom,56.0,True
16169E,15877,0.42,100,merchandise,Year 2010-2011,537592,581325,2011-12-08 11:53:00,United Kingdom,Year 2010-2011,537617,C581330,2011-12-08 11:57:00,United Kingdom,4.0,True
22959,15877,0.42,25,merchandise,Year 2010-2011,537593,581325,2011-12-08 11:53:00,United Kingdom,Year 2010-2011,537616,C581330,2011-12-08 11:57:00,United Kingdom,4.0,True
23843,16446,2.08,80995,merchandise,Year 2010-2011,540423,581483,2011-12-09 09:15:00,United Kingdom,Year 2010-2011,540424,C581484,2011-12-09 09:27:00,United Kingdom,12.0,True
