week_start,period,closure,sku,units,units_at_week_close,revenue
2009-12-07,selection,False,22423,0,0,0.0
2009-12-07,selection,False,85123A,3046,3046,8073.49
2009-12-07,selection,False,85099B,1233,1233,2105.8
2009-12-07,selection,False,84879,1189,1189,2005.6599999999994
2009-12-07,selection,False,22086,663,663,2143.0299999999997
2009-12-07,selection,False,47566,14,14,73.10000000000001
2009-12-07,selection,False,84347,37,37,191.29000000000002
2009-12-07,selection,False,48138,0,0,0.0
2009-12-07,selection,False,21843,105,105,1177.0
2009-12-07,selection,False,21621,20,20,178.85
2009-12-07,selection,False,85099F,388,388,671.3000000000001
2009-12-07,selection,False,15056N,743,743,2548.85
2009-12-07,selection,False,21232,988,988,1286.72
2009-12-07,selection,False,22386,0,0,0.0
2009-12-07,selection,False,20685,103,103,689.09
2009-12-07,selection,False,85099C,683,683,1151.8500000000001
2009-12-07,selection,False,20725,314,314,508.7
2009-12-07,selection,False,79321,175,175,809.93
2009-12-07,selection,False,21754,128,128,777.8599999999999
2009-12-07,selection,False,21931,242,242,481.84999999999985
2009-12-14,selection,False,22423,0,0,0.0
2009-12-14,selection,False,85123A,1258,1258,3535.8799999999983
2009-12-14,selection,False,85099B,1254,1254,2257.0
2009-12-14,selection,False,84879,1308,1308,2203.0199999999995
2009-12-14,selection,False,22086,572,572,2014.1800000000012
2009-12-14,selection,False,47566,52,52,269.8
2009-12-14,selection,False,84347,9,9,33.43
2009-12-14,selection,False,48138,2,2,13.5
2009-12-14,selection,False,21843,149,149,1720.8
2009-12-14,selection,False,21621,28,28,255.7
2009-12-14,selection,False,85099F,251,251,475.90000000000003
2009-12-14,selection,False,15056N,97,97,538.3
2009-12-14,selection,False,21232,1240,1240,1604.8799999999999
2009-12-14,selection,False,22386,0,0,0.0
2009-12-14,selection,False,20685,244,244,1439.88
2009-12-14,selection,False,85099C,137,137,274.20000000000005
2009-12-14,selection,False,20725,236,236,429.15000000000003
2009-12-14,selection,False,79321,173,173,821.31
2009-12-14,selection,False,21754,109,109,750.7900000000002
2009-12-14,selection,False,21931,384,384,707.5999999999999
2009-12-21,selection,False,22423,0,0,0.0
2009-12-21,selection,False,85123A,128,128,366.53999999999996
2009-12-21,selection,False,85099B,16,16,42.949999999999996
2009-12-21,selection,False,84879,50,50,133.2
2009-12-21,selection,False,22086,69,69,413.6700000000001
2009-12-21,selection,False,47566,1,1,8.65
2009-12-21,selection,False,84347,11,11,56.870000000000005
2009-12-21,selection,False,48138,1,1,13.87
2009-12-21,selection,False,21843,7,7,119.65
2009-12-21,selection,False,21621,13,13,110.5
2009-12-21,selection,False,85099F,1,1,1.95
2009-12-21,selection,False,15056N,12,12,71.4
2009-12-21,selection,False,21232,23,23,59.11
2009-12-21,selection,False,22386,0,0,0.0
2009-12-21,selection,False,20685,14,14,151.45999999999998
2009-12-21,selection,False,85099C,10,10,19.5
2009-12-21,selection,False,20725,11,11,20.8
2009-12-21,selection,False,79321,19,19,99.49
2009-12-21,selection,False,21754,15,15,113.97
2009-12-21,selection,False,21931,16,16,45.29999999999999
2009-12-28,selection,True,22423,0,0,0.0
2009-12-28,selection,True,85123A,0,0,0.0
2009-12-28,selection,True,85099B,0,0,0.0
2009-12-28,selection,True,84879,0,0,0.0
2009-12-28,selection,True,22086,0,0,0.0
2009-12-28,selection,True,47566,0,0,0.0
2009-12-28,selection,True,84347,0,0,0.0
2009-12-28,selection,True,48138,0,0,0.0
2009-12-28,selection,True,21843,0,0,0.0
2009-12-28,selection,True,21621,0,0,0.0
2009-12-28,selection,True,85099F,0,0,0.0
2009-12-28,selection,True,15056N,0,0,0.0
2009-12-28,selection,True,21232,0,0,0.0
2009-12-28,selection,True,22386,0,0,0.0
2009-12-28,selection,True,20685,0,0,0.0
2009-12-28,selection,True,85099C,0,0,0.0
2009-12-28,selection,True,20725,0,0,0.0
2009-12-28,selection,True,79321,0,0,0.0
2009-12-28,selection,True,21754,0,0,0.0
2009-12-28,selection,True,21931,0,0,0.0
2010-01-04,selection,False,22423,0,0,0.0
2010-01-04,selection,False,85123A,1577,1577,4114.549999999998
2010-01-04,selection,False,85099B,712,712,1208.3999999999999
2010-01-04,selection,False,84879,160,160,270.4
2010-01-04,selection,False,22086,0,0,0.0
2010-01-04,selection,False,47566,37,37,172.04999999999998
2010-01-04,selection,False,84347,0,0,0.0
2010-01-04,selection,False,48138,327,327,1569.25
2010-01-04,selection,False,21843,96,96,1003.1999999999999
2010-01-04,selection,False,21621,17,17,144.5
2010-01-04,selection,False,85099F,48,48,93.6
2010-01-04,selection,False,15056N,611,611,1865.45
2010-01-04,selection,False,21232,737,737,808.77
2010-01-04,selection,False,22386,0,0,0.0
2010-01-04,selection,False,20685,67,67,420.25
2010-01-04,selection,False,85099C,184,184,328.8
2010-01-04,selection,False,20725,294,294,445.1
2010-01-04,selection,False,79321,17,17,84.15
2010-01-04,selection,False,21754,46,46,273.70000000000005
2010-01-04,selection,False,21931,231,231,390.45000000000005
2010-01-11,selection,False,22423,0,0,0.0
2010-01-11,selection,False,85123A,845,845,2324.940000000001
2010-01-11,selection,False,85099B,879,879,1556.9599999999998
2010-01-11,selection,False,84879,209,209,496.01
2010-01-11,selection,False,22086,14,14,83.91
2010-01-11,selection,False,47566,64,64,328.52
2010-01-11,selection,False,84347,0,0,0.0
2010-01-11,selection,False,48138,184,184,1127.64
2010-01-11,selection,False,21843,24,24,283.8299999999999
2010-01-11,selection,False,21621,33,33,297.46000000000004
2010-01-11,selection,False,85099F,246,246,424.31
2010-01-11,selection,False,15056N,112,112,583.1700000000001
2010-01-11,selection,False,21232,366,366,516.2399999999999
2010-01-11,selection,False,22386,0,0,0.0
2010-01-11,selection,False,20685,86,86,630.6600000000001
2010-01-11,selection,False,85099C,449,449,786.6800000000001
2010-01-11,selection,False,20725,170,170,288.92999999999995
2010-01-11,selection,False,79321,23,23,139.95000000000002
2010-01-11,selection,False,21754,55,55,371.5300000000001
2010-01-11,selection,False,21931,260,260,474.75
2010-01-18,selection,False,22423,0,0,0.0
2010-01-18,selection,False,85123A,917,917,2551.069999999999
2010-01-18,selection,False,85099B,517,517,952.05
2010-01-18,selection,False,84879,737,737,1154.1299999999999
2010-01-18,selection,False,22086,3,3,11.809999999999999
2010-01-18,selection,False,47566,49,49,254.58999999999997
2010-01-18,selection,False,84347,9,9,45.53999999999999
2010-01-18,selection,False,48138,125,125,800.21
2010-01-18,selection,False,21843,43,43,457.1299999999998
2010-01-18,selection,False,21621,22,22,195.48000000000002
2010-01-18,selection,False,85099F,273,273,474.61
2010-01-18,selection,False,15056N,2,2,25.44
2010-01-18,selection,False,21232,453,453,559.23
2010-01-18,selection,False,22386,0,0,0.0
2010-01-18,selection,False,20685,47,47,377.45
2010-01-18,selection,False,85099C,92,92,186.18
2010-01-18,selection,False,20725,417,417,651.09
2010-01-18,selection,False,79321,0,0,0.0
2010-01-18,selection,False,21754,87,87,550.09
2010-01-18,selection,False,21931,189,189,345.33
2010-01-25,selection,False,22423,0,0,0.0
2010-01-25,selection,False,85123A,1364,1364,3687.8799999999997
2010-01-25,selection,False,85099B,404,404,780.4
2010-01-25,selection,False,84879,203,203,414.46999999999997
2010-01-25,selection,False,22086,0,0,0.0
2010-01-25,selection,False,47566,126,126,558.6399999999999
2010-01-25,selection,False,84347,1,1,5.06
2010-01-25,selection,False,48138,216,216,1360.86
2010-01-25,selection,False,21843,48,48,566.72
2010-01-25,selection,False,21621,26,26,221.0
2010-01-25,selection,False,85099F,120,120,240.77999999999997
2010-01-25,selection,False,15056N,17,17,101.15
2010-01-25,selection,False,21232,424,424,489.14
2010-01-25,selection,False,22386,114,114,192.3
2010-01-25,selection,False,20685,83,83,582.81
2010-01-25,selection,False,85099C,213,213,389.87
2010-01-25,selection,False,20725,274,274,444.90000000000003
2010-01-25,selection,False,79321,0,0,0.0
2010-01-25,selection,False,21754,124,124,740.4000000000002
2010-01-25,selection,False,21931,216,216,397.98
2010-02-01,selection,False,22423,0,0,0.0
2010-02-01,selection,False,85123A,677,677,1875.0700000000004
2010-02-01,selection,False,85099B,448,448,821.9000000000001
2010-02-01,selection,False,84879,226,226,393.9399999999999
2010-02-01,selection,False,22086,0,0,0.0
2010-02-01,selection,False,47566,43,43,215.23000000000005
2010-02-01,selection,False,84347,0,0,0.0
2010-02-01,selection,False,48138,107,107,688.45
2010-02-01,selection,False,21843,101,101,1038.2300000000002
2010-02-01,selection,False,21621,43,43,365.5
2010-02-01,selection,False,85099F,147,147,288.90999999999997
2010-02-01,selection,False,15056N,3,3,17.85
2010-02-01,selection,False,21232,382,382,505.58
2010-02-01,selection,False,22386,328,328,581.86
2010-02-01,selection,False,20685,324,324,1576.26
2010-02-01,selection,False,85099C,248,248,471.67999999999995
2010-02-01,selection,False,20725,186,186,310.58
2010-02-01,selection,False,79321,24,24,108.30000000000001
2010-02-01,selection,False,21754,55,55,345.01000000000005
2010-02-01,selection,False,21931,226,226,412.22
2010-02-08,selection,False,22423,0,0,0.0
2010-02-08,selection,False,85123A,574,574,1582.0999999999997
2010-02-08,selection,False,85099B,547,547,955.69
2010-02-08,selection,False,84879,512,512,788.4799999999999
2010-02-08,selection,False,22086,0,0,0.0
2010-02-08,selection,False,47566,51,51,256.25
2010-02-08,selection,False,84347,3,3,15.18
2010-02-08,selection,False,48138,105,105,719.6900000000002
2010-02-08,selection,False,21843,23,23,251.84999999999997
2010-02-08,selection,False,21621,17,17,144.5
2010-02-08,selection,False,85099F,167,167,302.42999999999995
2010-02-08,selection,False,15056N,13,13,84.12
2010-02-08,selection,False,21232,290,290,361.42
2010-02-08,selection,False,22386,244,244,477.44
2010-02-08,selection,False,20685,90,90,631.5
2010-02-08,selection,False,85099C,277,277,480.15000000000003
2010-02-08,selection,False,20725,183,183,322.42999999999995
2010-02-08,selection,False,79321,0,0,0.0
2010-02-08,selection,False,21754,93,93,562.11
2010-02-08,selection,False,21931,87,87,174.17
2010-02-15,selection,False,22423,0,0,0.0
2010-02-15,selection,False,85123A,669,669,1901.8700000000001
2010-02-15,selection,False,85099B,1004,1004,1756.8400000000001
2010-02-15,selection,False,84879,587,587,915.23
2010-02-15,selection,False,22086,0,0,0.0
2010-02-15,selection,False,47566,159,159,781.37
2010-02-15,selection,False,84347,0,0,0.0
2010-02-15,selection,False,48138,179,179,1228.7900000000006
2010-02-15,selection,False,21843,28,28,337.44
2010-02-15,selection,False,21621,85,85,739.46
2010-02-15,selection,False,85099F,578,578,990.66
2010-02-15,selection,False,15056N,16,16,101.97
2010-02-15,selection,False,21232,171,171,237.69000000000003
2010-02-15,selection,False,22386,510,510,894.8399999999999
2010-02-15,selection,False,20685,317,317,1759.2500000000002
2010-02-15,selection,False,85099C,521,521,902.7299999999999
2010-02-15,selection,False,20725,332,332,530.36
2010-02-15,selection,False,79321,1,1,4.95
2010-02-15,selection,False,21754,105,105,651.2700000000001
2010-02-15,selection,False,21931,293,293,520.3899999999999
2010-02-22,selection,False,22423,0,0,0.0
2010-02-22,selection,False,85123A,719,719,1958.7299999999993
2010-02-22,selection,False,85099B,613,613,1103.8700000000001
2010-02-22,selection,False,84879,286,286,507.2599999999999
2010-02-22,selection,False,22086,0,0,0.0
2010-02-22,selection,False,47566,79,79,390.27
2010-02-22,selection,False,84347,0,0,0.0
2010-02-22,selection,False,48138,91,91,635.9900000000001
2010-02-22,selection,False,21843,143,143,1500.6900000000003
2010-02-22,selection,False,21621,82,82,697.0
2010-02-22,selection,False,85099F,96,96,187.19999999999996
2010-02-22,selection,False,15056N,204,204,1027.8
2010-02-22,selection,False,21232,531,531,638.01
2010-02-22,selection,False,22386,530,530,937.5000000000001
2010-02-22,selection,False,20685,274,274,1611.5800000000002
2010-02-22,selection,False,85099C,159,159,332.69
2010-02-22,selection,False,20725,262,262,414.85999999999996
2010-02-22,selection,False,79321,0,0,0.0
2010-02-22,selection,False,21754,114,114,672.1400000000002
2010-02-22,selection,False,21931,230,230,413.28
2010-03-01,selection,False,22423,0,0,0.0
2010-03-01,selection,False,85123A,766,766,2069.5
2010-03-01,selection,False,85099B,724,724,1282.1400000000003
2010-03-01,selection,False,84879,527,527,850.31
2010-03-01,selection,False,22086,3,3,11.81
2010-03-01,selection,False,47566,68,68,388.78000000000003
2010-03-01,selection,False,84347,0,0,0.0
2010-03-01,selection,False,48138,143,143,963.9900000000002
2010-03-01,selection,False,21843,30,30,328.49999999999994
2010-03-01,selection,False,21621,43,43,365.5
2010-03-01,selection,False,85099F,415,415,730.5500000000001
2010-03-01,selection,False,15056N,185,185,970.2900000000001
2010-03-01,selection,False,21232,724,724,848.1800000000001
2010-03-01,selection,False,22386,276,276,519.5
2010-03-01,selection,False,20685,72,72,498.28000000000003
2010-03-01,selection,False,85099C,409,409,706.0699999999999
2010-03-01,selection,False,20725,279,279,445.46999999999997
2010-03-01,selection,False,79321,2,2,9.9
2010-03-01,selection,False,21754,147,147,898.0900000000003
2010-03-01,selection,False,21931,218,218,410.92
2010-03-08,selection,False,22423,0,0,0.0
2010-03-08,selection,False,85123A,848,848,2365.8400000000006
2010-03-08,selection,False,85099B,760,760,1324.6000000000001
2010-03-08,selection,False,84879,669,669,1063.81
2010-03-08,selection,False,22086,0,0,0.0
2010-03-08,selection,False,47566,262,262,1152.32
2010-03-08,selection,False,84347,0,0,0.0
2010-03-08,selection,False,48138,138,138,908.22
2010-03-08,selection,False,21843,25,25,314.87
2010-03-08,selection,False,21621,29,29,271.94
2010-03-08,selection,False,85099F,159,159,284.57
2010-03-08,selection,False,15056N,97,97,523.9200000000002
2010-03-08,selection,False,21232,361,361,455.81
2010-03-08,selection,False,22386,185,185,346.5699999999999
2010-03-08,selection,False,20685,83,83,583.67
2010-03-08,selection,False,85099C,163,163,287.84999999999997
2010-03-08,selection,False,20725,327,327,529.79
2010-03-08,selection,False,79321,0,0,0.0
2010-03-08,selection,False,21754,109,109,680.9900000000004
2010-03-08,selection,False,21931,337,337,610.7099999999998
2010-03-15,selection,False,22423,200,200,2511.24
2010-03-15,selection,False,85123A,1478,1478,3899.7
2010-03-15,selection,False,85099B,465,465,878.3900000000001
2010-03-15,selection,False,84879,423,423,798.3099999999995
2010-03-15,selection,False,22086,12,12,35.400000000000006
2010-03-15,selection,False,47566,219,219,991.0899999999999
2010-03-15,selection,False,84347,0,0,0.0
2010-03-15,selection,False,48138,151,151,1014.7100000000003
2010-03-15,selection,False,21843,77,77,825.4299999999998
2010-03-15,selection,False,21621,77,77,654.5
2010-03-15,selection,False,85099F,293,293,518.13
2010-03-15,selection,False,15056N,77,77,404.92000000000013
2010-03-15,selection,False,21232,597,597,692.97
2010-03-15,selection,False,22386,119,119,234.30999999999997
2010-03-15,selection,False,20685,104,104,718.1600000000003
2010-03-15,selection,False,85099C,169,169,334.07
2010-03-15,selection,False,20725,385,385,599.6500000000001
2010-03-15,selection,False,79321,0,0,0.0
2010-03-15,selection,False,21754,94,94,579.9
2010-03-15,selection,False,21931,346,346,621.4799999999999
2010-03-22,selection,False,22423,300,300,3599.5999999999995
2010-03-22,selection,False,85123A,788,788,2141.960000000001
2010-03-22,selection,False,85099B,690,690,1254.88
2010-03-22,selection,False,84879,600,600,751.5999999999998
2010-03-22,selection,False,22086,0,0,0.0
2010-03-22,selection,False,47566,207,207,985.4699999999999
2010-03-22,selection,False,84347,0,0,0.0
2010-03-22,selection,False,48138,133,133,911.0500000000003
2010-03-22,selection,False,21843,77,77,825.9899999999999
2010-03-22,selection,False,21621,56,56,476.0
2010-03-22,selection,False,85099F,256,256,485.02
2010-03-22,selection,False,15056N,33,33,196.35
2010-03-22,selection,False,21232,296,296,371.44
2010-03-22,selection,False,22386,427,427,774.9100000000002
2010-03-22,selection,False,20685,29,29,229.36999999999992
2010-03-22,selection,False,85099C,396,396,691.24
2010-03-22,selection,False,20725,157,157,269.28999999999996
2010-03-22,selection,False,79321,0,0,0.0
2010-03-22,selection,False,21754,91,91,553.2899999999998
2010-03-22,selection,False,21931,461,461,817.9900000000001
2010-03-29,selection,False,22423,182,182,3044.019999999999
2010-03-29,selection,False,85123A,900,900,3036.12
2010-03-29,selection,False,85099B,388,388,729.68
2010-03-29,selection,False,84879,323,323,543.95
2010-03-29,selection,False,22086,2,2,11.82
2010-03-29,selection,False,47566,149,149,1210.7299999999998
2010-03-29,selection,False,84347,0,0,0.0
2010-03-29,selection,False,48138,49,49,362.25
2010-03-29,selection,False,21843,34,34,382.57999999999987
2010-03-29,selection,False,21621,30,30,280.44
2010-03-29,selection,False,85099F,334,334,600.3399999999999
2010-03-29,selection,False,15056N,19,19,126.59
2010-03-29,selection,False,21232,283,283,355.43
2010-03-29,selection,False,22386,321,321,839.11
2010-03-29,selection,False,20685,35,35,275.83
2010-03-29,selection,False,85099C,84,84,177.35999999999999
2010-03-29,selection,False,20725,325,325,673.3300000000002
2010-03-29,selection,False,79321,450,450,1783.4999999999995
2010-03-29,selection,False,21754,57,57,355.40999999999997
2010-03-29,selection,False,21931,235,235,420.03
2010-04-05,selection,False,22423,214,214,2623.839999999999
2010-04-05,selection,False,85123A,909,909,2420.0299999999993
2010-04-05,selection,False,85099B,416,416,764.76
2010-04-05,selection,False,84879,736,736,1357.4399999999998
2010-04-05,selection,False,22086,0,0,0.0
2010-04-05,selection,False,47566,169,169,838.8100000000003
2010-04-05,selection,False,84347,6,6,15.299999999999999
2010-04-05,selection,False,48138,123,123,861.2700000000002
2010-04-05,selection,False,21843,155,155,1587.53
2010-04-05,selection,False,21621,96,96,832.96
2010-04-05,selection,False,85099F,271,271,479.75
2010-04-05,selection,False,15056N,222,222,1161.21
2010-04-05,selection,False,21232,215,215,295.39
2010-04-05,selection,False,22386,164,164,294.32
2010-04-05,selection,False,20685,81,81,576.2900000000001
2010-04-05,selection,False,85099C,175,175,313.51000000000005
2010-04-05,selection,False,20725,288,288,457.75999999999993
2010-04-05,selection,False,79321,216,216,960.8999999999999
2010-04-05,selection,False,21754,45,45,303.27
2010-04-05,selection,False,21931,61,61,121.21000000000001
2010-04-12,selection,False,22423,273,273,3192.75
2010-04-12,selection,False,85123A,848,848,2259.4000000000005
2010-04-12,selection,False,85099B,997,997,1704.1500000000003
2010-04-12,selection,False,84879,453,453,727.1699999999998
2010-04-12,selection,False,22086,0,0,0.0
2010-04-12,selection,False,47566,265,265,1124.25
2010-04-12,selection,False,84347,0,0,0.0
2010-04-12,selection,False,48138,117,117,796.53
2010-04-12,selection,False,21843,42,42,459.9
2010-04-12,selection,False,21621,125,125,1062.5
2010-04-12,selection,False,85099F,275,275,476.2500000000001
2010-04-12,selection,False,15056N,52,52,309.40000000000003
2010-04-12,selection,False,21232,212,212,249.04000000000002
2010-04-12,selection,False,22386,198,198,356.1
2010-04-12,selection,False,20685,0,0,0.0
2010-04-12,selection,False,85099C,468,468,792.6
2010-04-12,selection,False,20725,357,357,544.2500000000001
2010-04-12,selection,False,79321,91,91,396.87
2010-04-12,selection,False,21754,78,78,455.09999999999997
2010-04-12,selection,False,21931,153,153,268.35
2010-04-19,selection,False,22423,314,314,3992.46
2010-04-19,selection,False,85123A,696,696,1961.0400000000006
2010-04-19,selection,False,85099B,575,575,1076.45
2010-04-19,selection,False,84879,480,480,829.4399999999998
2010-04-19,selection,False,22086,1,1,2.95
2010-04-19,selection,False,47566,486,486,2314.02
2010-04-19,selection,False,84347,0,0,0.0
2010-04-19,selection,False,48138,182,182,1230.1800000000003
2010-04-19,selection,False,21843,34,34,413.4199999999999
2010-04-19,selection,False,21621,100,100,889.2500000000001
2010-04-19,selection,False,85099F,508,508,932.24
2010-04-19,selection,False,15056N,161,161,892.1100000000001
2010-04-19,selection,False,21232,455,455,550.87
2010-04-19,selection,False,22386,188,188,377.16
2010-04-19,selection,False,20685,2,2,27.14
2010-04-19,selection,False,85099C,357,357,658.7499999999999
2010-04-19,selection,False,20725,267,267,444.3899999999999
2010-04-19,selection,False,79321,116,116,533.4799999999999
2010-04-19,selection,False,21754,66,66,451.90000000000003
2010-04-19,selection,False,21931,338,338,617.18
2010-04-26,selection,False,22423,225,225,2963.49
2010-04-26,selection,False,85123A,1050,1050,2893.8199999999993
2010-04-26,selection,False,85099B,1469,1469,2605.8500000000004
2010-04-26,selection,False,84879,919,919,1512.3099999999995
2010-04-26,selection,False,22086,0,0,0.0
2010-04-26,selection,False,47566,408,408,2068.0600000000004
2010-04-26,selection,False,84347,0,0,0.0
2010-04-26,selection,False,48138,222,222,1503.9400000000005
2010-04-26,selection,False,21843,82,82,894.46
2010-04-26,selection,False,21621,185,185,1475.98
2010-04-26,selection,False,85099F,784,784,1378.8000000000002
2010-04-26,selection,False,15056N,116,116,691.1300000000001
2010-04-26,selection,False,21232,386,386,504.09999999999997
2010-04-26,selection,False,22386,326,326,560.9599999999999
2010-04-26,selection,False,20685,8,8,59.92
2010-04-26,selection,False,85099C,494,494,873.3000000000001
2010-04-26,selection,False,20725,304,304,519.52
2010-04-26,selection,False,79321,51,51,283.77000000000004
2010-04-26,selection,False,21754,94,94,559.3
2010-04-26,selection,False,21931,355,355,617.5899999999999
2010-05-03,selection,False,22423,191,191,2373.79
2010-05-03,selection,False,85123A,671,671,1865.7700000000004
2010-05-03,selection,False,85099B,822,822,1421.46
2010-05-03,selection,False,84879,342,342,577.9799999999999
2010-05-03,selection,False,22086,40,40,102.0
2010-05-03,selection,False,47566,544,544,2420.060000000001
2010-05-03,selection,False,84347,0,0,0.0
2010-05-03,selection,False,48138,78,78,562.9400000000002
2010-05-03,selection,False,21843,35,35,389.5299999999999
2010-05-03,selection,False,21621,97,97,849.94
2010-05-03,selection,False,85099F,379,379,651.31
2010-05-03,selection,False,15056N,30,30,205.57999999999996
2010-05-03,selection,False,21232,634,634,735.6200000000001
2010-05-03,selection,False,22386,531,531,914.75
2010-05-03,selection,False,20685,102,102,702.4200000000001
2010-05-03,selection,False,85099C,198,198,356.1
2010-05-03,selection,False,20725,441,441,688.77
2010-05-03,selection,False,79321,50,50,247.50000000000003
2010-05-03,selection,False,21754,101,101,603.7900000000003
2010-05-03,selection,False,21931,263,263,467.11
2010-05-10,selection,False,22423,119,119,1481.81
2010-05-10,selection,False,85123A,1046,1046,2802.179999999999
2010-05-10,selection,False,85099B,957,957,1681.01
2010-05-10,selection,False,84879,699,699,1154.9099999999996
2010-05-10,selection,False,22086,6,6,17.700000000000003
2010-05-10,selection,False,47566,422,422,1784.2400000000002
2010-05-10,selection,False,84347,0,0,0.0
2010-05-10,selection,False,48138,161,161,1104.0500000000006
2010-05-10,selection,False,21843,61,61,640.51
2010-05-10,selection,False,21621,107,107,926.46
2010-05-10,selection,False,85099F,337,337,612.9700000000001
2010-05-10,selection,False,15056N,154,154,877.5400000000002
2010-05-10,selection,False,21232,684,684,798.12
2010-05-10,selection,False,22386,270,270,501.01999999999987
2010-05-10,selection,False,20685,146,146,1009.9400000000003
2010-05-10,selection,False,85099C,387,387,669.17
2010-05-10,selection,False,20725,487,487,751.23
2010-05-10,selection,False,79321,16,16,79.2
2010-05-10,selection,False,21754,105,105,645.3500000000004
2010-05-10,selection,False,21931,152,152,300.91999999999996
2010-05-17,selection,False,22423,26,26,382.46000000000004
2010-05-17,selection,False,85123A,1228,1228,3300.2799999999997
2010-05-17,selection,False,85099B,621,621,1109.0300000000002
2010-05-17,selection,False,84879,283,283,478.26999999999987
2010-05-17,selection,False,22086,6,6,17.700000000000003
2010-05-17,selection,False,47566,400,400,1923.38
2010-05-17,selection,False,84347,0,0,0.0
2010-05-17,selection,False,48138,115,115,758.7500000000001
2010-05-17,selection,False,21843,49,49,535.2099999999998
2010-05-17,selection,False,21621,107,107,917.97
2010-05-17,selection,False,85099F,310,310,544.5
2010-05-17,selection,False,15056N,93,93,513.6600000000001
2010-05-17,selection,False,21232,216,216,270.18
2010-05-17,selection,False,22386,512,512,812.92
2010-05-17,selection,False,20685,75,75,528.31
2010-05-17,selection,False,85099C,93,93,203.95
2010-05-17,selection,False,20725,255,255,428.99000000000007
2010-05-17,selection,False,79321,79,79,364.71000000000004
2010-05-17,selection,False,21754,74,74,452.14
2010-05-17,selection,False,21931,196,196,319.46000000000004
2010-05-24,selection,False,22423,15,15,383.27000000000004
2010-05-24,selection,False,85123A,942,942,2549.059999999999
2010-05-24,selection,False,85099B,740,740,1345.6000000000004
2010-05-24,selection,False,84879,552,552,918.4799999999998
2010-05-24,selection,False,22086,0,0,0.0
2010-05-24,selection,False,47566,666,666,3045.480000000001
2010-05-24,selection,False,84347,0,0,0.0
2010-05-24,selection,False,48138,156,156,1040.7600000000002
2010-05-24,selection,False,21843,92,92,1019.0899999999998
2010-05-24,selection,False,21621,211,211,1688.5
2010-05-24,selection,False,85099F,493,493,880.39
2010-05-24,selection,False,15056N,97,97,632.24
2010-05-24,selection,False,21232,515,515,642.25
2010-05-24,selection,False,22386,259,259,497.6499999999999
2010-05-24,selection,False,20685,59,59,431.27
2010-05-24,selection,False,85099C,172,172,342.1799999999999
2010-05-24,selection,False,20725,664,664,1043.2800000000002
2010-05-24,selection,False,79321,65,65,288.15
2010-05-24,selection,False,21754,87,87,529.4900000000001
2010-05-24,selection,False,21931,248,248,471.67999999999984
2010-05-31,selection,False,22423,93,93,1290.45
2010-05-31,selection,False,85123A,545,545,1540.9400000000003
2010-05-31,selection,False,85099B,614,614,1122.5
2010-05-31,selection,False,84879,309,309,522.21
2010-05-31,selection,False,22086,4,4,11.8
2010-05-31,selection,False,47566,291,291,1408.3100000000002
2010-05-31,selection,False,84347,3,3,15.18
2010-05-31,selection,False,48138,150,150,1004.1800000000001
2010-05-31,selection,False,21843,60,60,678.7499999999999
2010-05-31,selection,False,21621,103,103,883.98
2010-05-31,selection,False,85099F,251,251,463.96999999999997
2010-05-31,selection,False,15056N,108,108,596.0500000000001
2010-05-31,selection,False,21232,186,186,250.14
2010-05-31,selection,False,22386,236,236,455.06
2010-05-31,selection,False,20685,40,40,295.03999999999996
2010-05-31,selection,False,85099C,87,87,176.43
2010-05-31,selection,False,20725,260,260,437.15999999999997
2010-05-31,selection,False,79321,29,29,143.55
2010-05-31,selection,False,21754,66,66,428.21999999999997
2010-05-31,selection,False,21931,112,112,225.17999999999998
2010-06-07,selection,False,22423,432,432,5214.759999999998
2010-06-07,selection,False,85123A,1596,1596,4245.7999999999965
2010-06-07,selection,False,85099B,937,937,1720.7900000000004
2010-06-07,selection,False,84879,256,256,432.64
2010-06-07,selection,False,22086,3,3,11.81
2010-06-07,selection,False,47566,716,716,3233.52
2010-06-07,selection,False,84347,0,0,0.0
2010-06-07,selection,False,48138,115,115,805.1100000000001
2010-06-07,selection,False,21843,300,300,2529.3199999999993
2010-06-07,selection,False,21621,194,194,1703.1100000000001
2010-06-07,selection,False,85099F,308,308,575.16
2010-06-07,selection,False,15056N,207,207,1165.8100000000002
2010-06-07,selection,False,21232,469,469,583.9099999999999
2010-06-07,selection,False,22386,429,429,773.59
2010-06-07,selection,False,20685,58,58,406.3
2010-06-07,selection,False,85099C,188,188,356.94
2010-06-07,selection,False,20725,368,368,599.9999999999999
2010-06-07,selection,False,79321,220,220,959.8199999999999
2010-06-07,selection,False,21754,72,72,440.23999999999995
2010-06-07,selection,False,21931,240,240,472.5999999999999
2010-06-14,selection,False,22423,393,393,4556.049999999998
2010-06-14,selection,False,85123A,578,578,1601.74
2010-06-14,selection,False,85099B,486,486,910.3000000000001
2010-06-14,selection,False,84879,409,409,664.81
2010-06-14,selection,False,22086,20,20,59.0
2010-06-14,selection,False,47566,142,142,744.5
2010-06-14,selection,False,84347,0,0,0.0
2010-06-14,selection,False,48138,80,80,574.8800000000001
2010-06-14,selection,False,21843,40,40,434.55999999999995
2010-06-14,selection,False,21621,145,145,1261.17
2010-06-14,selection,False,85099F,139,139,282.34999999999997
2010-06-14,selection,False,15056N,223,223,1187.47
2010-06-14,selection,False,21232,620,620,711.8199999999999
2010-06-14,selection,False,22386,252,252,465.92
2010-06-14,selection,False,20685,72,72,516.58
2010-06-14,selection,False,85099C,146,146,259.22
2010-06-14,selection,False,20725,229,229,395.76999999999987
2010-06-14,selection,False,79321,25,25,123.75
2010-06-14,selection,False,21754,87,87,517.4100000000001
2010-06-14,selection,False,21931,130,130,264.79999999999995
2010-06-21,selection,False,22423,162,162,2252.32
2010-06-21,selection,False,85123A,749,749,2066.83
2010-06-21,selection,False,85099B,631,631,1188.2200000000003
2010-06-21,selection,False,84879,244,244,436.35999999999996
2010-06-21,selection,False,22086,305,305,782.71
2010-06-21,selection,False,47566,52,52,440.44000000000005
2010-06-21,selection,False,84347,0,0,0.0
2010-06-21,selection,False,48138,138,138,940.44
2010-06-21,selection,False,21843,47,47,586.6099999999998
2010-06-21,selection,False,21621,92,92,815.9200000000001
2010-06-21,selection,False,85099F,419,419,767.61
2010-06-21,selection,False,15056N,88,88,498.99
2010-06-21,selection,False,21232,413,413,505.27
2010-06-21,selection,False,22386,320,320,621.1199999999999
2010-06-21,selection,False,20685,122,122,847.0
2010-06-21,selection,False,85099C,260,260,473.55999999999995
2010-06-21,selection,False,20725,451,451,774.9599999999998
2010-06-21,selection,False,79321,35,35,178.47000000000003
2010-06-21,selection,False,21754,38,38,243.86
2010-06-21,selection,False,21931,243,243,452.9999999999999
2010-06-28,selection,False,22423,330,330,3862.7400000000002
2010-06-28,selection,False,85123A,819,819,2218.05
2010-06-28,selection,False,85099B,1145,1145,2042.35
2010-06-28,selection,False,84879,532,532,839.56
2010-06-28,selection,False,22086,2,2,5.9
2010-06-28,selection,False,47566,51,51,321.19000000000005
2010-06-28,selection,False,84347,6,6,15.299999999999999
2010-06-28,selection,False,48138,117,117,790.9300000000001
2010-06-28,selection,False,21843,52,52,565.96
2010-06-28,selection,False,21621,194,194,1654.33
2010-06-28,selection,False,85099F,744,744,1281.6599999999999
2010-06-28,selection,False,15056N,182,182,971.7500000000001
2010-06-28,selection,False,21232,502,502,592.76
2010-06-28,selection,False,22386,368,368,696.6400000000001
2010-06-28,selection,False,20685,44,44,318.1599999999999
2010-06-28,selection,False,85099C,655,655,1131.7700000000002
2010-06-28,selection,False,20725,356,356,599.9899999999999
2010-06-28,selection,False,79321,22,22,106.10000000000001
2010-06-28,selection,False,21754,78,78,475.94
2010-06-28,selection,False,21931,389,389,707.5900000000001
2010-07-05,selection,False,22423,142,142,1966.1600000000003
2010-07-05,selection,False,85123A,719,719,1961.85
2010-07-05,selection,False,85099B,678,678,1359.82
2010-07-05,selection,False,84879,874,874,1385.8599999999994
2010-07-05,selection,False,22086,14,14,47.22
2010-07-05,selection,False,47566,52,52,241.8
2010-07-05,selection,False,84347,2,2,10.12
2010-07-05,selection,False,48138,81,81,549.69
2010-07-05,selection,False,21843,20,20,260.11999999999995
2010-07-05,selection,False,21621,113,113,1045.3000000000002
2010-07-05,selection,False,85099F,595,595,1067.37
2010-07-05,selection,False,15056N,219,219,1186.8100000000002
2010-07-05,selection,False,21232,420,420,508.97999999999996
2010-07-05,selection,False,22386,331,331,601.27
2010-07-05,selection,False,20685,71,71,477.2700000000001
2010-07-05,selection,False,85099C,387,387,666.9100000000001
2010-07-05,selection,False,20725,181,181,306.89
2010-07-05,selection,False,79321,88,88,390.42
2010-07-05,selection,False,21754,90,90,535.2600000000001
2010-07-05,selection,False,21931,163,163,338.1899999999998
2010-07-12,selection,False,22423,142,142,1915.2000000000003
2010-07-12,selection,False,85123A,1247,1247,3317.3699999999967
2010-07-12,selection,False,85099B,835,835,1466.3299999999997
2010-07-12,selection,False,84879,384,384,646.56
2010-07-12,selection,False,22086,3,3,8.850000000000001
2010-07-12,selection,False,47566,44,44,319.20000000000005
2010-07-12,selection,False,84347,1,1,5.06
2010-07-12,selection,False,48138,408,408,2080.32
2010-07-12,selection,False,21843,29,29,327.82999999999987
2010-07-12,selection,False,21621,100,100,858.48
2010-07-12,selection,False,85099F,359,359,658.13
2010-07-12,selection,False,15056N,46,46,294.01
2010-07-12,selection,False,21232,668,668,780.4599999999999
2010-07-12,selection,False,22386,240,240,442.5199999999999
2010-07-12,selection,False,20685,54,54,358.86
2010-07-12,selection,False,85099C,210,210,384.02
2010-07-12,selection,False,20725,525,525,815.05
2010-07-12,selection,False,79321,2,2,9.9
2010-07-12,selection,False,21754,63,63,383.6100000000001
2010-07-12,selection,False,21931,400,400,696.7800000000002
2010-07-19,selection,False,22423,454,454,5620.179999999997
2010-07-19,selection,False,85123A,1168,1168,3022.4800000000005
2010-07-19,selection,False,85099B,1218,1218,2137.66
2010-07-19,selection,False,84879,1043,1043,1678.1899999999998
2010-07-19,selection,False,22086,10,10,29.5
2010-07-19,selection,False,47566,52,52,329.66
2010-07-19,selection,False,84347,35,35,131.92000000000002
2010-07-19,selection,False,48138,66,66,478.48000000000013
2010-07-19,selection,False,21843,81,81,873.2299999999999
2010-07-19,selection,False,21621,45,45,390.98
2010-07-19,selection,False,85099F,546,546,985.9999999999999
2010-07-19,selection,False,15056N,87,87,579.1700000000001
2010-07-19,selection,False,21232,419,419,501.43
2010-07-19,selection,False,22386,719,719,1258.8300000000002
2010-07-19,selection,False,20685,84,84,583.5600000000002
2010-07-19,selection,False,85099C,366,366,700.0600000000001
2010-07-19,selection,False,20725,467,467,740.7899999999997
2010-07-19,selection,False,79321,8,8,50.040000000000006
2010-07-19,selection,False,21754,64,64,389.56000000000006
2010-07-19,selection,False,21931,432,432,786.9200000000002
2010-07-26,selection,False,22423,534,534,6272.399999999998
2010-07-26,selection,False,85123A,582,582,1617.54
2010-07-26,selection,False,85099B,598,598,1186.44
2010-07-26,selection,False,84879,461,461,779.0899999999999
2010-07-26,selection,False,22086,128,128,348.55999999999995
2010-07-26,selection,False,47566,34,34,287.98
2010-07-26,selection,False,84347,12,12,30.599999999999998
2010-07-26,selection,False,48138,375,375,1892.63
2010-07-26,selection,False,21843,163,163,1376.3300000000004
2010-07-26,selection,False,21621,27,27,246.46
2010-07-26,selection,False,85099F,356,356,680.87
2010-07-26,selection,False,15056N,25,25,169.06
2010-07-26,selection,False,21232,433,433,507.77
2010-07-26,selection,False,22386,171,171,340.22999999999996
2010-07-26,selection,False,20685,87,87,590.1700000000001
2010-07-26,selection,False,85099C,234,234,432.52
2010-07-26,selection,False,20725,431,431,701.3900000000001
2010-07-26,selection,False,79321,5,5,40.410000000000004
2010-07-26,selection,False,21754,87,87,514.5699999999999
2010-07-26,selection,False,21931,200,200,403.56
2010-08-02,selection,False,22423,274,274,3413.779999999999
2010-08-02,selection,False,85123A,547,547,1507.3300000000006
2010-08-02,selection,False,85099B,716,716,1323.58
2010-08-02,selection,False,84879,648,648,1095.12
2010-08-02,selection,False,22086,136,136,356.16
2010-08-02,selection,False,47566,57,57,475.15000000000003
2010-08-02,selection,False,84347,47,47,129.89000000000001
2010-08-02,selection,False,48138,40,40,309.02
2010-08-02,selection,False,21843,109,109,1131.83
2010-08-02,selection,False,21621,51,51,441.98
2010-08-02,selection,False,85099F,308,308,578.1599999999999
2010-08-02,selection,False,15056N,98,98,543.41
2010-08-02,selection,False,21232,231,231,283.89
2010-08-02,selection,False,22386,344,344,635.5799999999999
2010-08-02,selection,False,20685,62,62,432.6600000000001
2010-08-02,selection,False,85099C,140,140,276.03999999999996
2010-08-02,selection,False,20725,654,654,1024.2200000000003
2010-08-02,selection,False,79321,17,17,89.37
2010-08-02,selection,False,21754,82,82,505.65999999999997
2010-08-02,selection,False,21931,166,166,316.22
2010-08-09,selection,False,22423,143,143,2131.79
2010-08-09,selection,False,85123A,725,725,2108.800000000001
2010-08-09,selection,False,85099B,905,905,1957.9300000000005
2010-08-09,selection,False,84879,750,750,1143.18
2010-08-09,selection,False,22086,74,74,222.64000000000001
2010-08-09,selection,False,47566,188,188,1696.4900000000002
2010-08-09,selection,False,84347,24,24,70.43
2010-08-09,selection,False,48138,32,32,242.16000000000003
2010-08-09,selection,False,21843,42,42,435.9
2010-08-09,selection,False,21621,85,85,828.51
2010-08-09,selection,False,85099F,1254,1254,2439.76
2010-08-09,selection,False,15056N,111,111,601.9900000000001
2010-08-09,selection,False,21232,428,428,647.77
2010-08-09,selection,False,22386,460,460,1172.57
2010-08-09,selection,False,20685,105,105,852.6600000000001
2010-08-09,selection,False,85099C,435,435,918.23
2010-08-09,selection,False,20725,588,588,1445.13
2010-08-09,selection,False,79321,45,45,205.95000000000002
2010-08-09,selection,False,21754,105,105,618.5900000000001
2010-08-09,selection,False,21931,478,478,1478.5499999999997
2010-08-16,selection,False,22423,193,193,2408.71
2010-08-16,selection,False,85123A,1668,1668,4352.5999999999985
2010-08-16,selection,False,85099B,159,159,291.35
2010-08-16,selection,False,84879,664,664,1057.36
2010-08-16,selection,False,22086,19,19,56.05000000000001
2010-08-16,selection,False,47566,351,351,3220.36
2010-08-16,selection,False,84347,36,36,91.8
2010-08-16,selection,False,48138,55,55,384.69000000000005
2010-08-16,selection,False,21843,41,41,424.94999999999993
2010-08-16,selection,False,21621,100,100,875.44
2010-08-16,selection,False,85099F,309,309,556.11
2010-08-16,selection,False,15056N,157,157,861.5400000000001
2010-08-16,selection,False,21232,368,368,465.21999999999997
2010-08-16,selection,False,22386,377,377,688.7099999999999
2010-08-16,selection,False,20685,52,52,350.82000000000005
2010-08-16,selection,False,85099C,414,414,721.82
2010-08-16,selection,False,20725,780,780,1230.04
2010-08-16,selection,False,79321,37,37,166.35
2010-08-16,selection,False,21754,85,85,517.51
2010-08-16,selection,False,21931,510,510,913.54
2010-08-23,selection,False,22423,235,235,2937.0099999999993
2010-08-23,selection,False,85123A,1106,1106,3007.419999999999
2010-08-23,selection,False,85099B,1,1,1.95
2010-08-23,selection,False,84879,976,976,1535.1999999999996
2010-08-23,selection,False,22086,27,27,88.53000000000002
2010-08-23,selection,False,47566,9,9,76.23
2010-08-23,selection,False,84347,60,60,153.0
2010-08-23,selection,False,48138,84,84,579.1
2010-08-23,selection,False,21843,146,146,1179.9000000000003
2010-08-23,selection,False,21621,45,45,390.98
2010-08-23,selection,False,85099F,434,434,825.3399999999999
2010-08-23,selection,False,15056N,202,202,1148.67
2010-08-23,selection,False,21232,343,343,421.37
2010-08-23,selection,False,22386,338,338,661.36
2010-08-23,selection,False,20685,53,53,362.77
2010-08-23,selection,False,85099C,372,372,699.92
2010-08-23,selection,False,20725,320,320,511.11999999999995
2010-08-23,selection,False,79321,70,70,307.3
2010-08-23,selection,False,21754,175,175,1013.4900000000004
2010-08-23,selection,False,21931,344,344,649.8400000000001
2010-08-30,selection,False,22423,392,392,4622.5199999999995
2010-08-30,selection,False,85123A,557,557,1585.8100000000006
2010-08-30,selection,False,85099B,1898,1898,3219.0899999999997
2010-08-30,selection,False,84879,915,915,1481.5499999999997
2010-08-30,selection,False,22086,3,3,20.31
2010-08-30,selection,False,47566,8,8,67.76
2010-08-30,selection,False,84347,1943,1943,3268.52
2010-08-30,selection,False,48138,119,119,768.6700000000001
2010-08-30,selection,False,21843,64,64,706.4300000000001
2010-08-30,selection,False,21621,170,170,1509.6000000000001
2010-08-30,selection,False,85099F,826,826,1451.66
2010-08-30,selection,False,15056N,57,57,366.23
2010-08-30,selection,False,21232,308,308,474.16999999999996
2010-08-30,selection,False,22386,602,602,1064.05
2010-08-30,selection,False,20685,72,72,620.8100000000001
2010-08-30,selection,False,85099C,413,413,876.0100000000001
2010-08-30,selection,False,20725,315,315,956.26
2010-08-30,selection,False,79321,110,110,645.3799999999999
2010-08-30,selection,False,21754,87,87,550.09
2010-08-30,selection,False,21931,511,511,1142.64
2010-09-06,selection,False,22423,197,197,2609.8099999999995
2010-09-06,selection,False,85123A,850,850,2318.3799999999983
2010-09-06,selection,False,85099B,1273,1273,2237.2099999999996
2010-09-06,selection,False,84879,355,355,573.5499999999998
2010-09-06,selection,False,22086,12,12,35.400000000000006
2010-09-06,selection,False,47566,6,6,31.72
2010-09-06,selection,False,84347,156,156,343.8
2010-09-06,selection,False,48138,37,37,283.71000000000004
2010-09-06,selection,False,21843,33,33,373.40000000000003
2010-09-06,selection,False,21621,59,59,501.5
2010-09-06,selection,False,85099F,533,533,989.6700000000001
2010-09-06,selection,False,15056N,143,143,737.6200000000001
2010-09-06,selection,False,21232,350,350,437.67999999999995
2010-09-06,selection,False,22386,597,597,1059.97
2010-09-06,selection,False,20685,84,84,590.2799999999999
2010-09-06,selection,False,85099C,414,414,730.8600000000001
2010-09-06,selection,False,20725,293,293,468.57
2010-09-06,selection,False,79321,68,68,308.21999999999997
2010-09-06,selection,False,21754,95,95,571.17
2010-09-06,selection,False,21931,527,527,946.69
2010-09-13,selection,False,22423,331,331,3926.47
2010-09-13,selection,False,85123A,1042,1042,2780.699999999999
2010-09-13,selection,False,85099B,918,918,1692.7000000000003
2010-09-13,selection,False,84879,587,587,930.5899999999999
2010-09-13,selection,False,22086,344,344,832.8000000000001
2010-09-13,selection,False,47566,0,0,0.0
2010-09-13,selection,False,84347,61,61,155.54999999999998
2010-09-13,selection,False,48138,41,41,323.18999999999994
2010-09-13,selection,False,21843,27,27,305.92999999999995
2010-09-13,selection,False,21621,29,29,246.5
2010-09-13,selection,False,85099F,198,198,406.43999999999994
2010-09-13,selection,False,15056N,115,115,678.4100000000001
2010-09-13,selection,False,21232,393,393,468.93
2010-09-13,selection,False,22386,285,285,537.0500000000001
2010-09-13,selection,False,20685,32,32,258.12
2010-09-13,selection,False,85099C,430,430,823.7
2010-09-13,selection,False,20725,134,134,228.94000000000003
2010-09-13,selection,False,79321,38,38,176.52
2010-09-13,selection,False,21754,63,63,377.69000000000005
2010-09-13,selection,False,21931,253,253,488.21
2010-09-20,selection,False,22423,606,606,7273.5
2010-09-20,selection,False,85123A,907,907,2424.0699999999993
2010-09-20,selection,False,85099B,1415,1415,2964.0100000000007
2010-09-20,selection,False,84879,1506,1506,2384.8199999999993
2010-09-20,selection,False,22086,359,359,998.53
2010-09-20,selection,False,47566,99,99,415.34999999999997
2010-09-20,selection,False,84347,274,274,691.7
2010-09-20,selection,False,48138,65,65,486.31
2010-09-20,selection,False,21843,24,24,324.4799999999999
2010-09-20,selection,False,21621,71,71,645.9000000000001
2010-09-20,selection,False,85099F,374,374,753.5400000000002
2010-09-20,selection,False,15056N,51,51,317.33000000000004
2010-09-20,selection,False,21232,468,468,693.3699999999999
2010-09-20,selection,False,22386,254,254,469.82
2010-09-20,selection,False,20685,45,45,358.71
2010-09-20,selection,False,85099C,456,456,865.3600000000001
2010-09-20,selection,False,20725,475,475,850.87
2010-09-20,selection,False,79321,172,172,871.1500000000001
2010-09-20,selection,False,21754,85,85,541.2700000000001
2010-09-20,selection,False,21931,349,349,703.9399999999999
2010-09-27,selection,False,22423,256,256,3387.5399999999995
2010-09-27,selection,False,85123A,616,616,1754.520000000001
2010-09-27,selection,False,85099B,1668,1668,3326.03
2010-09-27,selection,False,84879,605,605,1032.05
2010-09-27,selection,False,22086,495,495,1385.5900000000001
2010-09-27,selection,False,47566,916,916,3601.04
2010-09-27,selection,False,84347,264,264,658.67
2010-09-27,selection,False,48138,60,60,469.6399999999999
2010-09-27,selection,False,21843,45,45,513.3099999999998
2010-09-27,selection,False,21621,454,454,4018.4399999999996
2010-09-27,selection,False,85099F,132,132,391.02
2010-09-27,selection,False,15056N,20,20,132.54000000000002
2010-09-27,selection,False,21232,409,409,657.5999999999999
2010-09-27,selection,False,22386,498,498,942.7399999999999
2010-09-27,selection,False,20685,104,104,820.9799999999999
2010-09-27,selection,False,85099C,405,405,772.6899999999999
2010-09-27,selection,False,20725,309,309,628.82
2010-09-27,selection,False,79321,233,233,1257.2299999999998
2010-09-27,selection,False,21754,94,94,582.9800000000001
2010-09-27,selection,False,21931,399,399,751.95
2010-10-04,selection,False,22423,449,449,5327.109999999998
2010-10-04,selection,False,85123A,1004,1004,2751.54
2010-10-04,selection,False,85099B,965,965,1929.2000000000003
2010-10-04,selection,False,84879,753,753,1284.4099999999996
2010-10-04,selection,False,22086,1516,1516,4046.96
2010-10-04,selection,False,47566,262,262,1078.12
2010-10-04,selection,False,84347,3376,3376,5851.030000000001
2010-10-04,selection,False,48138,75,75,545.4899999999999
2010-10-04,selection,False,21843,42,42,456.46
2010-10-04,selection,False,21621,16,16,136.0
2010-10-04,selection,False,85099F,451,451,851.9200000000001
2010-10-04,selection,False,15056N,97,97,529.49
2010-10-04,selection,False,21232,968,968,1255.07
2010-10-04,selection,False,22386,218,218,401.87999999999994
2010-10-04,selection,False,20685,76,76,624.97
2010-10-04,selection,False,85099C,454,454,842.7600000000001
2010-10-04,selection,False,20725,220,220,449.03999999999996
2010-10-04,selection,False,79321,538,538,2454.0899999999997
2010-10-04,selection,False,21754,88,88,535.44
2010-10-04,selection,False,21931,130,130,262.53999999999996
2010-10-11,selection,False,22423,215,215,2969.39
2010-10-11,selection,False,85123A,939,939,2575.85
2010-10-11,selection,False,85099B,1636,1636,2877.0499999999993
2010-10-11,selection,False,84879,2269,2269,3462.6099999999997
2010-10-11,selection,False,22086,529,529,1494.4300000000007
2010-10-11,selection,False,47566,229,229,1075.79
2010-10-11,selection,False,84347,211,211,591.81
2010-10-11,selection,False,48138,113,113,784.35
2010-10-11,selection,False,21843,74,74,825.6999999999999
2010-10-11,selection,False,21621,44,44,382.48
2010-10-11,selection,False,85099F,502,502,884.3399999999999
2010-10-11,selection,False,15056N,52,52,350.02000000000004
2010-10-11,selection,False,21232,410,410,618.18
2010-10-11,selection,False,22386,907,907,1560.91
2010-10-11,selection,False,20685,85,85,638.04
2010-10-11,selection,False,85099C,636,636,1178.9599999999998
2010-10-11,selection,False,20725,514,514,901.8799999999998
2010-10-11,selection,False,79321,148,148,707.0400000000001
2010-10-11,selection,False,21754,145,145,856.5900000000003
2010-10-11,selection,False,21931,215,215,444.4
2010-10-18,selection,False,22423,358,358,4473.7
2010-10-18,selection,False,85123A,709,709,1986.3700000000006
2010-10-18,selection,False,85099B,543,543,1007.27
2010-10-18,selection,False,84879,1736,1736,2609.8399999999997
2010-10-18,selection,False,22086,400,400,1272.18
2010-10-18,selection,False,47566,167,167,746.83
2010-10-18,selection,False,84347,731,731,1535.1199999999997
2010-10-18,selection,False,48138,65,65,452.74999999999994
2010-10-18,selection,False,21843,113,113,1163.6300000000003
2010-10-18,selection,False,21621,22,22,195.48000000000002
2010-10-18,selection,False,85099F,174,174,400.88
2010-10-18,selection,False,15056N,319,319,1664.8200000000002
2010-10-18,selection,False,21232,440,440,631.6199999999999
2010-10-18,selection,False,22386,144,144,315.84
2010-10-18,selection,False,20685,29,29,265.08
2010-10-18,selection,False,85099C,282,282,571.8799999999999
2010-10-18,selection,False,20725,131,131,280.09
2010-10-18,selection,False,79321,228,228,1185.6899999999998
2010-10-18,selection,False,21754,78,78,487.78
2010-10-18,selection,False,21931,162,162,335.67999999999995
2010-10-25,selection,False,22423,598,598,7055.1799999999985
2010-10-25,selection,False,85123A,1065,1065,3141.2499999999964
2010-10-25,selection,False,85099B,495,495,936.8100000000001
2010-10-25,selection,False,84879,951,951,1592.7899999999997
2010-10-25,selection,False,22086,457,457,1396.65
2010-10-25,selection,False,47566,54,54,251.1
2010-10-25,selection,False,84347,166,166,547.62
2010-10-25,selection,False,48138,34,34,252.78
2010-10-25,selection,False,21843,14,14,184.13999999999996
2010-10-25,selection,False,21621,14,14,144.44
2010-10-25,selection,False,85099F,165,165,348.26
2010-10-25,selection,False,15056N,17,17,101.15000000000002
2010-10-25,selection,False,21232,439,439,582.9999999999999
2010-10-25,selection,False,22386,137,137,265.89
2010-10-25,selection,False,20685,61,61,461.48999999999995
2010-10-25,selection,False,85099C,243,243,555.9899999999999
2010-10-25,selection,False,20725,196,196,402.68999999999994
2010-10-25,selection,False,79321,175,175,1016.72
2010-10-25,selection,False,21754,107,107,630.4900000000001
2010-10-25,selection,False,21931,180,180,356.0699999999999
2010-11-01,selection,False,22423,190,190,2335.28
2010-11-01,selection,False,85123A,994,994,2714.7799999999993
2010-11-01,selection,False,85099B,753,753,1376.2900000000002
2010-11-01,selection,False,84879,936,936,1505.0399999999993
2010-11-01,selection,False,22086,1525,1525,4136.829999999999
2010-11-01,selection,False,47566,43,43,215.23000000000005
2010-11-01,selection,False,84347,9679,9679,16582.869999999995
2010-11-01,selection,False,48138,96,96,678.0000000000001
2010-11-01,selection,False,21843,55,55,643.3699999999999
2010-11-01,selection,False,21621,50,50,433.48
2010-11-01,selection,False,85099F,199,199,367.09
2010-11-01,selection,False,15056N,148,148,767.3700000000002
2010-11-01,selection,False,21232,520,520,628.5799999999999
2010-11-01,selection,False,22386,327,327,607.03
2010-11-01,selection,False,20685,62,62,463.3799999999999
2010-11-01,selection,False,85099C,181,181,329.72999999999996
2010-11-01,selection,False,20725,410,410,667.2199999999999
2010-11-01,selection,False,79321,123,123,590.9100000000002
2010-11-01,selection,False,21754,167,167,1011.1700000000004
2010-11-01,selection,False,21931,178,178,321.62
2010-11-08,selection,False,22423,541,541,7349.909999999999
2010-11-08,selection,False,85123A,1620,1620,4246.679999999998
2010-11-08,selection,False,85099B,2101,2101,3714.65
2010-11-08,selection,False,84879,5584,5584,8503.520000000006
2010-11-08,selection,False,22086,1657,1657,7515.909999999997
2010-11-08,selection,False,47566,66,66,314.54
2010-11-08,selection,False,84347,411,411,1718.1599999999992
2010-11-08,selection,False,48138,316,316,2401.2
2010-11-08,selection,False,21843,42,42,540.42
2010-11-08,selection,False,21621,26,26,237.96
2010-11-08,selection,False,85099F,1185,1185,2072.3700000000003
2010-11-08,selection,False,15056N,88,88,435.14
2010-11-08,selection,False,21232,958,958,1182.28
2010-11-08,selection,False,22386,659,659,1549.38
2010-11-08,selection,False,20685,111,111,832.0200000000001
2010-11-08,selection,False,85099C,676,676,1316.5
2010-11-08,selection,False,20725,254,254,563.9699999999999
2010-11-08,selection,False,79321,517,517,2721.7300000000005
2010-11-08,selection,False,21754,61,61,368.8699999999999
2010-11-08,selection,False,21931,625,625,1618.7200000000003
2010-11-15,selection,False,22423,493,493,6240.129999999998
2010-11-15,selection,False,85123A,847,847,2529.9299999999994
2010-11-15,selection,False,85099B,954,954,1740.3899999999999
2010-11-15,selection,False,84879,1404,1404,2280.839999999999
2010-11-15,selection,False,22086,1772,1772,8964.28
2010-11-15,selection,False,47566,221,221,921.0900000000001
2010-11-15,selection,False,84347,1414,1414,4311.34
2010-11-15,selection,False,48138,65,65,488.1899999999999
2010-11-15,selection,False,21843,71,71,787.73
2010-11-15,selection,False,21621,44,44,399.44000000000005
2010-11-15,selection,False,85099F,333,333,638.8200000000002
2010-11-15,selection,False,15056N,36,36,220.97
2010-11-15,selection,False,21232,359,359,465.30999999999995
2010-11-15,selection,False,22386,689,689,1608.25
2010-11-15,selection,False,20685,89,89,699.5999999999998
2010-11-15,selection,False,85099C,438,438,823.4800000000001
2010-11-15,selection,False,20725,529,529,834.3999999999997
2010-11-15,selection,False,79321,300,300,1374.66
2010-11-15,selection,False,21754,114,114,731.5800000000003
2010-11-15,selection,False,21931,363,363,1251.7500000000005
2010-11-22,selection,False,22423,452,452,5887.139999999998
2010-11-22,selection,False,85123A,2027,2027,5673.129999999998
2010-11-22,selection,False,85099B,1192,1192,2160.74
2010-11-22,selection,False,84879,707,707,1242.8299999999995
2010-11-22,selection,False,22086,1744,1744,5700.219999999997
2010-11-22,selection,False,47566,47,47,294.53
2010-11-22,selection,False,84347,647,647,2028.8999999999994
2010-11-22,selection,False,48138,73,73,544.3499999999999
2010-11-22,selection,False,21843,31,31,339.4499999999999
2010-11-22,selection,False,21621,54,54,475.96
2010-11-22,selection,False,85099F,175,175,356.76
2010-11-22,selection,False,15056N,81,81,522.57
2010-11-22,selection,False,21232,518,518,646.78
2010-11-22,selection,False,22386,253,253,481.1599999999999
2010-11-22,selection,False,20685,99,99,709.53
2010-11-22,selection,False,85099C,216,216,522.8999999999999
2010-11-22,selection,False,20725,287,287,468.9099999999999
2010-11-22,selection,False,79321,343,343,1506.4
2010-11-22,selection,False,21754,145,145,865.5900000000003
2010-11-22,selection,False,21931,387,387,824.1300000000001
2010-11-29,selection,False,22423,767,767,9644.27
2010-11-29,selection,False,85123A,1445,1445,4196.11
2010-11-29,selection,False,85099B,1417,1417,2460.73
2010-11-29,selection,False,84879,1184,1184,1972.1599999999996
2010-11-29,selection,False,22086,1143,1143,4198.389999999997
2010-11-29,selection,False,47566,59,59,355.43
2010-11-29,selection,False,84347,908,908,2687.0199999999995
2010-11-29,selection,False,48138,93,93,666.7099999999999
2010-11-29,selection,False,21843,45,45,492.74999999999983
2010-11-29,selection,False,21621,10,10,85.0
2010-11-29,selection,False,85099F,128,128,283.52
2010-11-29,selection,False,15056N,118,118,575.9000000000002
2010-11-29,selection,False,21232,882,882,1263.26
2010-11-29,selection,False,22386,252,252,513.13
2010-11-29,selection,False,20685,105,105,767.22
2010-11-29,selection,False,85099C,290,290,622.1599999999999
2010-11-29,selection,False,20725,203,203,405.6700000000001
2010-11-29,selection,False,79321,844,844,3944.5600000000004
2010-11-29,selection,False,21754,126,126,752.5400000000003
2010-11-29,selection,False,21931,270,270,667.1600000000002
2010-12-06,evaluation,False,22423,785,785,10147.49
2010-12-06,evaluation,False,85123A,1121,1121,3536.4499999999975
2010-12-06,evaluation,False,85099B,842,842,1556.8200000000004
2010-12-06,evaluation,False,84879,669,669,1152.2099999999998
2010-12-06,evaluation,False,22086,1048,1048,4028.259999999997
2010-12-06,evaluation,False,47566,144,144,688.6899999999999
2010-12-06,evaluation,False,84347,661,661,1792.5799999999997
2010-12-06,evaluation,False,48138,87,87,663.09
2010-12-06,evaluation,False,21843,96,96,1003.1999999999997
2010-12-06,evaluation,False,21621,23,23,195.5
2010-12-06,evaluation,False,85099F,162,162,326.8899999999999
2010-12-06,evaluation,False,15056N,29,29,247.01999999999998
2010-12-06,evaluation,False,21232,377,377,601.78
2010-12-06,evaluation,False,22386,260,260,492.50999999999993
2010-12-06,evaluation,False,20685,145,145,1096.92
2010-12-06,evaluation,False,85099C,449,449,900.81
2010-12-06,evaluation,False,20725,233,233,537.0999999999999
2010-12-06,evaluation,False,79321,337,337,1973.63
2010-12-06,evaluation,False,21754,127,127,856.0500000000003
2010-12-06,evaluation,False,21931,209,209,535.29
2010-12-13,evaluation,False,22423,370,370,5088.119999999997
2010-12-13,evaluation,False,85123A,935,935,2724.549999999999
2010-12-13,evaluation,False,85099B,407,407,824.6700000000001
2010-12-13,evaluation,False,84879,614,614,1047.7399999999998
2010-12-13,evaluation,False,22086,597,597,2149.75
2010-12-13,evaluation,False,47566,28,28,150.15
2010-12-13,evaluation,False,84347,765,765,2070.7699999999995
2010-12-13,evaluation,False,48138,51,51,384.9599999999999
2010-12-13,evaluation,False,21843,51,51,558.4499999999999
2010-12-13,evaluation,False,21621,21,21,195.46
2010-12-13,evaluation,False,85099F,229,229,437.74
2010-12-13,evaluation,False,15056N,14,14,96.84
2010-12-13,evaluation,False,21232,312,312,443.13000000000005
2010-12-13,evaluation,False,22386,97,97,200.45
2010-12-13,evaluation,False,20685,58,58,500.30999999999995
2010-12-13,evaluation,False,85099C,127,127,274.77
2010-12-13,evaluation,False,20725,177,177,326.16999999999996
2010-12-13,evaluation,False,79321,589,589,2494.07
2010-12-13,evaluation,False,21754,69,69,475.6700000000001
2010-12-13,evaluation,False,21931,174,174,460.2999999999999
2010-12-20,evaluation,False,22423,174,174,3278.6999999999994
2010-12-20,evaluation,False,85123A,174,174,499.43999999999994
2010-12-20,evaluation,False,85099B,170,170,342.17999999999995
2010-12-20,evaluation,False,84879,16,16,27.04
2010-12-20,evaluation,False,22086,125,125,602.57
2010-12-20,evaluation,False,47566,24,24,151.92999999999995
2010-12-20,evaluation,False,84347,184,184,952.96
2010-12-20,evaluation,False,48138,7,7,82.74000000000001
2010-12-20,evaluation,False,21843,10,10,109.49999999999999
2010-12-20,evaluation,False,21621,15,15,131.72
2010-12-20,evaluation,False,85099F,11,11,48.86
2010-12-20,evaluation,False,15056N,32,32,217.48000000000002
2010-12-20,evaluation,False,21232,47,47,62.53
2010-12-20,evaluation,False,22386,9,9,45.54
2010-12-20,evaluation,False,20685,18,18,224.37
2010-12-20,evaluation,False,85099C,117,117,211.71
2010-12-20,evaluation,False,20725,44,44,82.83999999999999
2010-12-20,evaluation,False,79321,60,60,279.06
2010-12-20,evaluation,False,21754,13,13,95.11000000000001
2010-12-20,evaluation,False,21931,61,61,243.91
2010-12-27,evaluation,True,22423,0,0,0.0
2010-12-27,evaluation,True,85123A,0,0,0.0
2010-12-27,evaluation,True,85099B,0,0,0.0
2010-12-27,evaluation,True,84879,0,0,0.0
2010-12-27,evaluation,True,22086,0,0,0.0
2010-12-27,evaluation,True,47566,0,0,0.0
2010-12-27,evaluation,True,84347,0,0,0.0
2010-12-27,evaluation,True,48138,0,0,0.0
2010-12-27,evaluation,True,21843,0,0,0.0
2010-12-27,evaluation,True,21621,0,0,0.0
2010-12-27,evaluation,True,85099F,0,0,0.0
2010-12-27,evaluation,True,15056N,0,0,0.0
2010-12-27,evaluation,True,21232,0,0,0.0
2010-12-27,evaluation,True,22386,0,0,0.0
2010-12-27,evaluation,True,20685,0,0,0.0
2010-12-27,evaluation,True,85099C,0,0,0.0
2010-12-27,evaluation,True,20725,0,0,0.0
2010-12-27,evaluation,True,79321,0,0,0.0
2010-12-27,evaluation,True,21754,0,0,0.0
2010-12-27,evaluation,True,21931,0,0,0.0
2011-01-03,evaluation,False,22423,245,245,2956.5099999999993
2011-01-03,evaluation,False,85123A,967,967,2563.6099999999997
2011-01-03,evaluation,False,85099B,1254,1254,2124.3399999999997
2011-01-03,evaluation,False,84879,480,480,811.1999999999999
2011-01-03,evaluation,False,22086,16,16,96.28
2011-01-03,evaluation,False,47566,145,145,586.7100000000002
2011-01-03,evaluation,False,84347,9,9,46.39
2011-01-03,evaluation,False,48138,43,43,312.33
2011-01-03,evaluation,False,21843,21,21,229.95
2011-01-03,evaluation,False,21621,40,40,369.54
2011-01-03,evaluation,False,85099F,703,703,1254.46
2011-01-03,evaluation,False,15056N,18,18,113.87
2011-01-03,evaluation,False,21232,124,124,143.84000000000003
2011-01-03,evaluation,False,22386,513,513,889.3899999999999
2011-01-03,evaluation,False,20685,36,36,259.22999999999996
2011-01-03,evaluation,False,85099C,477,477,812.41
2011-01-03,evaluation,False,20725,318,318,489.81999999999994
2011-01-03,evaluation,False,79321,861,861,3576.17
2011-01-03,evaluation,False,21754,102,102,606.6600000000001
2011-01-03,evaluation,False,21931,216,216,528.0399999999998
2011-01-10,evaluation,False,22423,161,161,2186.26
2011-01-10,evaluation,False,85123A,3329,3329,9266.410000000007
2011-01-10,evaluation,False,85099B,185,185,466.10999999999996
2011-01-10,evaluation,False,84879,402,402,687.8599999999998
2011-01-10,evaluation,False,22086,6,6,35.46
2011-01-10,evaluation,False,47566,65,65,375.89
2011-01-10,evaluation,False,84347,13,13,65.17999999999999
2011-01-10,evaluation,False,48138,11,11,93.63000000000001
2011-01-10,evaluation,False,21843,7,7,96.76999999999998
2011-01-10,evaluation,False,21621,338,338,2856.83
2011-01-10,evaluation,False,85099F,349,349,628.13
2011-01-10,evaluation,False,15056N,55,55,299.72999999999996
2011-01-10,evaluation,False,21232,28,28,45.08
2011-01-10,evaluation,False,22386,323,323,648.8700000000001
2011-01-10,evaluation,False,20685,22,22,202.72000000000003
2011-01-10,evaluation,False,85099C,76,76,170.8
2011-01-10,evaluation,False,20725,282,282,460.26
2011-01-10,evaluation,False,79321,175,175,776.9100000000001
2011-01-10,evaluation,False,21754,70,70,436.62
2011-01-10,evaluation,False,21931,281,281,828.43
2011-01-17,evaluation,False,22423,107,107,1473.21
2011-01-17,evaluation,False,85123A,400,400,1114.0800000000006
2011-01-17,evaluation,False,85099B,274,274,611.1199999999999
2011-01-17,evaluation,False,84879,139,139,257.78999999999996
2011-01-17,evaluation,False,22086,2,2,11.58
2011-01-17,evaluation,False,47566,64,64,350.13999999999993
2011-01-17,evaluation,False,84347,11,11,40.93
2011-01-17,evaluation,False,48138,44,44,348.52
2011-01-17,evaluation,False,21843,10,10,125.18
2011-01-17,evaluation,False,21621,18,18,201.77999999999997
2011-01-17,evaluation,False,85099F,139,139,251.95000000000002
2011-01-17,evaluation,False,15056N,20,20,132.02
2011-01-17,evaluation,False,21232,124,124,146.16000000000003
2011-01-17,evaluation,False,22386,73,73,193.63
2011-01-17,evaluation,False,20685,80,80,600.0
2011-01-17,evaluation,False,85099C,58,58,132.71999999999997
2011-01-17,evaluation,False,20725,128,128,198.64000000000001
2011-01-17,evaluation,False,79321,161,161,669.9
2011-01-17,evaluation,False,21754,45,45,284.78999999999996
2011-01-17,evaluation,False,21931,80,80,293.5299999999999
2011-01-24,evaluation,False,22423,130,130,1701.0300000000002
2011-01-24,evaluation,False,85123A,522,522,1471.5
2011-01-24,evaluation,False,85099B,482,482,865.6999999999999
2011-01-24,evaluation,False,84879,344,344,554.3999999999999
2011-01-24,evaluation,False,22086,0,0,0.0
2011-01-24,evaluation,False,47566,141,141,620.91
2011-01-24,evaluation,False,84347,1,1,5.79
2011-01-24,evaluation,False,48138,101,101,718.9500000000002
2011-01-24,evaluation,False,21843,23,23,281.3699999999999
2011-01-24,evaluation,False,21621,27,27,257.64
2011-01-24,evaluation,False,85099F,93,93,177.53
2011-01-24,evaluation,False,15056N,36,36,233.73000000000002
2011-01-24,evaluation,False,21232,158,158,192.26
2011-01-24,evaluation,False,22386,189,189,385.71
2011-01-24,evaluation,False,20685,127,127,935.55
2011-01-24,evaluation,False,85099C,211,211,399.42999999999995
2011-01-24,evaluation,False,20725,161,161,317.77
2011-01-24,evaluation,False,79321,105,105,506.90999999999997
2011-01-24,evaluation,False,21754,71,71,441.85000000000014
2011-01-24,evaluation,False,21931,259,259,543.6999999999999
2011-01-31,evaluation,False,22423,103,103,1348.95
2011-01-31,evaluation,False,85123A,550,550,1517.4200000000008
2011-01-31,evaluation,False,85099B,945,945,1747.3500000000006
2011-01-31,evaluation,False,84879,705,705,1076.2499999999998
2011-01-31,evaluation,False,22086,0,0,0.0
2011-01-31,evaluation,False,47566,232,232,1072.02
2011-01-31,evaluation,False,84347,12,12,66.99
2011-01-31,evaluation,False,48138,41,41,346.5299999999999
2011-01-31,evaluation,False,21843,14,14,163.14
2011-01-31,evaluation,False,21621,49,49,427.33
2011-01-31,evaluation,False,85099F,381,381,668.21
2011-01-31,evaluation,False,15056N,16,16,108.22000000000003
2011-01-31,evaluation,False,21232,154,154,223.63000000000002
2011-01-31,evaluation,False,22386,225,225,443.63
2011-01-31,evaluation,False,20685,54,54,431.6999999999999
2011-01-31,evaluation,False,85099C,226,226,476.09999999999997
2011-01-31,evaluation,False,20725,347,347,620.2599999999999
2011-01-31,evaluation,False,79321,99,99,566.69
2011-01-31,evaluation,False,21754,71,71,406.81000000000006
2011-01-31,evaluation,False,21931,127,127,260.73
2011-02-07,evaluation,False,22423,133,133,1783.7399999999998
2011-02-07,evaluation,False,85123A,503,503,1351.29
2011-02-07,evaluation,False,85099B,278,278,549.16
2011-02-07,evaluation,False,84879,160,160,281.84
2011-02-07,evaluation,False,22086,0,0,0.0
2011-02-07,evaluation,False,47566,183,183,836.9100000000001
2011-02-07,evaluation,False,84347,11,11,61.199999999999996
2011-02-07,evaluation,False,48138,37,37,310.65000000000003
2011-02-07,evaluation,False,21843,40,40,433.67999999999995
2011-02-07,evaluation,False,21621,28,28,281.77
2011-02-07,evaluation,False,85099F,70,70,143.04000000000002
2011-02-07,evaluation,False,15056N,197,197,998.6600000000001
2011-02-07,evaluation,False,21232,101,101,216.32
2011-02-07,evaluation,False,22386,95,95,204.86999999999998
2011-02-07,evaluation,False,20685,28,28,210.95999999999998
2011-02-07,evaluation,False,85099C,69,69,180.32999999999996
2011-02-07,evaluation,False,20725,155,155,288.8399999999999
2011-02-07,evaluation,False,79321,192,192,985.3199999999999
2011-02-07,evaluation,False,21754,60,60,362.68
2011-02-07,evaluation,False,21931,230,230,499.1599999999999
2011-02-14,evaluation,False,22423,301,301,3562.29
2011-02-14,evaluation,False,85123A,327,327,901.5300000000001
2011-02-14,evaluation,False,85099B,973,973,1709.3500000000008
2011-02-14,evaluation,False,84879,564,564,914.7599999999998
2011-02-14,evaluation,False,22086,2,2,13.26
2011-02-14,evaluation,False,47566,180,180,863.5600000000001
2011-02-14,evaluation,False,84347,5,5,28.950000000000003
2011-02-14,evaluation,False,48138,67,67,533.0099999999999
2011-02-14,evaluation,False,21843,11,11,140.13
2011-02-14,evaluation,False,21621,135,135,1183.77
2011-02-14,evaluation,False,85099F,236,236,413.28
2011-02-14,evaluation,False,15056N,25,25,174.79
2011-02-14,evaluation,False,21232,110,110,187.15
2011-02-14,evaluation,False,22386,409,409,755.51
2011-02-14,evaluation,False,20685,31,31,272.85
2011-02-14,evaluation,False,85099C,448,448,792.8399999999999
2011-02-14,evaluation,False,20725,249,249,437.18
2011-02-14,evaluation,False,79321,233,233,1231.93
2011-02-14,evaluation,False,21754,46,46,290.73999999999995
2011-02-14,evaluation,False,21931,500,500,924.76
2011-02-21,evaluation,False,22423,120,120,1602.3300000000002
2011-02-21,evaluation,False,85123A,327,327,928.5300000000004
2011-02-21,evaluation,False,85099B,600,600,1132.84
2011-02-21,evaluation,False,84879,328,328,554.3199999999999
2011-02-21,evaluation,False,22086,2,2,5.9
2011-02-21,evaluation,False,47566,157,157,859.79
2011-02-21,evaluation,False,84347,6,6,34.74
2011-02-21,evaluation,False,48138,57,57,450.33
2011-02-21,evaluation,False,21843,18,18,246.29999999999995
2011-02-21,evaluation,False,21621,127,127,1111.3899999999999
2011-02-21,evaluation,False,85099F,76,76,156.92000000000002
2011-02-21,evaluation,False,15056N,18,18,133.14000000000001
2011-02-21,evaluation,False,21232,439,439,547.35
2011-02-21,evaluation,False,22386,160,160,297.26
2011-02-21,evaluation,False,20685,35,35,300.96999999999997
2011-02-21,evaluation,False,85099C,84,84,218.3
2011-02-21,evaluation,False,20725,259,259,468.57
2011-02-21,evaluation,False,79321,75,75,487.56000000000006
2011-02-21,evaluation,False,21754,75,75,442.93
2011-02-21,evaluation,False,21931,164,164,309.41999999999996
2011-02-28,evaluation,False,22423,313,313,3695.3999999999996
2011-02-28,evaluation,False,85123A,368,368,1048.6000000000001
2011-02-28,evaluation,False,85099B,574,574,1055.46
2011-02-28,evaluation,False,84879,181,181,340.21
2011-02-28,evaluation,False,22086,45,45,119.59
2011-02-28,evaluation,False,47566,241,241,1154.0000000000005
2011-02-28,evaluation,False,84347,3,3,15.71
2011-02-28,evaluation,False,48138,50,50,357.34000000000003
2011-02-28,evaluation,False,21843,31,31,359.13
2011-02-28,evaluation,False,21621,305,305,2288.5
2011-02-28,evaluation,False,85099F,265,265,534.1899999999999
2011-02-28,evaluation,False,15056N,88,88,476.62
2011-02-28,evaluation,False,21232,306,306,353.96999999999997
2011-02-28,evaluation,False,22386,154,154,309.02
2011-02-28,evaluation,False,20685,41,41,318.47
2011-02-28,evaluation,False,85099C,98,98,201.99999999999997
2011-02-28,evaluation,False,20725,155,155,246.50000000000003
2011-02-28,evaluation,False,79321,39,39,210.09
2011-02-28,evaluation,False,21754,59,59,353.41
2011-02-28,evaluation,False,21931,163,163,309.65
2011-03-07,evaluation,False,22423,185,185,2552.2500000000005
2011-03-07,evaluation,False,85123A,430,430,1179.0200000000002
2011-03-07,evaluation,False,85099B,698,698,1278.16
2011-03-07,evaluation,False,84879,610,610,965.5399999999998
2011-03-07,evaluation,False,22086,1,1,2.95
2011-03-07,evaluation,False,47566,189,189,1222.63
2011-03-07,evaluation,False,84347,2,2,11.58
2011-03-07,evaluation,False,48138,73,73,528.1899999999999
2011-03-07,evaluation,False,21843,7,7,86.49
2011-03-07,evaluation,False,21621,81,81,805.26
2011-03-07,evaluation,False,85099F,381,381,663.85
2011-03-07,evaluation,False,15056N,85,85,471.79
2011-03-07,evaluation,False,21232,304,304,468.5
2011-03-07,evaluation,False,22386,354,354,665.18
2011-03-07,evaluation,False,20685,76,76,577.2399999999999
2011-03-07,evaluation,False,85099C,265,265,500.3499999999999
2011-03-07,evaluation,False,20725,98,98,167.14
2011-03-07,evaluation,False,79321,234,234,1338.1
2011-03-07,evaluation,False,21754,60,60,359.35999999999996
2011-03-07,evaluation,False,21931,87,87,232.87
2011-03-14,evaluation,False,22423,260,260,3186.05
2011-03-14,evaluation,False,85123A,446,446,1211.8600000000001
2011-03-14,evaluation,False,85099B,1546,1546,2718.16
2011-03-14,evaluation,False,84879,955,955,1498.7499999999995
2011-03-14,evaluation,False,22086,0,0,0.0
2011-03-14,evaluation,False,47566,594,594,2784.14
2011-03-14,evaluation,False,84347,5,5,27.29
2011-03-14,evaluation,False,48138,72,72,567.6599999999999
2011-03-14,evaluation,False,21843,32,32,438.96
2011-03-14,evaluation,False,21621,11,11,126.02
2011-03-14,evaluation,False,85099F,1012,1012,1707.48
2011-03-14,evaluation,False,15056N,182,182,964.9400000000002
2011-03-14,evaluation,False,21232,74,74,94.92
2011-03-14,evaluation,False,22386,1083,1083,1917.8700000000001
2011-03-14,evaluation,False,20685,33,33,238.35
2011-03-14,evaluation,False,85099C,697,697,1278.63
2011-03-14,evaluation,False,20725,268,268,490.67
2011-03-14,evaluation,False,79321,108,108,656.45
2011-03-14,evaluation,False,21754,53,53,323.39
2011-03-14,evaluation,False,21931,248,248,450.31999999999994
2011-03-21,evaluation,False,22423,315,315,4273.320000000001
2011-03-21,evaluation,False,85123A,353,353,1041.2700000000004
2011-03-21,evaluation,False,85099B,1348,1348,2383.1
2011-03-21,evaluation,False,84879,351,351,593.1899999999999
2011-03-21,evaluation,False,22086,42,42,115.26
2011-03-21,evaluation,False,47566,313,313,1726.31
2011-03-21,evaluation,False,84347,0,0,0.0
2011-03-21,evaluation,False,48138,24,24,184.98
2011-03-21,evaluation,False,21843,12,12,170.76000000000002
2011-03-21,evaluation,False,21621,8,8,100.51999999999998
2011-03-21,evaluation,False,85099F,666,666,1155.2399999999998
2011-03-21,evaluation,False,15056N,55,55,353.28999999999996
2011-03-21,evaluation,False,21232,271,271,313.81
2011-03-21,evaluation,False,22386,576,576,1044.62
2011-03-21,evaluation,False,20685,36,36,270.88
2011-03-21,evaluation,False,85099C,437,437,827.5500000000001
2011-03-21,evaluation,False,20725,336,336,607.21
2011-03-21,evaluation,False,79321,22,22,133.21
2011-03-21,evaluation,False,21754,32,32,196.07999999999998
2011-03-21,evaluation,False,21931,400,400,720.5199999999999
2011-03-28,evaluation,False,22423,210,210,2809.9
2011-03-28,evaluation,False,85123A,570,570,1567.3400000000001
2011-03-28,evaluation,False,85099B,993,993,2488.350000000001
2011-03-28,evaluation,False,84879,401,401,689.1299999999999
2011-03-28,evaluation,False,22086,3,3,8.850000000000001
2011-03-28,evaluation,False,47566,376,376,2469.1199999999994
2011-03-28,evaluation,False,84347,3,3,17.37
2011-03-28,evaluation,False,48138,123,123,932.05
2011-03-28,evaluation,False,21843,41,41,433.78999999999996
2011-03-28,evaluation,False,21621,230,230,2361.53
2011-03-28,evaluation,False,85099F,522,522,1455.46
2011-03-28,evaluation,False,15056N,78,78,436.6499999999999
2011-03-28,evaluation,False,21232,248,248,301.51
2011-03-28,evaluation,False,22386,375,375,689.6099999999999
2011-03-28,evaluation,False,20685,40,40,358.08
2011-03-28,evaluation,False,85099C,357,357,674.21
2011-03-28,evaluation,False,20725,517,517,1017.2299999999997
2011-03-28,evaluation,False,79321,85,85,639.5400000000001
2011-03-28,evaluation,False,21754,61,61,359.6300000000001
2011-03-28,evaluation,False,21931,349,349,736.7699999999999
2011-04-04,evaluation,False,22423,264,264,3426.45
2011-04-04,evaluation,False,85123A,374,374,1073.42
2011-04-04,evaluation,False,85099B,725,725,1445.2599999999998
2011-04-04,evaluation,False,84879,753,753,1207.2099999999998
2011-04-04,evaluation,False,22086,9,9,29.39
2011-04-04,evaluation,False,47566,460,460,2322.2799999999993
2011-04-04,evaluation,False,84347,0,0,0.0
2011-04-04,evaluation,False,48138,81,81,591.7900000000001
2011-04-04,evaluation,False,21843,17,17,186.14999999999995
2011-04-04,evaluation,False,21621,9,9,149.67
2011-04-04,evaluation,False,85099F,166,166,348.83000000000004
2011-04-04,evaluation,False,15056N,71,71,395.0
2011-04-04,evaluation,False,21232,128,128,146.32
2011-04-04,evaluation,False,22386,105,105,230.15000000000003
2011-04-04,evaluation,False,20685,51,51,377.28999999999985
2011-04-04,evaluation,False,85099C,78,78,161.69
2011-04-04,evaluation,False,20725,187,187,396.25999999999993
2011-04-04,evaluation,False,79321,14,14,161.02
2011-04-04,evaluation,False,21754,32,32,196.08
2011-04-04,evaluation,False,21931,223,223,436.34000000000003
2011-04-11,evaluation,False,22423,342,342,4144.83
2011-04-11,evaluation,False,85123A,468,468,1278.2000000000007
2011-04-11,evaluation,False,85099B,606,606,1175.9799999999998
2011-04-11,evaluation,False,84879,815,815,1377.3499999999995
2011-04-11,evaluation,False,22086,0,0,0.0
2011-04-11,evaluation,False,47566,534,534,3038.100000000001
2011-04-11,evaluation,False,84347,0,0,0.0
2011-04-11,evaluation,False,48138,99,99,758.31
2011-04-11,evaluation,False,21843,17,17,215.66999999999993
2011-04-11,evaluation,False,21621,0,0,0.0
2011-04-11,evaluation,False,85099F,166,166,314.98
2011-04-11,evaluation,False,15056N,30,30,198.03000000000006
2011-04-11,evaluation,False,21232,142,142,195.86
2011-04-11,evaluation,False,22386,119,119,280.32
2011-04-11,evaluation,False,20685,31,31,260.49
2011-04-11,evaluation,False,85099C,178,178,367.88999999999993
2011-04-11,evaluation,False,20725,275,275,658.9699999999999
2011-04-11,evaluation,False,79321,5,5,55.59
2011-04-11,evaluation,False,21754,45,45,267.75
2011-04-11,evaluation,False,21931,182,182,442.8599999999999
2011-04-18,evaluation,False,22423,171,171,2309.25
2011-04-18,evaluation,False,85123A,2422,2422,6087.559999999998
2011-04-18,evaluation,False,85099B,519,519,1069.4099999999996
2011-04-18,evaluation,False,84879,540,540,831.2400000000001
2011-04-18,evaluation,False,22086,1,1,5.79
2011-04-18,evaluation,False,47566,640,640,3444.320000000001
2011-04-18,evaluation,False,84347,6,6,27.35
2011-04-18,evaluation,False,48138,33,33,281.71
2011-04-18,evaluation,False,21843,10,10,109.5
2011-04-18,evaluation,False,21621,25,25,342.58
2011-04-18,evaluation,False,85099F,6,6,12.48
2011-04-18,evaluation,False,15056N,23,23,156.38
2011-04-18,evaluation,False,21232,139,139,206.42
2011-04-18,evaluation,False,22386,155,155,340.8500000000001
2011-04-18,evaluation,False,20685,7,7,55.65
2011-04-18,evaluation,False,85099C,147,147,297.26
2011-04-18,evaluation,False,20725,318,318,680.68
2011-04-18,evaluation,False,79321,4,4,49.84
2011-04-18,evaluation,False,21754,37,37,225.83
2011-04-18,evaluation,False,21931,60,60,145.29999999999998
2011-04-25,evaluation,False,22423,289,289,3402.8699999999994
2011-04-25,evaluation,False,85123A,366,366,1001.4599999999999
2011-04-25,evaluation,False,85099B,375,375,796.8499999999998
2011-04-25,evaluation,False,84879,244,244,406.9199999999999
2011-04-25,evaluation,False,22086,0,0,0.0
2011-04-25,evaluation,False,47566,270,270,1810.4199999999996
2011-04-25,evaluation,False,84347,0,0,0.0
2011-04-25,evaluation,False,48138,33,33,280.41
2011-04-25,evaluation,False,21843,9,9,128.07
2011-04-25,evaluation,False,21621,0,0,0.0
2011-04-25,evaluation,False,85099F,100,100,174.0
2011-04-25,evaluation,False,15056N,50,50,297.5
2011-04-25,evaluation,False,21232,214,214,271.12
2011-04-25,evaluation,False,22386,272,272,558.11
2011-04-25,evaluation,False,20685,14,14,119.98
2011-04-25,evaluation,False,85099C,278,278,577.8899999999999
2011-04-25,evaluation,False,20725,154,154,355.88000000000005
2011-04-25,evaluation,False,79321,5,5,62.300000000000004
2011-04-25,evaluation,False,21754,55,55,340.96999999999997
2011-04-25,evaluation,False,21931,109,109,296.4200000000001
2011-05-02,evaluation,False,22423,161,161,1987.8
2011-05-02,evaluation,False,85123A,1132,1132,3022.199999999998
2011-05-02,evaluation,False,85099B,320,320,688.8999999999999
2011-05-02,evaluation,False,84879,522,522,893.6200000000003
2011-05-02,evaluation,False,22086,4,4,23.16
2011-05-02,evaluation,False,47566,964,964,5127.239999999999
2011-05-02,evaluation,False,84347,0,0,0.0
2011-05-02,evaluation,False,48138,46,46,373.06
2011-05-02,evaluation,False,21843,23,23,251.85
2011-05-02,evaluation,False,21621,79,79,621.5
2011-05-02,evaluation,False,85099F,0,0,0.0
2011-05-02,evaluation,False,15056N,176,176,927.2000000000002
2011-05-02,evaluation,False,21232,238,238,305.36
2011-05-02,evaluation,False,22386,154,154,323.12000000000006
2011-05-02,evaluation,False,20685,34,34,254.14000000000001
2011-05-02,evaluation,False,85099C,248,248,492.99000000000007
2011-05-02,evaluation,False,20725,219,219,468.92
2011-05-02,evaluation,False,79321,109,109,583.5
2011-05-02,evaluation,False,21754,42,42,249.89999999999998
2011-05-02,evaluation,False,21931,171,171,376.18000000000006
2011-05-09,evaluation,False,22423,310,310,3662.9399999999996
2011-05-09,evaluation,False,85123A,844,844,2361.9999999999995
2011-05-09,evaluation,False,85099B,1076,1076,2098.329999999999
2011-05-09,evaluation,False,84879,905,905,1464.0899999999995
2011-05-09,evaluation,False,22086,13,13,42.03000000000001
2011-05-09,evaluation,False,47566,756,756,4021.560000000001
2011-05-09,evaluation,False,84347,48,48,122.39999999999999
2011-05-09,evaluation,False,48138,81,81,653.59
2011-05-09,evaluation,False,21843,21,21,279.15
2011-05-09,evaluation,False,21621,88,88,748.0
2011-05-09,evaluation,False,85099F,428,428,801.94
2011-05-09,evaluation,False,15056N,29,29,257.18
2011-05-09,evaluation,False,21232,136,136,246.62
2011-05-09,evaluation,False,22386,371,371,781.3299999999996
2011-05-09,evaluation,False,20685,81,81,613.6700000000001
2011-05-09,evaluation,False,85099C,246,246,581.08
2011-05-09,evaluation,False,20725,470,470,887.7399999999999
2011-05-09,evaluation,False,79321,187,187,993.6
2011-05-09,evaluation,False,21754,132,132,755.0800000000002
2011-05-09,evaluation,False,21931,453,453,1015.1399999999998
2011-05-16,evaluation,False,22423,226,226,2614.75
2011-05-16,evaluation,False,85123A,762,762,2146.86
2011-05-16,evaluation,False,85099B,868,868,1707.1899999999996
2011-05-16,evaluation,False,84879,563,563,962.9099999999997
2011-05-16,evaluation,False,22086,0,0,0.0
2011-05-16,evaluation,False,47566,584,584,3197.12
2011-05-16,evaluation,False,84347,0,0,0.0
2011-05-16,evaluation,False,48138,141,141,792.1499999999999
2011-05-16,evaluation,False,21843,38,38,435.78
2011-05-16,evaluation,False,21621,92,92,798.26
2011-05-16,evaluation,False,85099F,142,142,307.65999999999997
2011-05-16,evaluation,False,15056N,17,17,140.20999999999998
2011-05-16,evaluation,False,21232,233,233,306.64
2011-05-16,evaluation,False,22386,179,179,440.72000000000014
2011-05-16,evaluation,False,20685,271,271,1441.1300000000008
2011-05-16,evaluation,False,85099C,302,302,635.51
2011-05-16,evaluation,False,20725,335,335,574.05
2011-05-16,evaluation,False,79321,40,40,230.0
2011-05-16,evaluation,False,21754,86,86,514.0600000000001
2011-05-16,evaluation,False,21931,176,176,499.3300000000001
2011-05-23,evaluation,False,22423,126,126,1625.6100000000001
2011-05-23,evaluation,False,85123A,1020,1020,3136.959999999999
2011-05-23,evaluation,False,85099B,923,923,1781.54
2011-05-23,evaluation,False,84879,381,381,643.89
2011-05-23,evaluation,False,22086,0,0,0.0
2011-05-23,evaluation,False,47566,831,831,4612.81
2011-05-23,evaluation,False,84347,12,12,30.599999999999998
2011-05-23,evaluation,False,48138,42,42,285.9
2011-05-23,evaluation,False,21843,9,9,108.39
2011-05-23,evaluation,False,21621,69,69,594.63
2011-05-23,evaluation,False,85099F,413,413,780.2399999999999
2011-05-23,evaluation,False,15056N,37,37,233.17
2011-05-23,evaluation,False,21232,126,126,216.20999999999998
2011-05-23,evaluation,False,22386,560,560,1093.8999999999999
2011-05-23,evaluation,False,20685,26,26,202.54
2011-05-23,evaluation,False,85099C,387,387,720.0099999999999
2011-05-23,evaluation,False,20725,424,424,816.8199999999999
2011-05-23,evaluation,False,79321,72,72,375.6
2011-05-23,evaluation,False,21754,33,33,202.03
2011-05-23,evaluation,False,21931,251,251,573.0300000000001
2011-05-30,evaluation,False,22423,235,235,2713.5
2011-05-30,evaluation,False,85123A,629,629,1691.1100000000004
2011-05-30,evaluation,False,85099B,261,261,554.88
2011-05-30,evaluation,False,84879,328,328,554.32
2011-05-30,evaluation,False,22086,0,0,0.0
2011-05-30,evaluation,False,47566,426,426,2287.4199999999996
2011-05-30,evaluation,False,84347,1,1,4.96
2011-05-30,evaluation,False,48138,58,58,414.3
2011-05-30,evaluation,False,21843,18,18,226.61999999999998
2011-05-30,evaluation,False,21621,52,52,442.0
2011-05-30,evaluation,False,85099F,403,403,773.7899999999998
2011-05-30,evaluation,False,15056N,55,55,283.33000000000004
2011-05-30,evaluation,False,21232,110,110,134.4
2011-05-30,evaluation,False,22386,407,407,767.7599999999999
2011-05-30,evaluation,False,20685,31,31,222.45000000000002
2011-05-30,evaluation,False,85099C,200,200,383.6200000000001
2011-05-30,evaluation,False,20725,171,171,317.72999999999996
2011-05-30,evaluation,False,79321,27,27,188.8
2011-05-30,evaluation,False,21754,44,44,254.48
2011-05-30,evaluation,False,21931,114,114,286.32
2011-06-06,evaluation,False,22423,178,178,2328.6900000000005
2011-06-06,evaluation,False,85123A,352,352,986.6000000000001
2011-06-06,evaluation,False,85099B,773,773,1606.94
2011-06-06,evaluation,False,84879,292,292,493.4799999999999
2011-06-06,evaluation,False,22086,2,2,12.42
2011-06-06,evaluation,False,47566,551,551,3545.53
2011-06-06,evaluation,False,84347,0,0,0.0
2011-06-06,evaluation,False,48138,511,511,2385.29
2011-06-06,evaluation,False,21843,8,8,117.12
2011-06-06,evaluation,False,21621,43,43,385.71999999999997
2011-06-06,evaluation,False,85099F,423,423,802.1900000000002
2011-06-06,evaluation,False,15056N,92,92,494.45000000000005
2011-06-06,evaluation,False,21232,171,171,239.56
2011-06-06,evaluation,False,22386,408,408,859.4399999999999
2011-06-06,evaluation,False,20685,526,526,2517.7400000000002
2011-06-06,evaluation,False,85099C,141,141,301.48
2011-06-06,evaluation,False,20725,565,565,1114.84
2011-06-06,evaluation,False,79321,91,91,571.1500000000001
2011-06-06,evaluation,False,21754,47,47,291.01
2011-06-06,evaluation,False,21931,230,230,677.2499999999999
2011-06-13,evaluation,False,22423,88,88,1127.8
2011-06-13,evaluation,False,85123A,391,391,1066.93
2011-06-13,evaluation,False,85099B,829,829,1599.5199999999995
2011-06-13,evaluation,False,84879,270,270,467.74
2011-06-13,evaluation,False,22086,1,1,5.79
2011-06-13,evaluation,False,47566,491,491,2853.5699999999997
2011-06-13,evaluation,False,84347,2,2,7.51
2011-06-13,evaluation,False,48138,16,16,123.03999999999999
2011-06-13,evaluation,False,21843,15,15,183.93
2011-06-13,evaluation,False,21621,26,26,221.0
2011-06-13,evaluation,False,85099F,224,224,438.9700000000001
2011-06-13,evaluation,False,15056N,142,142,823.96
2011-06-13,evaluation,False,21232,74,74,192.17999999999998
2011-06-13,evaluation,False,22386,233,233,484.44
2011-06-13,evaluation,False,20685,5,5,47.59
2011-06-13,evaluation,False,85099C,265,265,503.65000000000003
2011-06-13,evaluation,False,20725,186,186,434.33
2011-06-13,evaluation,False,79321,109,109,656.3800000000001
2011-06-13,evaluation,False,21754,30,30,178.50000000000003
2011-06-13,evaluation,False,21931,93,93,279.53999999999996
2011-06-20,evaluation,False,22423,130,130,1603.3500000000001
2011-06-20,evaluation,False,85123A,224,224,709.0400000000001
2011-06-20,evaluation,False,85099B,791,791,1522.53
2011-06-20,evaluation,False,84879,262,262,442.78000000000003
2011-06-20,evaluation,False,22086,6,6,17.700000000000003
2011-06-20,evaluation,False,47566,586,586,2814.3
2011-06-20,evaluation,False,84347,1,1,2.55
2011-06-20,evaluation,False,48138,19,19,139.04999999999998
2011-06-20,evaluation,False,21843,17,17,195.98999999999998
2011-06-20,evaluation,False,21621,18,18,160.92000000000002
2011-06-20,evaluation,False,85099F,605,605,1119.5500000000002
2011-06-20,evaluation,False,15056N,87,87,569.7299999999999
2011-06-20,evaluation,False,21232,117,117,179.77
2011-06-20,evaluation,False,22386,551,551,1060.8299999999997
2011-06-20,evaluation,False,20685,45,45,317.59
2011-06-20,evaluation,False,85099C,83,83,178.79
2011-06-20,evaluation,False,20725,218,218,447.40999999999997
2011-06-20,evaluation,False,79321,48,48,276.93
2011-06-20,evaluation,False,21754,30,30,178.5
2011-06-20,evaluation,False,21931,244,244,581.02
2011-06-27,evaluation,False,22423,84,84,1159.92
2011-06-27,evaluation,False,85123A,252,252,705.0000000000002
2011-06-27,evaluation,False,85099B,595,595,1168.9499999999996
2011-06-27,evaluation,False,84879,276,276,477.88
2011-06-27,evaluation,False,22086,365,365,963.47
2011-06-27,evaluation,False,47566,248,248,1741.5199999999993
2011-06-27,evaluation,False,84347,3,3,10.059999999999999
2011-06-27,evaluation,False,48138,8,8,63.6
2011-06-27,evaluation,False,21843,16,16,185.04
2011-06-27,evaluation,False,21621,33,33,284.46
2011-06-27,evaluation,False,85099F,251,251,490.13000000000005
2011-06-27,evaluation,False,15056N,7,7,54.67
2011-06-27,evaluation,False,21232,104,104,214.57
2011-06-27,evaluation,False,22386,356,356,728.8299999999999
2011-06-27,evaluation,False,20685,22,22,180.26000000000002
2011-06-27,evaluation,False,85099C,181,181,351.58000000000004
2011-06-27,evaluation,False,20725,183,183,363.18
2011-06-27,evaluation,False,79321,113,113,593.08
2011-06-27,evaluation,False,21754,31,31,181.13000000000002
2011-06-27,evaluation,False,21931,427,427,895.7099999999998
2011-07-04,evaluation,False,22423,105,105,1712.88
2011-07-04,evaluation,False,85123A,264,264,759.6
2011-07-04,evaluation,False,85099B,1324,1324,2603.3199999999997
2011-07-04,evaluation,False,84879,444,444,761.7999999999997
2011-07-04,evaluation,False,22086,18,18,53.10000000000001
2011-07-04,evaluation,False,47566,881,881,4697.670000000002
2011-07-04,evaluation,False,84347,120,120,252.0
2011-07-04,evaluation,False,48138,56,56,400.87999999999994
2011-07-04,evaluation,False,21843,6,6,85.38
2011-07-04,evaluation,False,21621,48,48,440.09999999999997
2011-07-04,evaluation,False,85099F,513,513,960.7399999999999
2011-07-04,evaluation,False,15056N,259,259,1471.7200000000007
2011-07-04,evaluation,False,21232,65,65,99.54
2011-07-04,evaluation,False,22386,444,444,918.5199999999998
2011-07-04,evaluation,False,20685,418,418,1980.4600000000005
2011-07-04,evaluation,False,85099C,324,324,632.32
2011-07-04,evaluation,False,20725,293,293,480.81
2011-07-04,evaluation,False,79321,23,23,199.35
2011-07-04,evaluation,False,21754,22,22,142.25999999999996
2011-07-04,evaluation,False,21931,351,351,846.6299999999998
2011-07-11,evaluation,False,22423,206,206,2489.4
2011-07-11,evaluation,False,85123A,1172,1172,3189.7999999999993
2011-07-11,evaluation,False,85099B,411,411,824.73
2011-07-11,evaluation,False,84879,362,362,611.7799999999999
2011-07-11,evaluation,False,22086,4,4,20.32
2011-07-11,evaluation,False,47566,346,346,1756.2199999999991
2011-07-11,evaluation,False,84347,0,0,0.0
2011-07-11,evaluation,False,48138,34,34,266.14
2011-07-11,evaluation,False,21843,7,7,106.16999999999999
2011-07-11,evaluation,False,21621,6,6,59.129999999999995
2011-07-11,evaluation,False,85099F,29,29,62.370000000000005
2011-07-11,evaluation,False,15056N,83,83,440.35999999999996
2011-07-11,evaluation,False,21232,121,121,151.39000000000001
2011-07-11,evaluation,False,22386,315,315,636.1500000000002
2011-07-11,evaluation,False,20685,46,46,355.81999999999994
2011-07-11,evaluation,False,85099C,93,93,224.19000000000005
2011-07-11,evaluation,False,20725,201,201,336.60999999999996
2011-07-11,evaluation,False,79321,33,33,236.72
2011-07-11,evaluation,False,21754,33,33,213.39000000000001
2011-07-11,evaluation,False,21931,156,156,315.98
2011-07-18,evaluation,False,22423,306,306,3651.8700000000003
2011-07-18,evaluation,False,85123A,697,697,1935.3899999999996
2011-07-18,evaluation,False,85099B,712,712,1409.9099999999996
2011-07-18,evaluation,False,84879,511,511,863.5899999999997
2011-07-18,evaluation,False,22086,14,14,58.02
2011-07-18,evaluation,False,47566,843,843,4611.930000000001
2011-07-18,evaluation,False,84347,1,1,2.55
2011-07-18,evaluation,False,48138,50,50,359.09999999999997
2011-07-18,evaluation,False,21843,13,13,152.19
2011-07-18,evaluation,False,21621,26,26,221.0
2011-07-18,evaluation,False,85099F,120,120,261.90000000000003
2011-07-18,evaluation,False,15056N,319,319,1683.13
2011-07-18,evaluation,False,21232,141,141,169.69000000000003
2011-07-18,evaluation,False,22386,287,287,600.26
2011-07-18,evaluation,False,20685,89,89,634.9499999999999
2011-07-18,evaluation,False,85099C,210,210,434.4500000000001
2011-07-18,evaluation,False,20725,315,315,575.5999999999999
2011-07-18,evaluation,False,79321,129,129,709.03
2011-07-18,evaluation,False,21754,45,45,263.25
2011-07-18,evaluation,False,21931,257,257,630.6099999999999
2011-07-25,evaluation,False,22423,275,275,3176.3099999999995
2011-07-25,evaluation,False,85123A,756,756,2348.0400000000004
2011-07-25,evaluation,False,85099B,540,540,1106.1999999999996
2011-07-25,evaluation,False,84879,400,400,675.9999999999998
2011-07-25,evaluation,False,22086,167,167,463.49
2011-07-25,evaluation,False,47566,466,466,2509.3800000000015
2011-07-25,evaluation,False,84347,6,6,15.299999999999999
2011-07-25,evaluation,False,48138,30,30,222.34
2011-07-25,evaluation,False,21843,7,7,70.64999999999999
2011-07-25,evaluation,False,21621,19,19,161.5
2011-07-25,evaluation,False,85099F,434,434,827.1199999999998
2011-07-25,evaluation,False,15056N,25,25,220.36
2011-07-25,evaluation,False,21232,95,95,122.38
2011-07-25,evaluation,False,22386,403,403,781.3899999999998
2011-07-25,evaluation,False,20685,18,18,131.1
2011-07-25,evaluation,False,85099C,164,164,324.42
2011-07-25,evaluation,False,20725,345,345,644.41
2011-07-25,evaluation,False,79321,651,651,3126.89
2011-07-25,evaluation,False,21754,35,35,208.25
2011-07-25,evaluation,False,21931,230,230,471.95000000000005
2011-08-01,evaluation,False,22423,132,132,1754.5500000000002
2011-08-01,evaluation,False,85123A,423,423,1193.7699999999998
2011-08-01,evaluation,False,85099B,1026,1026,1938.729999999999
2011-08-01,evaluation,False,84879,3792,3792,5602.080000000001
2011-08-01,evaluation,False,22086,155,155,412.09000000000003
2011-08-01,evaluation,False,47566,431,431,2468.21
2011-08-01,evaluation,False,84347,12,12,30.599999999999998
2011-08-01,evaluation,False,48138,37,37,285.15
2011-08-01,evaluation,False,21843,27,27,287.48999999999995
2011-08-01,evaluation,False,21621,150,150,1202.52
2011-08-01,evaluation,False,85099F,537,537,1006.2099999999998
2011-08-01,evaluation,False,15056N,102,102,554.43
2011-08-01,evaluation,False,21232,141,141,163.92000000000002
2011-08-01,evaluation,False,22386,362,362,700.2099999999999
2011-08-01,evaluation,False,20685,38,38,293.78
2011-08-01,evaluation,False,85099C,264,264,493.16999999999996
2011-08-01,evaluation,False,20725,583,583,1044.5300000000002
2011-08-01,evaluation,False,79321,87,87,469.49000000000007
2011-08-01,evaluation,False,21754,28,28,183.64000000000001
2011-08-01,evaluation,False,21931,383,383,710.7900000000002
2011-08-08,evaluation,False,22423,122,122,1582.4399999999998
2011-08-08,evaluation,False,85123A,401,401,1126.71
2011-08-08,evaluation,False,85099B,1123,1123,2353.94
2011-08-08,evaluation,False,84879,1315,1315,1990.0299999999997
2011-08-08,evaluation,False,22086,22,22,68.58000000000001
2011-08-08,evaluation,False,47566,272,272,1691.8399999999992
2011-08-08,evaluation,False,84347,0,0,0.0
2011-08-08,evaluation,False,48138,7,7,63.49
2011-08-08,evaluation,False,21843,8,8,136.79999999999998
2011-08-08,evaluation,False,21621,17,17,160.76
2011-08-08,evaluation,False,85099F,310,310,597.0499999999998
2011-08-08,evaluation,False,15056N,37,37,291.76000000000005
2011-08-08,evaluation,False,21232,119,119,185.17000000000002
2011-08-08,evaluation,False,22386,361,361,910.4799999999998
2011-08-08,evaluation,False,20685,29,29,287.15
2011-08-08,evaluation,False,85099C,252,252,628.4099999999999
2011-08-08,evaluation,False,20725,575,575,1125.5400000000002
2011-08-08,evaluation,False,79321,135,135,727.22
2011-08-08,evaluation,False,21754,17,17,106.83
2011-08-08,evaluation,False,21931,297,297,820.4099999999999
2011-08-15,evaluation,False,22423,147,147,1827.93
2011-08-15,evaluation,False,85123A,265,265,734.2300000000005
2011-08-15,evaluation,False,85099B,976,976,1877.8299999999997
2011-08-15,evaluation,False,84879,556,556,901.24
2011-08-15,evaluation,False,22086,24,24,85.52000000000001
2011-08-15,evaluation,False,47566,286,286,1556.74
2011-08-15,evaluation,False,84347,17,17,43.349999999999994
2011-08-15,evaluation,False,48138,57,57,430.15
2011-08-15,evaluation,False,21843,17,17,189.98999999999998
2011-08-15,evaluation,False,21621,19,19,161.5
2011-08-15,evaluation,False,85099F,328,328,620.2399999999998
2011-08-15,evaluation,False,15056N,138,138,800.1600000000001
2011-08-15,evaluation,False,21232,76,76,103.16
2011-08-15,evaluation,False,22386,366,366,744.3799999999999
2011-08-15,evaluation,False,20685,38,38,291.09999999999997
2011-08-15,evaluation,False,85099C,113,113,263.74000000000007
2011-08-15,evaluation,False,20725,373,373,708.13
2011-08-15,evaluation,False,79321,62,62,371.78000000000003
2011-08-15,evaluation,False,21754,67,67,380.65
2011-08-15,evaluation,False,21931,395,395,762.7999999999998
2011-08-22,evaluation,False,22423,149,149,1836.8400000000001
2011-08-22,evaluation,False,85123A,763,763,2018.6900000000012
2011-08-22,evaluation,False,85099B,1458,1458,2816.79
2011-08-22,evaluation,False,84879,810,810,1253.6999999999996
2011-08-22,evaluation,False,22086,28,28,86.28000000000002
2011-08-22,evaluation,False,47566,436,436,2557.1600000000003
2011-08-22,evaluation,False,84347,18,18,45.9
2011-08-22,evaluation,False,48138,12,12,95.4
2011-08-22,evaluation,False,21843,12,12,135.23999999999998
2011-08-22,evaluation,False,21621,19,19,165.46
2011-08-22,evaluation,False,85099F,862,862,1580.9599999999998
2011-08-22,evaluation,False,15056N,146,146,821.7200000000001
2011-08-22,evaluation,False,21232,101,101,171.13
2011-08-22,evaluation,False,22386,609,609,1211.42
2011-08-22,evaluation,False,20685,34,34,272.34
2011-08-22,evaluation,False,85099C,132,132,280.7100000000001
2011-08-22,evaluation,False,20725,281,281,562.9499999999999
2011-08-22,evaluation,False,79321,110,110,642.0
2011-08-22,evaluation,False,21754,41,41,243.95000000000002
2011-08-22,evaluation,False,21931,356,356,757.73
2011-08-29,evaluation,False,22423,89,89,1280.34
2011-08-29,evaluation,False,85123A,394,394,1090.3400000000001
2011-08-29,evaluation,False,85099B,677,677,1470.8099999999997
2011-08-29,evaluation,False,84879,200,200,349.44000000000005
2011-08-29,evaluation,False,22086,192,192,520.28
2011-08-29,evaluation,False,47566,187,187,1311.0900000000001
2011-08-29,evaluation,False,84347,4,4,19.84
2011-08-29,evaluation,False,48138,21,21,163.69
2011-08-29,evaluation,False,21843,9,9,118.23000000000002
2011-08-29,evaluation,False,21621,40,40,376.27
2011-08-29,evaluation,False,85099F,278,278,555.4400000000002
2011-08-29,evaluation,False,15056N,26,26,200.26999999999998
2011-08-29,evaluation,False,21232,74,74,135.17
2011-08-29,evaluation,False,22386,238,238,552.49
2011-08-29,evaluation,False,20685,33,33,302.37
2011-08-29,evaluation,False,85099C,264,264,598.3699999999998
2011-08-29,evaluation,False,20725,192,192,356.48
2011-08-29,evaluation,False,79321,210,210,1084.5600000000002
2011-08-29,evaluation,False,21754,17,17,115.81
2011-08-29,evaluation,False,21931,302,302,731.0599999999997
2011-09-05,evaluation,False,22423,105,105,1309.02
2011-09-05,evaluation,False,85123A,407,407,1161.21
2011-09-05,evaluation,False,85099B,536,536,1120.4299999999998
2011-09-05,evaluation,False,84879,384,384,648.9599999999999
2011-09-05,evaluation,False,22086,495,495,1347.2900000000002
2011-09-05,evaluation,False,47566,224,224,1506.8000000000002
2011-09-05,evaluation,False,84347,38,38,99.30999999999999
2011-09-05,evaluation,False,48138,29,29,227.55
2011-09-05,evaluation,False,21843,3,3,32.849999999999994
2011-09-05,evaluation,False,21621,54,54,466.92
2011-09-05,evaluation,False,85099F,189,189,386.6699999999999
2011-09-05,evaluation,False,15056N,98,98,568.67
2011-09-05,evaluation,False,21232,287,287,398.25999999999993
2011-09-05,evaluation,False,22386,617,617,1243.2099999999996
2011-09-05,evaluation,False,20685,20,20,152.1
2011-09-05,evaluation,False,85099C,439,439,910.1699999999997
2011-09-05,evaluation,False,20725,304,304,508.8799999999999
2011-09-05,evaluation,False,79321,71,71,416.82000000000005
2011-09-05,evaluation,False,21754,56,56,333.8
2011-09-05,evaluation,False,21931,276,276,686.5299999999997
2011-09-12,evaluation,False,22423,197,197,2371.2
2011-09-12,evaluation,False,85123A,657,657,1770.2300000000005
2011-09-12,evaluation,False,85099B,743,743,1571.1899999999998
2011-09-12,evaluation,False,84879,740,740,1185.2399999999998
2011-09-12,evaluation,False,22086,481,481,1411.6300000000003
2011-09-12,evaluation,False,47566,334,334,1668.5000000000002
2011-09-12,evaluation,False,84347,294,294,647.3499999999999
2011-09-12,evaluation,False,48138,544,544,2615.56
2011-09-12,evaluation,False,21843,29,29,313.22999999999996
2011-09-12,evaluation,False,21621,19,19,177.34
2011-09-12,evaluation,False,85099F,302,302,580.41
2011-09-12,evaluation,False,15056N,114,114,689.9100000000002
2011-09-12,evaluation,False,21232,133,133,224.36999999999995
2011-09-12,evaluation,False,22386,478,478,985.1399999999996
2011-09-12,evaluation,False,20685,14,14,112.17999999999999
2011-09-12,evaluation,False,85099C,109,109,282.07000000000005
2011-09-12,evaluation,False,20725,299,299,494.84999999999997
2011-09-12,evaluation,False,79321,262,262,1420.93
2011-09-12,evaluation,False,21754,45,45,266.85
2011-09-12,evaluation,False,21931,331,331,782.48
2011-09-19,evaluation,False,22423,100,100,1412.76
2011-09-19,evaluation,False,85123A,660,660,2040.5600000000006
2011-09-19,evaluation,False,85099B,1387,1387,2668.610000000001
2011-09-19,evaluation,False,84879,629,629,1036.0499999999997
2011-09-19,evaluation,False,22086,584,584,1702.6400000000006
2011-09-19,evaluation,False,47566,127,127,825.0500000000001
2011-09-19,evaluation,False,84347,367,367,843.14
2011-09-19,evaluation,False,48138,23,23,178.05
2011-09-19,evaluation,False,21843,38,38,338.15999999999997
2011-09-19,evaluation,False,21621,46,46,398.71000000000004
2011-09-19,evaluation,False,85099F,509,509,951.2699999999999
2011-09-19,evaluation,False,15056N,28,28,179.62
2011-09-19,evaluation,False,21232,207,207,305.27000000000004
2011-09-19,evaluation,False,22386,599,599,1197.3199999999997
2011-09-19,evaluation,False,20685,11,11,115.89
2011-09-19,evaluation,False,85099C,440,440,883.9
2011-09-19,evaluation,False,20725,212,212,399.57
2011-09-19,evaluation,False,79321,28,28,201.26
2011-09-19,evaluation,False,21754,17,17,111.63
2011-09-19,evaluation,False,21931,278,278,686.04
2011-09-26,evaluation,False,22423,137,137,1699.6500000000003
2011-09-26,evaluation,False,85123A,408,408,1131.8000000000002
2011-09-26,evaluation,False,85099B,889,889,1802.5199999999993
2011-09-26,evaluation,False,84879,799,799,1284.9499999999996
2011-09-26,evaluation,False,22086,347,347,1012.1300000000001
2011-09-26,evaluation,False,47566,197,197,1016.9099999999996
2011-09-26,evaluation,False,84347,40,40,104.40999999999998
2011-09-26,evaluation,False,48138,176,176,1353.1999999999998
2011-09-26,evaluation,False,21843,5,5,54.75
2011-09-26,evaluation,False,21621,22,22,187.0
2011-09-26,evaluation,False,85099F,206,206,406.0800000000001
2011-09-26,evaluation,False,15056N,46,46,293.23
2011-09-26,evaluation,False,21232,214,214,328.7799999999999
2011-09-26,evaluation,False,22386,665,665,1263.25
2011-09-26,evaluation,False,20685,95,95,734.49
2011-09-26,evaluation,False,85099C,398,398,823.2399999999999
2011-09-26,evaluation,False,20725,228,228,473.00000000000006
2011-09-26,evaluation,False,79321,162,162,875.7600000000001
2011-09-26,evaluation,False,21754,33,33,211.63
2011-09-26,evaluation,False,21931,260,260,581.9500000000002
2011-10-03,evaluation,False,22423,298,298,3641.1299999999997
2011-10-03,evaluation,False,85123A,157,157,480.19000000000005
2011-10-03,evaluation,False,85099B,2496,2496,4604.63
2011-10-03,evaluation,False,84879,573,573,968.3699999999999
2011-10-03,evaluation,False,22086,953,953,2637.829999999997
2011-10-03,evaluation,False,47566,170,170,1086.7799999999997
2011-10-03,evaluation,False,84347,178,178,482.82
2011-10-03,evaluation,False,48138,30,30,235.8
2011-10-03,evaluation,False,21843,4,4,43.8
2011-10-03,evaluation,False,21621,30,30,255.0
2011-10-03,evaluation,False,85099F,1052,1052,1894.31
2011-10-03,evaluation,False,15056N,22,22,156.93999999999997
2011-10-03,evaluation,False,21232,67,67,150.55
2011-10-03,evaluation,False,22386,1539,1539,2828.1700000000005
2011-10-03,evaluation,False,20685,36,36,273.6
2011-10-03,evaluation,False,85099C,146,146,284.93
2011-10-03,evaluation,False,20725,278,278,732.5899999999999
2011-10-03,evaluation,False,79321,47,47,337.35
2011-10-03,evaluation,False,21754,44,44,273.2
2011-10-03,evaluation,False,21931,444,444,883.92
2011-10-10,evaluation,False,22423,127,127,1706.37
2011-10-10,evaluation,False,85123A,599,599,1645.21
2011-10-10,evaluation,False,85099B,547,547,1156.6599999999996
2011-10-10,evaluation,False,84879,412,412,696.2799999999997
2011-10-10,evaluation,False,22086,739,739,2138.0100000000007
2011-10-10,evaluation,False,47566,102,102,674.26
2011-10-10,evaluation,False,84347,469,469,1043.59
2011-10-10,evaluation,False,48138,39,39,301.72999999999996
2011-10-10,evaluation,False,21843,23,23,291.2099999999999
2011-10-10,evaluation,False,21621,17,17,144.5
2011-10-10,evaluation,False,85099F,51,51,116.33
2011-10-10,evaluation,False,15056N,32,32,197.93000000000004
2011-10-10,evaluation,False,21232,358,358,408.58
2011-10-10,evaluation,False,22386,197,197,419.71
2011-10-10,evaluation,False,20685,39,39,318.81
2011-10-10,evaluation,False,85099C,210,210,467.2500000000001
2011-10-10,evaluation,False,20725,383,383,750.9100000000001
2011-10-10,evaluation,False,79321,150,150,819.25
2011-10-10,evaluation,False,21754,18,18,112.5
2011-10-10,evaluation,False,21931,143,143,395.8400000000001
2011-10-17,evaluation,False,22423,89,89,1211.46
2011-10-17,evaluation,False,85123A,152,152,460.84
2011-10-17,evaluation,False,85099B,725,725,1443.2499999999993
2011-10-17,evaluation,False,84879,740,740,1173.7999999999995
2011-10-17,evaluation,False,22086,698,698,2067.86
2011-10-17,evaluation,False,47566,203,203,1144.2499999999998
2011-10-17,evaluation,False,84347,400,400,943.3299999999999
2011-10-17,evaluation,False,48138,16,16,132.0
2011-10-17,evaluation,False,21843,4,4,73.32
2011-10-17,evaluation,False,21621,35,35,309.59000000000003
2011-10-17,evaluation,False,85099F,433,433,821.8399999999999
2011-10-17,evaluation,False,15056N,19,19,126.07000000000002
2011-10-17,evaluation,False,21232,139,139,180.26
2011-10-17,evaluation,False,22386,334,334,669.52
2011-10-17,evaluation,False,20685,12,12,114.91999999999999
2011-10-17,evaluation,False,85099C,200,200,415.7
2011-10-17,evaluation,False,20725,146,146,368.32
2011-10-17,evaluation,False,79321,109,109,710.37
2011-10-17,evaluation,False,21754,34,34,223.26
2011-10-17,evaluation,False,21931,140,140,377.3
2011-10-24,evaluation,False,22423,121,121,1500.8100000000002
2011-10-24,evaluation,False,85123A,369,369,1065.23
2011-10-24,evaluation,False,85099B,490,490,1039.1
2011-10-24,evaluation,False,84879,745,745,1346.4899999999998
2011-10-24,evaluation,False,22086,632,632,1922.7600000000011
2011-10-24,evaluation,False,47566,78,78,432.81999999999994
2011-10-24,evaluation,False,84347,677,677,1252.3999999999999
2011-10-24,evaluation,False,48138,20,20,153.3
2011-10-24,evaluation,False,21843,13,13,171.87
2011-10-24,evaluation,False,21621,12,12,102.0
2011-10-24,evaluation,False,85099F,30,30,72.64999999999999
2011-10-24,evaluation,False,15056N,107,107,596.1800000000002
2011-10-24,evaluation,False,21232,137,137,168.46
2011-10-24,evaluation,False,22386,343,343,706.69
2011-10-24,evaluation,False,20685,52,52,410.66
2011-10-24,evaluation,False,85099C,391,391,777.5299999999999
2011-10-24,evaluation,False,20725,234,234,438.21999999999997
2011-10-24,evaluation,False,79321,431,431,2285.1200000000003
2011-10-24,evaluation,False,21754,48,48,286.18
2011-10-24,evaluation,False,21931,242,242,560.4599999999999
2011-10-31,evaluation,False,22423,236,236,2918.5499999999997
2011-10-31,evaluation,False,85123A,1691,1691,5219.53
2011-10-31,evaluation,False,85099B,823,823,1705.0399999999995
2011-10-31,evaluation,False,84879,912,912,1514.3199999999995
2011-10-31,evaluation,False,22086,1717,1717,4936.5499999999965
2011-10-31,evaluation,False,47566,102,102,635.22
2011-10-31,evaluation,False,84347,319,319,884.4900000000001
2011-10-31,evaluation,False,48138,32,32,328.68
2011-10-31,evaluation,False,21843,34,34,358.13999999999993
2011-10-31,evaluation,False,21621,20,20,177.92000000000002
2011-10-31,evaluation,False,85099F,193,193,365.74000000000007
2011-10-31,evaluation,False,15056N,10,10,92.05000000000001
2011-10-31,evaluation,False,21232,201,201,271.45000000000005
2011-10-31,evaluation,False,22386,293,293,641.44
2011-10-31,evaluation,False,20685,90,90,714.22
2011-10-31,evaluation,False,85099C,90,90,225.30000000000004
2011-10-31,evaluation,False,20725,123,223,247.62
2011-10-31,evaluation,False,79321,166,166,1123.75
2011-10-31,evaluation,False,21754,58,58,358.86
2011-10-31,evaluation,False,21931,245,245,545.3000000000001
2011-11-07,evaluation,False,22423,157,157,2204.0099999999998
2011-11-07,evaluation,False,85123A,524,524,1524.68
2011-11-07,evaluation,False,85099B,2060,2060,3966.6500000000005
2011-11-07,evaluation,False,84879,1740,1740,2675.48
2011-11-07,evaluation,False,22086,1273,1273,5870.309999999993
2011-11-07,evaluation,False,47566,135,135,785.05
2011-11-07,evaluation,False,84347,584,584,2377.51
2011-11-07,evaluation,False,48138,33,33,278.19
2011-11-07,evaluation,False,21843,27,27,335.01
2011-11-07,evaluation,False,21621,32,32,280.13
2011-11-07,evaluation,False,85099F,301,301,580.3800000000001
2011-11-07,evaluation,False,15056N,29,29,192.08000000000004
2011-11-07,evaluation,False,21232,135,135,236.51
2011-11-07,evaluation,False,22386,416,416,891.33
2011-11-07,evaluation,False,20685,36,36,317.14
2011-11-07,evaluation,False,85099C,253,253,577.19
2011-11-07,evaluation,False,20725,526,526,988.42
2011-11-07,evaluation,False,79321,482,482,2533.2599999999998
2011-11-07,evaluation,False,21754,30,30,203.64
2011-11-07,evaluation,False,21931,404,404,880.7199999999999
2011-11-14,evaluation,False,22423,148,148,2011.6200000000003
2011-11-14,evaluation,False,85123A,1172,1172,3395.039999999999
2011-11-14,evaluation,False,85099B,1562,1562,3018.810000000003
2011-11-14,evaluation,False,84879,1102,1102,1785.5799999999995
2011-11-14,evaluation,False,22086,2149,2149,9449.749999999995
2011-11-14,evaluation,False,47566,109,109,592.9899999999999
2011-11-14,evaluation,False,84347,735,735,2617.3900000000003
2011-11-14,evaluation,False,48138,39,39,294.19
2011-11-14,evaluation,False,21843,4,4,63.48
2011-11-14,evaluation,False,21621,16,16,139.96
2011-11-14,evaluation,False,85099F,196,196,376.7300000000002
2011-11-14,evaluation,False,15056N,97,97,512.6800000000001
2011-11-14,evaluation,False,21232,733,733,856.4200000000001
2011-11-14,evaluation,False,22386,472,472,931.7599999999995
2011-11-14,evaluation,False,20685,26,26,217.88
2011-11-14,evaluation,False,85099C,620,620,1167.1499999999999
2011-11-14,evaluation,False,20725,449,449,915.4899999999999
2011-11-14,evaluation,False,79321,381,381,2261.0100000000007
2011-11-14,evaluation,False,21754,58,58,358.86
2011-11-14,evaluation,False,21931,149,149,326.32
2011-11-21,evaluation,False,22423,173,173,2536.8
2011-11-21,evaluation,False,85123A,558,558,1582.78
2011-11-21,evaluation,False,85099B,727,727,1527.759999999999
2011-11-21,evaluation,False,84879,957,957,1563.4099999999994
2011-11-21,evaluation,False,22086,1660,1660,5606.759999999997
2011-11-21,evaluation,False,47566,451,451,2162.69
2011-11-21,evaluation,False,84347,1144,1144,2828.0699999999997
2011-11-21,evaluation,False,48138,89,89,729.9099999999999
2011-11-21,evaluation,False,21843,104,104,687.6000000000001
2011-11-21,evaluation,False,21621,25,25,224.59
2011-11-21,evaluation,False,85099F,52,52,114.30999999999999
2011-11-21,evaluation,False,15056N,8,8,60.620000000000005
2011-11-21,evaluation,False,21232,165,165,290.95000000000005
2011-11-21,evaluation,False,22386,253,253,562.8400000000001
2011-11-21,evaluation,False,20685,96,96,775.8999999999997
2011-11-21,evaluation,False,85099C,203,203,430.1400000000001
2011-11-21,evaluation,False,20725,256,256,698.75
2011-11-21,evaluation,False,79321,959,959,4960.250000000001
2011-11-21,evaluation,False,21754,58,58,358.86
2011-11-21,evaluation,False,21931,209,209,465.17
2011-11-28,evaluation,False,22423,197,197,2756.79
2011-11-28,evaluation,False,85123A,655,655,1789.8900000000003
2011-11-28,evaluation,False,85099B,1009,1009,2041.5699999999997
2011-11-28,evaluation,False,84879,953,953,1568.0899999999997
2011-11-28,evaluation,False,22086,1518,1518,4493.099999999998
2011-11-28,evaluation,False,47566,101,101,716.0300000000001
2011-11-28,evaluation,False,84347,687,687,2298.7599999999998
2011-11-28,evaluation,False,48138,35,35,327.40999999999997
2011-11-28,evaluation,False,21843,42,42,587.8199999999999
2011-11-28,evaluation,False,21621,33,33,280.5
2011-11-28,evaluation,False,85099F,426,426,802.3299999999999
2011-11-28,evaluation,False,15056N,30,30,205.56
2011-11-28,evaluation,False,21232,379,379,523.15
2011-11-28,evaluation,False,22386,416,416,821.3299999999998
2011-11-28,evaluation,False,20685,95,95,697.69
2011-11-28,evaluation,False,85099C,384,384,762.7699999999999
2011-11-28,evaluation,False,20725,321,321,778.1099999999999
2011-11-28,evaluation,False,79321,314,314,1717.9199999999998
2011-11-28,evaluation,False,21754,52,52,315.98
2011-11-28,evaluation,False,21931,257,257,518.21
