policy_id,week_start,sku,price,opening,ordered,start,sales,covered,lost,closing,holding_cost,shortage_cost,cost
proportional,2010-12-06,22423,12.75,0,224,224,785,224,561,0,0.0,2145.825,2145.825
proportional,2010-12-06,85123A,2.95,0,992,992,1121,992,129,0,0.0,114.165,114.165
proportional,2010-12-06,85099B,1.95,0,851,851,842,842,0,9,0.8775000000000001,0.0,0.8775000000000001
proportional,2010-12-06,84879,1.69,0,775,775,669,669,0,106,8.956999999999999,0.0,8.956999999999999
proportional,2010-12-06,22086,2.95,0,276,276,1048,276,772,0,0.0,683.22,683.22
proportional,2010-12-06,47566,4.65,0,179,179,144,144,0,35,8.137500000000001,0.0,8.137500000000001
proportional,2010-12-06,84347,2.55,0,403,403,661,403,258,0,0.0,197.36999999999998,197.36999999999998
proportional,2010-12-06,48138,7.49,0,120,120,87,87,0,33,12.358500000000001,0.0,12.358500000000001
proportional,2010-12-06,21843,10.95,0,66,66,96,66,30,0,0.0,98.55,98.55
proportional,2010-12-06,21621,8.5,0,79,79,23,23,0,56,23.8,0.0,23.8
proportional,2010-12-06,85099F,1.95,0,363,363,162,162,0,201,19.5975,0.0,19.5975
proportional,2010-12-06,15056N,5.95,0,123,123,29,29,0,94,27.965000000000003,0.0,27.965000000000003
proportional,2010-12-06,21232,1.25,0,473,473,377,377,0,96,6.0,0.0,6.0
proportional,2010-12-06,22386,1.95,0,312,312,260,260,0,52,5.07,0.0,5.07
proportional,2010-12-06,20685,7.49,0,86,86,145,86,59,0,0.0,132.573,132.573
proportional,2010-12-06,85099C,1.95,0,313,313,449,313,136,0,0.0,79.55999999999999,79.55999999999999
proportional,2010-12-06,20725,1.65,0,335,335,233,233,0,102,8.415,0.0,8.415
proportional,2010-12-06,79321,4.95,0,118,118,337,118,219,0,0.0,325.215,325.215
proportional,2010-12-06,21754,5.95,0,91,91,127,91,36,0,0.0,64.26,64.26
proportional,2010-12-06,21931,1.95,0,276,276,209,209,0,67,6.532500000000001,0.0,6.532500000000001
proportional,2010-12-13,22423,12.75,0,241,241,370,241,129,0,0.0,493.42499999999995,493.42499999999995
proportional,2010-12-13,85123A,2.95,0,961,961,935,935,0,26,3.8350000000000004,0.0,3.8350000000000004
proportional,2010-12-13,85099B,1.95,9,840,849,407,407,0,442,43.095,0.0,43.095
proportional,2010-12-13,84879,1.69,106,664,770,614,614,0,156,13.182,0.0,13.182
proportional,2010-12-13,22086,2.95,0,286,286,597,286,311,0,0.0,275.235,275.235
proportional,2010-12-13,47566,4.65,35,148,183,28,28,0,155,36.0375,0.0,36.0375
proportional,2010-12-13,84347,2.55,0,418,418,765,418,347,0,0.0,265.455,265.455
proportional,2010-12-13,48138,7.49,33,89,122,51,51,0,71,26.5895,0.0,26.5895
proportional,2010-12-13,21843,10.95,0,66,66,51,51,0,15,8.2125,0.0,8.2125
proportional,2010-12-13,21621,8.5,56,23,79,21,21,0,58,24.650000000000002,0.0,24.650000000000002
proportional,2010-12-13,85099F,1.95,201,160,361,229,229,0,132,12.87,0.0,12.87
proportional,2010-12-13,15056N,5.95,94,16,110,14,14,0,96,28.560000000000002,0.0,28.560000000000002
proportional,2010-12-13,21232,1.25,96,368,464,312,312,0,152,9.5,0.0,9.5
proportional,2010-12-13,22386,1.95,52,267,319,97,97,0,222,21.645,0.0,21.645
proportional,2010-12-13,20685,7.49,0,88,88,58,58,0,30,11.235000000000001,0.0,11.235000000000001
proportional,2010-12-13,85099C,1.95,0,311,311,127,127,0,184,17.94,0.0,17.94
proportional,2010-12-13,20725,1.65,102,234,336,177,177,0,159,13.1175,0.0,13.1175
proportional,2010-12-13,79321,4.95,0,122,122,589,122,467,0,0.0,693.495,693.495
proportional,2010-12-13,21754,5.95,0,91,91,69,69,0,22,6.545000000000001,0.0,6.545000000000001
proportional,2010-12-13,21931,1.95,67,211,278,174,174,0,104,10.14,0.0,10.14
proportional,2010-12-20,22423,12.75,0,250,250,174,174,0,76,48.45,0.0,48.45
proportional,2010-12-20,85123A,2.95,26,934,960,174,174,0,786,115.93500000000002,0.0,115.93500000000002
proportional,2010-12-20,85099B,1.95,442,395,837,170,170,0,667,65.0325,0.0,65.0325
proportional,2010-12-20,84879,1.69,156,604,760,16,16,0,744,62.867999999999995,0.0,62.867999999999995
proportional,2010-12-20,22086,2.95,0,288,288,125,125,0,163,24.042500000000004,0.0,24.042500000000004
proportional,2010-12-20,47566,4.65,155,29,184,24,24,0,160,37.2,0.0,37.2
proportional,2010-12-20,84347,2.55,0,435,435,184,184,0,251,32.0025,0.0,32.0025
proportional,2010-12-20,48138,7.49,71,53,124,7,7,0,117,43.816500000000005,0.0,43.816500000000005
proportional,2010-12-20,21843,10.95,15,50,65,10,10,0,55,30.1125,0.0,30.1125
proportional,2010-12-20,21621,8.5,58,21,79,15,15,0,64,27.200000000000003,0.0,27.200000000000003
proportional,2010-12-20,85099F,1.95,132,231,363,11,11,0,352,34.32,0.0,34.32
proportional,2010-12-20,15056N,5.95,96,12,108,32,32,0,76,22.61,0.0,22.61
proportional,2010-12-20,21232,1.25,152,296,448,47,47,0,401,25.0625,0.0,25.0625
proportional,2010-12-20,22386,1.95,222,101,323,9,9,0,314,30.615,0.0,30.615
proportional,2010-12-20,20685,7.49,30,55,85,18,18,0,67,25.091500000000003,0.0,25.091500000000003
proportional,2010-12-20,85099C,1.95,184,128,312,117,117,0,195,19.0125,0.0,19.0125
proportional,2010-12-20,20725,1.65,159,178,337,44,44,0,293,24.1725,0.0,24.1725
proportional,2010-12-20,79321,4.95,0,131,131,60,60,0,71,17.5725,0.0,17.5725
proportional,2010-12-20,21754,5.95,22,69,91,13,13,0,78,23.205000000000002,0.0,23.205000000000002
proportional,2010-12-20,21931,1.95,104,171,275,61,61,0,214,20.865000000000002,0.0,20.865000000000002
proportional,2010-12-27,22423,12.75,76,177,253,0,0,0,253,161.28750000000002,0.0,161.28750000000002
proportional,2010-12-27,85123A,2.95,786,173,959,0,0,0,959,141.45250000000001,0.0,141.45250000000001
proportional,2010-12-27,85099B,1.95,667,171,838,0,0,0,838,81.705,0.0,81.705
proportional,2010-12-27,84879,1.69,744,14,758,0,0,0,758,64.051,0.0,64.051
proportional,2010-12-27,22086,2.95,163,125,288,0,0,0,288,42.480000000000004,0.0,42.480000000000004
proportional,2010-12-27,47566,4.65,160,24,184,0,0,0,184,42.78,0.0,42.78
proportional,2010-12-27,84347,2.55,251,186,437,0,0,0,437,55.7175,0.0,55.7175
proportional,2010-12-27,48138,7.49,117,7,124,0,0,0,124,46.438,0.0,46.438
proportional,2010-12-27,21843,10.95,55,10,65,0,0,0,65,35.5875,0.0,35.5875
proportional,2010-12-27,21621,8.5,64,15,79,0,0,0,79,33.575,0.0,33.575
proportional,2010-12-27,85099F,1.95,352,10,362,0,0,0,362,35.295,0.0,35.295
proportional,2010-12-27,15056N,5.95,76,33,109,0,0,0,109,32.4275,0.0,32.4275
proportional,2010-12-27,21232,1.25,401,46,447,0,0,0,447,27.9375,0.0,27.9375
proportional,2010-12-27,22386,1.95,314,8,322,0,0,0,322,31.395,0.0,31.395
proportional,2010-12-27,20685,7.49,67,17,84,0,0,0,84,31.458,0.0,31.458
proportional,2010-12-27,85099C,1.95,195,118,313,0,0,0,313,30.517500000000002,0.0,30.517500000000002
proportional,2010-12-27,20725,1.65,293,43,336,0,0,0,336,27.72,0.0,27.72
proportional,2010-12-27,79321,4.95,71,60,131,0,0,0,131,32.42250000000001,0.0,32.42250000000001
proportional,2010-12-27,21754,5.95,78,13,91,0,0,0,91,27.072500000000005,0.0,27.072500000000005
proportional,2010-12-27,21931,1.95,214,61,275,0,0,0,275,26.8125,0.0,26.8125
proportional,2011-01-03,22423,12.75,253,0,253,245,245,0,8,5.1000000000000005,0.0,5.1000000000000005
proportional,2011-01-03,85123A,2.95,959,0,959,967,959,8,0,0.0,7.08,7.08
proportional,2011-01-03,85099B,1.95,838,0,838,1254,838,416,0,0.0,243.35999999999996,243.35999999999996
proportional,2011-01-03,84879,1.69,758,0,758,480,480,0,278,23.491,0.0,23.491
proportional,2011-01-03,22086,2.95,288,0,288,16,16,0,272,40.120000000000005,0.0,40.120000000000005
proportional,2011-01-03,47566,4.65,184,0,184,145,145,0,39,9.0675,0.0,9.0675
proportional,2011-01-03,84347,2.55,437,0,437,9,9,0,428,54.56999999999999,0.0,54.56999999999999
proportional,2011-01-03,48138,7.49,124,0,124,43,43,0,81,30.334500000000006,0.0,30.334500000000006
proportional,2011-01-03,21843,10.95,65,0,65,21,21,0,44,24.09,0.0,24.09
proportional,2011-01-03,21621,8.5,79,0,79,40,40,0,39,16.575,0.0,16.575
proportional,2011-01-03,85099F,1.95,362,0,362,703,362,341,0,0.0,199.48499999999999,199.48499999999999
proportional,2011-01-03,15056N,5.95,109,0,109,18,18,0,91,27.072500000000005,0.0,27.072500000000005
proportional,2011-01-03,21232,1.25,447,0,447,124,124,0,323,20.1875,0.0,20.1875
proportional,2011-01-03,22386,1.95,322,0,322,513,322,191,0,0.0,111.735,111.735
proportional,2011-01-03,20685,7.49,84,0,84,36,36,0,48,17.976,0.0,17.976
proportional,2011-01-03,85099C,1.95,313,0,313,477,313,164,0,0.0,95.94,95.94
proportional,2011-01-03,20725,1.65,336,0,336,318,318,0,18,1.485,0.0,1.485
proportional,2011-01-03,79321,4.95,131,0,131,861,131,730,0,0.0,1084.05,1084.05
proportional,2011-01-03,21754,5.95,91,0,91,102,91,11,0,0.0,19.635,19.635
proportional,2011-01-03,21931,1.95,275,0,275,216,216,0,59,5.7525,0.0,5.7525
proportional,2011-01-10,22423,12.75,8,248,256,161,161,0,95,60.5625,0.0,60.5625
proportional,2011-01-10,85123A,2.95,0,942,942,3329,942,2387,0,0.0,2112.495,2112.495
proportional,2011-01-10,85099B,1.95,0,845,845,185,185,0,660,64.35000000000001,0.0,64.35000000000001
proportional,2011-01-10,84879,1.69,278,483,761,402,402,0,359,30.335500000000003,0.0,30.335500000000003
proportional,2011-01-10,22086,2.95,272,15,287,6,6,0,281,41.447500000000005,0.0,41.447500000000005
proportional,2011-01-10,47566,4.65,39,146,185,65,65,0,120,27.900000000000002,0.0,27.900000000000002
proportional,2011-01-10,84347,2.55,428,8,436,13,13,0,423,53.9325,0.0,53.9325
proportional,2011-01-10,48138,7.49,81,36,117,11,11,0,106,39.697,0.0,39.697
proportional,2011-01-10,21843,10.95,44,19,63,7,7,0,56,30.659999999999997,0.0,30.659999999999997
proportional,2011-01-10,21621,8.5,39,40,79,338,79,259,0,0.0,660.4499999999999,660.4499999999999
proportional,2011-01-10,85099F,1.95,0,374,374,349,349,0,25,2.4375,0.0,2.4375
proportional,2011-01-10,15056N,5.95,91,5,96,55,55,0,41,12.197500000000002,0.0,12.197500000000002
proportional,2011-01-10,21232,1.25,323,110,433,28,28,0,405,25.3125,0.0,25.3125
proportional,2011-01-10,22386,1.95,0,331,331,323,323,0,8,0.78,0.0,0.78
proportional,2011-01-10,20685,7.49,48,36,84,22,22,0,62,23.219,0.0,23.219
proportional,2011-01-10,85099C,1.95,0,318,318,76,76,0,242,23.595,0.0,23.595
proportional,2011-01-10,20725,1.65,18,317,335,282,282,0,53,4.3725,0.0,4.3725
proportional,2011-01-10,79321,4.95,0,147,147,175,147,28,0,0.0,41.58,41.58
proportional,2011-01-10,21754,5.95,0,92,92,70,70,0,22,6.545000000000001,0.0,6.545000000000001
proportional,2011-01-10,21931,1.95,59,215,274,281,274,7,0,0.0,4.095,4.095
proportional,2011-01-17,22423,12.75,95,163,258,107,107,0,151,96.2625,0.0,96.2625
proportional,2011-01-17,85123A,2.95,0,985,985,400,400,0,585,86.28750000000001,0.0,86.28750000000001
proportional,2011-01-17,85099B,1.95,660,166,826,274,274,0,552,53.81999999999999,0.0,53.81999999999999
proportional,2011-01-17,84879,1.69,359,401,760,139,139,0,621,52.474500000000006,0.0,52.474500000000006
proportional,2011-01-17,22086,2.95,281,4,285,2,2,0,283,41.74250000000001,0.0,41.74250000000001
proportional,2011-01-17,47566,4.65,120,64,184,64,64,0,120,27.900000000000002,0.0,27.900000000000002
proportional,2011-01-17,84347,2.55,423,10,433,11,11,0,422,53.805,0.0,53.805
proportional,2011-01-17,48138,7.49,106,7,113,44,44,0,69,25.840500000000006,0.0,25.840500000000006
proportional,2011-01-17,21843,10.95,56,6,62,10,10,0,52,28.47,0.0,28.47
proportional,2011-01-17,21621,8.5,0,85,85,18,18,0,67,28.475,0.0,28.475
proportional,2011-01-17,85099F,1.95,25,348,373,139,139,0,234,22.815,0.0,22.815
proportional,2011-01-17,15056N,5.95,41,54,95,20,20,0,75,22.3125,0.0,22.3125
proportional,2011-01-17,21232,1.25,405,19,424,124,124,0,300,18.75,0.0,18.75
proportional,2011-01-17,22386,1.95,8,327,335,73,73,0,262,25.545,0.0,25.545
proportional,2011-01-17,20685,7.49,62,20,82,80,80,0,2,0.7490000000000001,0.0,0.7490000000000001
proportional,2011-01-17,85099C,1.95,242,66,308,58,58,0,250,24.375,0.0,24.375
proportional,2011-01-17,20725,1.65,53,282,335,128,128,0,207,17.077499999999997,0.0,17.077499999999997
proportional,2011-01-17,79321,4.95,0,149,149,161,149,12,0,0.0,17.82,17.82
proportional,2011-01-17,21754,5.95,22,69,91,45,45,0,46,13.685,0.0,13.685
proportional,2011-01-17,21931,1.95,0,272,272,80,80,0,192,18.72,0.0,18.72
proportional,2011-01-24,22423,12.75,151,110,261,130,130,0,131,83.5125,0.0,83.5125
proportional,2011-01-24,85123A,2.95,585,396,981,522,522,0,459,67.70250000000001,0.0,67.70250000000001
proportional,2011-01-24,85099B,1.95,552,274,826,482,482,0,344,33.54,0.0,33.54
proportional,2011-01-24,84879,1.69,621,131,752,344,344,0,408,34.476,0.0,34.476
proportional,2011-01-24,22086,2.95,283,4,287,0,0,0,287,42.33250000000001,0.0,42.33250000000001
proportional,2011-01-24,47566,4.65,120,65,185,141,141,0,44,10.230000000000002,0.0,10.230000000000002
proportional,2011-01-24,84347,2.55,422,14,436,1,1,0,435,55.462500000000006,0.0,55.462500000000006
proportional,2011-01-24,48138,7.49,69,43,112,101,101,0,11,4.1195,0.0,4.1195
proportional,2011-01-24,21843,10.95,52,10,62,23,23,0,39,21.3525,0.0,21.3525
proportional,2011-01-24,21621,8.5,67,18,85,27,27,0,58,24.650000000000002,0.0,24.650000000000002
proportional,2011-01-24,85099F,1.95,234,139,373,93,93,0,280,27.3,0.0,27.3
proportional,2011-01-24,15056N,5.95,75,21,96,36,36,0,60,17.85,0.0,17.85
proportional,2011-01-24,21232,1.25,300,120,420,158,158,0,262,16.375,0.0,16.375
proportional,2011-01-24,22386,1.95,262,76,338,189,189,0,149,14.527500000000002,0.0,14.527500000000002
proportional,2011-01-24,20685,7.49,2,81,83,127,83,44,0,0.0,98.868,98.868
proportional,2011-01-24,85099C,1.95,250,60,310,211,211,0,99,9.6525,0.0,9.6525
proportional,2011-01-24,20725,1.65,207,125,332,161,161,0,171,14.1075,0.0,14.1075
proportional,2011-01-24,79321,4.95,0,153,153,105,105,0,48,11.880000000000003,0.0,11.880000000000003
proportional,2011-01-24,21754,5.95,46,45,91,71,71,0,20,5.95,0.0,5.95
proportional,2011-01-24,21931,1.95,192,80,272,259,259,0,13,1.2675,0.0,1.2675
proportional,2011-01-31,22423,12.75,131,134,265,103,103,0,162,103.275,0.0,103.275
proportional,2011-01-31,85123A,2.95,459,507,966,550,550,0,416,61.36000000000001,0.0,61.36000000000001
proportional,2011-01-31,85099B,1.95,344,486,830,945,830,115,0,0.0,67.27499999999999,67.27499999999999
proportional,2011-01-31,84879,1.69,408,349,757,705,705,0,52,4.394,0.0,4.394
proportional,2011-01-31,22086,2.95,287,1,288,0,0,0,288,42.480000000000004,0.0,42.480000000000004
proportional,2011-01-31,47566,4.65,44,142,186,232,186,46,0,0.0,64.17,64.17
proportional,2011-01-31,84347,2.55,435,2,437,12,12,0,425,54.1875,0.0,54.1875
proportional,2011-01-31,48138,7.49,11,99,110,41,41,0,69,25.840500000000006,0.0,25.840500000000006
proportional,2011-01-31,21843,10.95,39,23,62,14,14,0,48,26.279999999999998,0.0,26.279999999999998
proportional,2011-01-31,21621,8.5,58,27,85,49,49,0,36,15.3,0.0,15.3
proportional,2011-01-31,85099F,1.95,280,93,373,381,373,8,0,0.0,4.68,4.68
proportional,2011-01-31,15056N,5.95,60,36,96,16,16,0,80,23.8,0.0,23.8
proportional,2011-01-31,21232,1.25,262,154,416,154,154,0,262,16.375,0.0,16.375
proportional,2011-01-31,22386,1.95,149,192,341,225,225,0,116,11.31,0.0,11.31
proportional,2011-01-31,20685,7.49,0,84,84,54,54,0,30,11.235000000000001,0.0,11.235000000000001
proportional,2011-01-31,85099C,1.95,99,211,310,226,226,0,84,8.19,0.0,8.19
proportional,2011-01-31,20725,1.65,171,159,330,347,330,17,0,0.0,8.415,8.415
proportional,2011-01-31,79321,4.95,48,108,156,99,99,0,57,14.107500000000002,0.0,14.107500000000002
proportional,2011-01-31,21754,5.95,20,70,90,71,71,0,19,5.6525,0.0,5.6525
proportional,2011-01-31,21931,1.95,13,260,273,127,127,0,146,14.235,0.0,14.235
proportional,2011-02-07,22423,12.75,162,104,266,133,133,0,133,84.78750000000001,0.0,84.78750000000001
proportional,2011-02-07,85123A,2.95,416,546,962,503,503,0,459,67.70250000000001,0.0,67.70250000000001
proportional,2011-02-07,85099B,1.95,0,836,836,278,278,0,558,54.405,0.0,54.405
proportional,2011-02-07,84879,1.69,52,713,765,160,160,0,605,51.1225,0.0,51.1225
proportional,2011-02-07,22086,2.95,288,0,288,0,0,0,288,42.480000000000004,0.0,42.480000000000004
proportional,2011-02-07,47566,4.65,0,189,189,183,183,0,6,1.3950000000000002,0.0,1.3950000000000002
proportional,2011-02-07,84347,2.55,425,11,436,11,11,0,425,54.1875,0.0,54.1875
proportional,2011-02-07,48138,7.49,69,40,109,37,37,0,72,26.964,0.0,26.964
proportional,2011-02-07,21843,10.95,48,12,60,40,40,0,20,10.950000000000001,0.0,10.950000000000001
proportional,2011-02-07,21621,8.5,36,49,85,28,28,0,57,24.225,0.0,24.225
proportional,2011-02-07,85099F,1.95,0,377,377,70,70,0,307,29.9325,0.0,29.9325
proportional,2011-02-07,15056N,5.95,80,16,96,197,96,101,0,0.0,180.285,180.285
proportional,2011-02-07,21232,1.25,262,148,410,101,101,0,309,19.3125,0.0,19.3125
proportional,2011-02-07,22386,1.95,116,222,338,95,95,0,243,23.6925,0.0,23.6925
proportional,2011-02-07,20685,7.49,30,48,78,28,28,0,50,18.725,0.0,18.725
proportional,2011-02-07,85099C,1.95,84,225,309,69,69,0,240,23.400000000000002,0.0,23.400000000000002
proportional,2011-02-07,20725,1.65,0,333,333,155,155,0,178,14.685,0.0,14.685
proportional,2011-02-07,79321,4.95,57,100,157,192,157,35,0,0.0,51.975,51.975
proportional,2011-02-07,21754,5.95,19,71,90,60,60,0,30,8.925,0.0,8.925
proportional,2011-02-07,21931,1.95,146,125,271,230,230,0,41,3.9975000000000005,0.0,3.9975000000000005
proportional,2011-02-14,22423,12.75,133,136,269,301,269,32,0,0.0,122.39999999999999,122.39999999999999
proportional,2011-02-14,85123A,2.95,459,503,962,327,327,0,635,93.66250000000001,0.0,93.66250000000001
proportional,2011-02-14,85099B,1.95,558,276,834,973,834,139,0,0.0,81.315,81.315
proportional,2011-02-14,84879,1.69,605,154,759,564,564,0,195,16.477500000000003,0.0,16.477500000000003
proportional,2011-02-14,22086,2.95,288,0,288,2,2,0,286,42.185,0.0,42.185
proportional,2011-02-14,47566,4.65,6,186,192,180,180,0,12,2.7900000000000005,0.0,2.7900000000000005
proportional,2011-02-14,84347,2.55,425,12,437,5,5,0,432,55.08,0.0,55.08
proportional,2011-02-14,48138,7.49,72,36,108,67,67,0,41,15.354500000000002,0.0,15.354500000000002
proportional,2011-02-14,21843,10.95,20,40,60,11,11,0,49,26.8275,0.0,26.8275
proportional,2011-02-14,21621,8.5,57,29,86,135,86,49,0,0.0,124.94999999999999,124.94999999999999
proportional,2011-02-14,85099F,1.95,307,69,376,236,236,0,140,13.65,0.0,13.65
proportional,2011-02-14,15056N,5.95,0,100,100,25,25,0,75,22.3125,0.0,22.3125
proportional,2011-02-14,21232,1.25,309,98,407,110,110,0,297,18.5625,0.0,18.5625
proportional,2011-02-14,22386,1.95,243,93,336,409,336,73,0,0.0,42.705,42.705
proportional,2011-02-14,20685,7.49,50,27,77,31,31,0,46,17.227,0.0,17.227
proportional,2011-02-14,85099C,1.95,240,66,306,448,306,142,0,0.0,83.07,83.07
proportional,2011-02-14,20725,1.65,178,155,333,249,249,0,84,6.93,0.0,6.93
proportional,2011-02-14,79321,4.95,0,161,161,233,161,72,0,0.0,106.92,106.92
proportional,2011-02-14,21754,5.95,30,60,90,46,46,0,44,13.090000000000002,0.0,13.090000000000002
proportional,2011-02-14,21931,1.95,41,233,274,500,274,226,0,0.0,132.20999999999998,132.20999999999998
proportional,2011-02-21,22423,12.75,0,276,276,120,120,0,156,99.45,0.0,99.45
proportional,2011-02-21,85123A,2.95,635,322,957,327,327,0,630,92.92500000000001,0.0,92.92500000000001
proportional,2011-02-21,85099B,1.95,0,835,835,600,600,0,235,22.9125,0.0,22.9125
proportional,2011-02-21,84879,1.69,195,565,760,328,328,0,432,36.504,0.0,36.504
proportional,2011-02-21,22086,2.95,286,2,288,2,2,0,286,42.185,0.0,42.185
proportional,2011-02-21,47566,4.65,12,181,193,157,157,0,36,8.370000000000001,0.0,8.370000000000001
proportional,2011-02-21,84347,2.55,432,6,438,6,6,0,432,55.08,0.0,55.08
proportional,2011-02-21,48138,7.49,41,65,106,57,57,0,49,18.3505,0.0,18.3505
proportional,2011-02-21,21843,10.95,49,11,60,18,18,0,42,22.995,0.0,22.995
proportional,2011-02-21,21621,8.5,0,87,87,127,87,40,0,0.0,102.0,102.0
proportional,2011-02-21,85099F,1.95,140,230,370,76,76,0,294,28.665,0.0,28.665
proportional,2011-02-21,15056N,5.95,75,25,100,18,18,0,82,24.395000000000003,0.0,24.395000000000003
proportional,2011-02-21,21232,1.25,297,110,407,439,407,32,0,0.0,12.0,12.0
proportional,2011-02-21,22386,1.95,0,335,335,160,160,0,175,17.0625,0.0,17.0625
proportional,2011-02-21,20685,7.49,46,26,72,35,35,0,37,13.8565,0.0,13.8565
proportional,2011-02-21,85099C,1.95,0,305,305,84,84,0,221,21.5475,0.0,21.5475
proportional,2011-02-21,20725,1.65,84,248,332,259,259,0,73,6.0225,0.0,6.0225
proportional,2011-02-21,79321,4.95,0,166,166,75,75,0,91,22.5225,0.0,22.5225
proportional,2011-02-21,21754,5.95,44,45,89,75,75,0,14,4.165,0.0,4.165
proportional,2011-02-21,21931,1.95,0,279,279,164,164,0,115,11.2125,0.0,11.2125
proportional,2011-02-28,22423,12.75,156,123,279,313,279,34,0,0.0,130.04999999999998,130.04999999999998
proportional,2011-02-28,85123A,2.95,630,324,954,368,368,0,586,86.435,0.0,86.435
proportional,2011-02-28,85099B,1.95,235,603,838,574,574,0,264,25.74,0.0,25.74
proportional,2011-02-28,84879,1.69,432,332,764,181,181,0,583,49.2635,0.0,49.2635
proportional,2011-02-28,22086,2.95,286,3,289,45,45,0,244,35.99,0.0,35.99
proportional,2011-02-28,47566,4.65,36,160,196,241,196,45,0,0.0,62.775000000000006,62.775000000000006
proportional,2011-02-28,84347,2.55,432,8,440,3,3,0,437,55.7175,0.0,55.7175
proportional,2011-02-28,48138,7.49,49,56,105,50,50,0,55,20.5975,0.0,20.5975
proportional,2011-02-28,21843,10.95,42,16,58,31,31,0,27,14.782499999999999,0.0,14.782499999999999
proportional,2011-02-28,21621,8.5,0,88,88,305,88,217,0,0.0,553.35,553.35
proportional,2011-02-28,85099F,1.95,294,77,371,265,265,0,106,10.335,0.0,10.335
proportional,2011-02-28,15056N,5.95,82,15,97,88,88,0,9,2.6775,0.0,2.6775
proportional,2011-02-28,21232,1.25,0,407,407,306,306,0,101,6.3125,0.0,6.3125
proportional,2011-02-28,22386,1.95,175,154,329,154,154,0,175,17.0625,0.0,17.0625
proportional,2011-02-28,20685,7.49,37,30,67,41,41,0,26,9.737000000000002,0.0,9.737000000000002
proportional,2011-02-28,85099C,1.95,221,84,305,98,98,0,207,20.1825,0.0,20.1825
proportional,2011-02-28,20725,1.65,73,260,333,155,155,0,178,14.685,0.0,14.685
proportional,2011-02-28,79321,4.95,91,77,168,39,39,0,129,31.927500000000006,0.0,31.927500000000006
proportional,2011-02-28,21754,5.95,14,74,88,59,59,0,29,8.627500000000001,0.0,8.627500000000001
proportional,2011-02-28,21931,1.95,115,164,279,163,163,0,116,11.31,0.0,11.31
proportional,2011-03-07,22423,12.75,0,287,287,185,185,0,102,65.025,0.0,65.025
proportional,2011-03-07,85123A,2.95,586,364,950,430,430,0,520,76.7,0.0,76.7
proportional,2011-03-07,85099B,1.95,264,575,839,698,698,0,141,13.7475,0.0,13.7475
proportional,2011-03-07,84879,1.69,583,178,761,610,610,0,151,12.759500000000001,0.0,12.759500000000001
proportional,2011-03-07,22086,2.95,244,48,292,1,1,0,291,42.92250000000001,0.0,42.92250000000001
proportional,2011-03-07,47566,4.65,0,200,200,189,189,0,11,2.5575000000000006,0.0,2.5575000000000006
proportional,2011-03-07,84347,2.55,437,5,442,2,2,0,440,56.1,0.0,56.1
proportional,2011-03-07,48138,7.49,55,49,104,73,73,0,31,11.6095,0.0,11.6095
proportional,2011-03-07,21843,10.95,27,31,58,7,7,0,51,27.9225,0.0,27.9225
proportional,2011-03-07,21621,8.5,0,94,94,81,81,0,13,5.525,0.0,5.525
proportional,2011-03-07,85099F,1.95,106,263,369,381,369,12,0,0.0,7.02,7.02
proportional,2011-03-07,15056N,5.95,9,87,96,85,85,0,11,3.2725000000000004,0.0,3.2725000000000004
proportional,2011-03-07,21232,1.25,101,299,400,304,304,0,96,6.0,0.0,6.0
proportional,2011-03-07,22386,1.95,175,153,328,354,328,26,0,0.0,15.209999999999997,15.209999999999997
proportional,2011-03-07,20685,7.49,26,41,67,76,67,9,0,0.0,20.223,20.223
proportional,2011-03-07,85099C,1.95,207,93,300,265,265,0,35,3.4125,0.0,3.4125
proportional,2011-03-07,20725,1.65,178,154,332,98,98,0,234,19.305,0.0,19.305
proportional,2011-03-07,79321,4.95,129,41,170,234,170,64,0,0.0,95.04,95.04
proportional,2011-03-07,21754,5.95,29,58,87,60,60,0,27,8.0325,0.0,8.0325
proportional,2011-03-07,21931,1.95,116,163,279,87,87,0,192,18.72,0.0,18.72
proportional,2011-03-14,22423,12.75,102,189,291,260,260,0,31,19.762500000000003,0.0,19.762500000000003
proportional,2011-03-14,85123A,2.95,520,423,943,446,446,0,497,73.3075,0.0,73.3075
proportional,2011-03-14,85099B,1.95,141,698,839,1546,839,707,0,0.0,413.59499999999997,413.59499999999997
proportional,2011-03-14,84879,1.69,151,610,761,955,761,194,0,0.0,98.358,98.358
proportional,2011-03-14,22086,2.95,291,1,292,0,0,0,292,43.07000000000001,0.0,43.07000000000001
proportional,2011-03-14,47566,4.65,11,188,199,594,199,395,0,0.0,551.0250000000001,551.0250000000001
proportional,2011-03-14,84347,2.55,440,3,443,5,5,0,438,55.845,0.0,55.845
proportional,2011-03-14,48138,7.49,31,72,103,72,72,0,31,11.6095,0.0,11.6095
proportional,2011-03-14,21843,10.95,51,7,58,32,32,0,26,14.235,0.0,14.235
proportional,2011-03-14,21621,8.5,13,82,95,11,11,0,84,35.7,0.0,35.7
proportional,2011-03-14,85099F,1.95,0,374,374,1012,374,638,0,0.0,373.22999999999996,373.22999999999996
proportional,2011-03-14,15056N,5.95,11,84,95,182,95,87,0,0.0,155.295,155.295
proportional,2011-03-14,21232,1.25,96,304,400,74,74,0,326,20.375,0.0,20.375
proportional,2011-03-14,22386,1.95,0,331,331,1083,331,752,0,0.0,439.91999999999996,439.91999999999996
proportional,2011-03-14,20685,7.49,0,67,67,33,33,0,34,12.733,0.0,12.733
proportional,2011-03-14,85099C,1.95,35,267,302,697,302,395,0,0.0,231.075,231.075
proportional,2011-03-14,20725,1.65,234,94,328,268,268,0,60,4.95,0.0,4.95
proportional,2011-03-14,79321,4.95,0,174,174,108,108,0,66,16.335,0.0,16.335
proportional,2011-03-14,21754,5.95,27,59,86,53,53,0,33,9.8175,0.0,9.8175
proportional,2011-03-14,21931,1.95,192,82,274,248,248,0,26,2.535,0.0,2.535
proportional,2011-03-21,22423,12.75,31,259,290,315,290,25,0,0.0,95.625,95.625
proportional,2011-03-21,85123A,2.95,497,418,915,353,353,0,562,82.89500000000001,0.0,82.89500000000001
proportional,2011-03-21,85099B,1.95,0,853,853,1348,853,495,0,0.0,289.575,289.575
proportional,2011-03-21,84879,1.69,0,765,765,351,351,0,414,34.983,0.0,34.983
proportional,2011-03-21,22086,2.95,292,0,292,42,42,0,250,36.875,0.0,36.875
proportional,2011-03-21,47566,4.65,0,205,205,313,205,108,0,0.0,150.66,150.66
proportional,2011-03-21,84347,2.55,438,2,440,0,0,0,440,56.1,0.0,56.1
proportional,2011-03-21,48138,7.49,31,70,101,24,24,0,77,28.8365,0.0,28.8365
proportional,2011-03-21,21843,10.95,26,30,56,12,12,0,44,24.09,0.0,24.09
proportional,2011-03-21,21621,8.5,84,9,93,8,8,0,85,36.125,0.0,36.125
proportional,2011-03-21,85099F,1.95,0,386,386,666,386,280,0,0.0,163.79999999999998,163.79999999999998
proportional,2011-03-21,15056N,5.95,0,97,97,55,55,0,42,12.495000000000001,0.0,12.495000000000001
proportional,2011-03-21,21232,1.25,326,60,386,271,271,0,115,7.1875,0.0,7.1875
proportional,2011-03-21,22386,1.95,0,348,348,576,348,228,0,0.0,133.38,133.38
proportional,2011-03-21,20685,7.49,34,31,65,36,36,0,29,10.860500000000002,0.0,10.860500000000002
proportional,2011-03-21,85099C,1.95,0,310,310,437,310,127,0,0.0,74.295,74.295
proportional,2011-03-21,20725,1.65,60,263,323,336,323,13,0,0.0,6.435,6.435
proportional,2011-03-21,79321,4.95,66,109,175,22,22,0,153,37.8675,0.0,37.8675
proportional,2011-03-21,21754,5.95,33,52,85,32,32,0,53,15.767500000000002,0.0,15.767500000000002
proportional,2011-03-21,21931,1.95,26,244,270,400,270,130,0,0.0,76.05,76.05
proportional,2011-03-28,22423,12.75,0,290,290,210,210,0,80,51.0,0.0,51.0
proportional,2011-03-28,85123A,2.95,562,343,905,570,570,0,335,49.41250000000001,0.0,49.41250000000001
proportional,2011-03-28,85099B,1.95,0,865,865,993,865,128,0,0.0,74.88,74.88
proportional,2011-03-28,84879,1.69,414,345,759,401,401,0,358,30.251,0.0,30.251
proportional,2011-03-28,22086,2.95,250,40,290,3,3,0,287,42.33250000000001,0.0,42.33250000000001
proportional,2011-03-28,47566,4.65,0,207,207,376,207,169,0,0.0,235.755,235.755
proportional,2011-03-28,84347,2.55,440,0,440,3,3,0,437,55.7175,0.0,55.7175
proportional,2011-03-28,48138,7.49,77,21,98,123,98,25,0,0.0,56.175,56.175
proportional,2011-03-28,21843,10.95,44,11,55,41,41,0,14,7.664999999999999,0.0,7.664999999999999
proportional,2011-03-28,21621,8.5,85,7,92,230,92,138,0,0.0,351.9,351.9
proportional,2011-03-28,85099F,1.95,0,393,393,522,393,129,0,0.0,75.46499999999999,75.46499999999999
proportional,2011-03-28,15056N,5.95,42,55,97,78,78,0,19,5.6525,0.0,5.6525
proportional,2011-03-28,21232,1.25,115,270,385,248,248,0,137,8.5625,0.0,8.5625
proportional,2011-03-28,22386,1.95,0,350,350,375,350,25,0,0.0,14.625,14.625
proportional,2011-03-28,20685,7.95,29,36,65,40,40,0,25,9.9375,0.0,9.9375
proportional,2011-03-28,85099C,1.95,0,311,311,357,311,46,0,0.0,26.91,26.91
proportional,2011-03-28,20725,1.65,0,326,326,517,326,191,0,0.0,94.54499999999999,94.54499999999999
proportional,2011-03-28,79321,4.95,153,23,176,85,85,0,91,22.5225,0.0,22.5225
proportional,2011-03-28,21754,5.95,53,30,83,61,61,0,22,6.545000000000001,0.0,6.545000000000001
proportional,2011-03-28,21931,1.95,0,268,268,349,268,81,0,0.0,47.385,47.385
proportional,2011-04-04,22423,12.75,80,209,289,264,264,0,25,15.9375,0.0,15.9375
proportional,2011-04-04,85123A,2.95,335,560,895,374,374,0,521,76.84750000000001,0.0,76.84750000000001
proportional,2011-04-04,85099B,1.95,0,874,874,725,725,0,149,14.527500000000002,0.0,14.527500000000002
proportional,2011-04-04,84879,1.69,358,400,758,753,753,0,5,0.4225,0.0,0.4225
proportional,2011-04-04,22086,2.95,287,2,289,9,9,0,280,41.300000000000004,0.0,41.300000000000004
proportional,2011-04-04,47566,4.65,0,210,210,460,210,250,0,0.0,348.75,348.75
proportional,2011-04-04,84347,2.55,437,0,437,0,0,0,437,55.7175,0.0,55.7175
proportional,2011-04-04,48138,7.49,0,99,99,81,81,0,18,6.741,0.0,6.741
proportional,2011-04-04,21843,10.95,14,41,55,17,17,0,38,20.805,0.0,20.805
proportional,2011-04-04,21621,8.5,0,95,95,9,9,0,86,36.550000000000004,0.0,36.550000000000004
proportional,2011-04-04,85099F,1.95,0,395,395,166,166,0,229,22.3275,0.0,22.3275
proportional,2011-04-04,15056N,5.95,19,79,98,71,71,0,27,8.0325,0.0,8.0325
proportional,2011-04-04,21232,1.25,137,246,383,128,128,0,255,15.9375,0.0,15.9375
proportional,2011-04-04,22386,1.95,0,350,350,105,105,0,245,23.887500000000003,0.0,23.887500000000003
proportional,2011-04-04,20685,7.95,25,40,65,51,51,0,14,5.565,0.0,5.565
proportional,2011-04-04,85099C,1.95,0,315,315,78,78,0,237,23.1075,0.0,23.1075
proportional,2011-04-04,20725,1.65,0,329,329,187,187,0,142,11.715,0.0,11.715
proportional,2011-04-04,79321,4.95,91,76,167,14,14,0,153,37.8675,0.0,37.8675
proportional,2011-04-04,21754,5.95,22,61,83,32,32,0,51,15.1725,0.0,15.1725
proportional,2011-04-04,21931,1.95,0,269,269,223,223,0,46,4.485,0.0,4.485
proportional,2011-04-11,22423,12.75,25,266,291,342,291,51,0,0.0,195.075,195.075
proportional,2011-04-11,85123A,2.95,521,365,886,468,468,0,418,61.65500000000001,0.0,61.65500000000001
proportional,2011-04-11,85099B,1.95,149,733,882,606,606,0,276,26.909999999999997,0.0,26.909999999999997
proportional,2011-04-11,84879,1.69,5,755,760,815,760,55,0,0.0,27.885,27.885
proportional,2011-04-11,22086,2.95,280,10,290,0,0,0,290,42.775000000000006,0.0,42.775000000000006
proportional,2011-04-11,47566,4.65,0,216,216,534,216,318,0,0.0,443.61,443.61
proportional,2011-04-11,84347,2.55,437,1,438,0,0,0,438,55.845,0.0,55.845
proportional,2011-04-11,48138,7.49,18,81,99,99,99,0,0,0.0,0.0,0.0
proportional,2011-04-11,21843,10.95,38,14,52,17,17,0,35,19.1625,0.0,19.1625
proportional,2011-04-11,21621,8.5,86,8,94,0,0,0,94,39.95,0.0,39.95
proportional,2011-04-11,85099F,1.95,229,165,394,166,166,0,228,22.23,0.0,22.23
proportional,2011-04-11,15056N,5.95,27,68,95,30,30,0,65,19.337500000000002,0.0,19.337500000000002
proportional,2011-04-11,21232,1.25,255,127,382,142,142,0,240,15.0,0.0,15.0
proportional,2011-04-11,22386,1.95,245,105,350,119,119,0,231,22.5225,0.0,22.5225
proportional,2011-04-11,20685,7.95,14,50,64,31,31,0,33,13.117500000000001,0.0,13.117500000000001
proportional,2011-04-11,85099C,1.95,237,77,314,178,178,0,136,13.26,0.0,13.26
proportional,2011-04-11,20725,1.65,142,186,328,275,275,0,53,4.3725,0.0,4.3725
proportional,2011-04-11,79321,4.95,153,11,164,5,5,0,159,39.352500000000006,0.0,39.352500000000006
proportional,2011-04-11,21754,5.95,51,32,83,45,45,0,38,11.305,0.0,11.305
proportional,2011-04-11,21931,1.95,46,227,273,182,182,0,91,8.8725,0.0,8.8725
proportional,2011-04-18,22423,12.75,0,293,293,171,171,0,122,77.775,0.0,77.775
proportional,2011-04-18,85123A,2.95,418,463,881,2422,881,1541,0,0.0,1363.785,1363.785
proportional,2011-04-18,85099B,1.95,276,600,876,519,519,0,357,34.8075,0.0,34.8075
proportional,2011-04-18,84879,1.69,0,768,768,540,540,0,228,19.266000000000002,0.0,19.266000000000002
proportional,2011-04-18,22086,2.95,290,0,290,1,1,0,289,42.627500000000005,0.0,42.627500000000005
proportional,2011-04-18,47566,4.65,0,222,222,640,222,418,0,0.0,583.11,583.11
proportional,2011-04-18,84347,2.55,438,1,439,6,6,0,433,55.207499999999996,0.0,55.207499999999996
proportional,2011-04-18,48138,7.49,0,99,99,33,33,0,66,24.717000000000002,0.0,24.717000000000002
proportional,2011-04-18,21843,10.95,35,17,52,10,10,0,42,22.995,0.0,22.995
proportional,2011-04-18,21621,8.5,94,0,94,25,25,0,69,29.325000000000003,0.0,29.325000000000003
proportional,2011-04-18,85099F,1.95,228,165,393,6,6,0,387,37.7325,0.0,37.7325
proportional,2011-04-18,15056N,5.95,65,30,95,23,23,0,72,21.42,0.0,21.42
proportional,2011-04-18,21232,1.25,240,142,382,139,139,0,243,15.1875,0.0,15.1875
proportional,2011-04-18,22386,1.95,231,118,349,155,155,0,194,18.915000000000003,0.0,18.915000000000003
proportional,2011-04-18,20685,7.95,33,32,65,7,7,0,58,23.055000000000003,0.0,23.055000000000003
proportional,2011-04-18,85099C,1.95,136,173,309,147,147,0,162,15.795,0.0,15.795
proportional,2011-04-18,20725,1.65,53,274,327,318,318,0,9,0.7425,0.0,0.7425
proportional,2011-04-18,79321,4.95,159,4,163,4,4,0,159,39.352500000000006,0.0,39.352500000000006
proportional,2011-04-18,21754,5.95,38,45,83,37,37,0,46,13.685,0.0,13.685
proportional,2011-04-18,21931,1.95,91,184,275,60,60,0,215,20.962500000000002,0.0,20.962500000000002
proportional,2011-04-25,22423,12.75,122,168,290,289,289,0,1,0.6375000000000001,0.0,0.6375000000000001
proportional,2011-04-25,85123A,2.95,0,915,915,366,366,0,549,80.97750000000002,0.0,80.97750000000002
proportional,2011-04-25,85099B,1.95,357,518,875,375,375,0,500,48.75,0.0,48.75
proportional,2011-04-25,84879,1.69,228,542,770,244,244,0,526,44.447,0.0,44.447
proportional,2011-04-25,22086,2.95,289,2,291,0,0,0,291,42.92250000000001,0.0,42.92250000000001
proportional,2011-04-25,47566,4.95,0,225,225,270,225,45,0,0.0,66.825,66.825
proportional,2011-04-25,84347,2.55,433,6,439,0,0,0,439,55.9725,0.0,55.9725
proportional,2011-04-25,48138,7.49,66,30,96,33,33,0,63,23.593500000000002,0.0,23.593500000000002
proportional,2011-04-25,21843,10.95,42,9,51,9,9,0,42,22.995,0.0,22.995
proportional,2011-04-25,21621,8.5,69,21,90,0,0,0,90,38.25,0.0,38.25
proportional,2011-04-25,85099F,1.95,387,0,387,100,100,0,287,27.9825,0.0,27.9825
proportional,2011-04-25,15056N,5.95,72,20,92,50,50,0,42,12.495000000000001,0.0,12.495000000000001
proportional,2011-04-25,21232,1.25,243,133,376,214,214,0,162,10.125,0.0,10.125
proportional,2011-04-25,22386,1.95,194,155,349,272,272,0,77,7.5075,0.0,7.5075
proportional,2011-04-25,20685,7.95,58,7,65,14,14,0,51,20.2725,0.0,20.2725
proportional,2011-04-25,85099C,1.95,162,143,305,278,278,0,27,2.6325000000000003,0.0,2.6325000000000003
proportional,2011-04-25,20725,1.65,9,318,327,154,154,0,173,14.2725,0.0,14.2725
proportional,2011-04-25,79321,4.95,159,2,161,5,5,0,156,38.61000000000001,0.0,38.61000000000001
proportional,2011-04-25,21754,5.95,46,36,82,55,55,0,27,8.0325,0.0,8.0325
proportional,2011-04-25,21931,1.95,215,54,269,109,109,0,160,15.600000000000001,0.0,15.600000000000001
proportional,2011-05-02,22423,12.75,1,295,296,161,161,0,135,86.0625,0.0,86.0625
proportional,2011-05-02,85123A,2.95,549,365,914,1132,914,218,0,0.0,192.93,192.93
proportional,2011-05-02,85099B,1.95,500,366,866,320,320,0,546,53.23500000000001,0.0,53.23500000000001
proportional,2011-05-02,84879,1.69,526,242,768,522,522,0,246,20.787000000000003,0.0,20.787000000000003
proportional,2011-05-02,22086,2.95,291,4,295,4,4,0,291,42.92250000000001,0.0,42.92250000000001
proportional,2011-05-02,47566,4.95,0,226,226,964,226,738,0,0.0,1095.9299999999998,1095.9299999999998
proportional,2011-05-02,84347,2.55,439,7,446,0,0,0,446,56.865,0.0,56.865
proportional,2011-05-02,48138,7.65,63,30,93,46,46,0,47,17.977500000000003,0.0,17.977500000000003
proportional,2011-05-02,21843,10.95,42,9,51,23,23,0,28,15.329999999999998,0.0,15.329999999999998
proportional,2011-05-02,21621,8.5,90,0,90,79,79,0,11,4.675,0.0,4.675
proportional,2011-05-02,85099F,1.95,287,88,375,0,0,0,375,36.5625,0.0,36.5625
proportional,2011-05-02,15056N,5.95,42,50,92,176,92,84,0,0.0,149.94,149.94
proportional,2011-05-02,21232,1.25,162,216,378,238,238,0,140,8.75,0.0,8.75
proportional,2011-05-02,22386,1.95,77,275,352,154,154,0,198,19.305,0.0,19.305
proportional,2011-05-02,20685,7.95,51,15,66,34,34,0,32,12.72,0.0,12.72
proportional,2011-05-02,85099C,1.95,27,278,305,248,248,0,57,5.5575,0.0,5.5575
proportional,2011-05-02,20725,1.65,173,157,330,219,219,0,111,9.157499999999999,0.0,9.157499999999999
proportional,2011-05-02,79321,4.95,156,6,162,109,109,0,53,13.117500000000001,0.0,13.117500000000001
proportional,2011-05-02,21754,5.95,27,55,82,42,42,0,40,11.9,0.0,11.9
proportional,2011-05-02,21931,1.95,160,108,268,171,171,0,97,9.457500000000001,0.0,9.457500000000001
proportional,2011-05-09,22423,12.75,135,161,296,310,296,14,0,0.0,53.55,53.55
proportional,2011-05-09,85123A,2.95,0,925,925,844,844,0,81,11.947500000000002,0.0,11.947500000000002
proportional,2011-05-09,85099B,1.95,546,312,858,1076,858,218,0,0.0,127.52999999999999,127.52999999999999
proportional,2011-05-09,84879,1.69,246,527,773,905,773,132,0,0.0,66.92399999999999,66.92399999999999
proportional,2011-05-09,22086,2.95,291,4,295,13,13,0,282,41.595000000000006,0.0,41.595000000000006
proportional,2011-05-09,47566,4.95,0,234,234,756,234,522,0,0.0,775.17,775.17
proportional,2011-05-09,84347,2.55,446,1,447,48,48,0,399,50.8725,0.0,50.8725
proportional,2011-05-09,48138,7.95,47,46,93,81,81,0,12,4.7700000000000005,0.0,4.7700000000000005
proportional,2011-05-09,21843,10.95,28,23,51,21,21,0,30,16.425,0.0,16.425
proportional,2011-05-09,21621,8.5,11,77,88,88,88,0,0,0.0,0.0,0.0
proportional,2011-05-09,85099F,1.95,375,0,375,428,375,53,0,0.0,31.004999999999995,31.004999999999995
proportional,2011-05-09,15056N,5.95,0,95,95,29,29,0,66,19.635,0.0,19.635
proportional,2011-05-09,21232,1.25,140,230,370,136,136,0,234,14.625,0.0,14.625
proportional,2011-05-09,22386,1.95,198,148,346,371,346,25,0,0.0,14.625,14.625
proportional,2011-05-09,20685,7.95,32,33,65,81,65,16,0,0.0,38.16,38.16
proportional,2011-05-09,85099C,1.95,57,249,306,246,246,0,60,5.8500000000000005,0.0,5.8500000000000005
proportional,2011-05-09,20725,1.65,111,215,326,470,326,144,0,0.0,71.28,71.28
proportional,2011-05-09,79321,4.95,53,111,164,187,164,23,0,0.0,34.155,34.155
proportional,2011-05-09,21754,5.95,40,41,81,132,81,51,0,0.0,91.035,91.035
proportional,2011-05-09,21931,1.95,97,170,267,453,267,186,0,0.0,108.80999999999999,108.80999999999999
proportional,2011-05-16,22423,12.75,0,299,299,226,226,0,73,46.5375,0.0,46.5375
proportional,2011-05-16,85123A,2.95,81,841,922,762,762,0,160,23.6,0.0,23.6
proportional,2011-05-16,85099B,1.95,0,860,860,868,860,8,0,0.0,4.68,4.68
proportional,2011-05-16,84879,1.69,0,777,777,563,563,0,214,18.083,0.0,18.083
proportional,2011-05-16,22086,2.95,282,13,295,0,0,0,295,43.5125,0.0,43.5125
proportional,2011-05-16,47566,4.95,0,241,241,584,241,343,0,0.0,509.355,509.355
proportional,2011-05-16,84347,2.55,399,49,448,0,0,0,448,57.12,0.0,57.12
proportional,2011-05-16,48138,7.95,12,79,91,141,91,50,0,0.0,119.25,119.25
proportional,2011-05-16,21843,10.95,30,20,50,38,38,0,12,6.569999999999999,0.0,6.569999999999999
proportional,2011-05-16,21621,8.5,0,87,87,92,87,5,0,0.0,12.75,12.75
proportional,2011-05-16,85099F,1.95,0,370,370,142,142,0,228,22.23,0.0,22.23
proportional,2011-05-16,15056N,5.95,66,27,93,17,17,0,76,22.61,0.0,22.61
proportional,2011-05-16,21232,1.25,234,125,359,233,233,0,126,7.875,0.0,7.875
proportional,2011-05-16,22386,1.95,0,348,348,179,179,0,169,16.477500000000003,0.0,16.477500000000003
proportional,2011-05-16,20685,7.95,0,64,64,271,64,207,0,0.0,493.695,493.695
proportional,2011-05-16,85099C,1.95,60,244,304,302,302,0,2,0.195,0.0,0.195
proportional,2011-05-16,20725,1.65,0,325,325,335,325,10,0,0.0,4.95,4.95
proportional,2011-05-16,79321,4.95,0,167,167,40,40,0,127,31.4325,0.0,31.4325
proportional,2011-05-16,21754,5.95,0,82,82,86,82,4,0,0.0,7.14,7.14
proportional,2011-05-16,21931,1.95,0,273,273,176,176,0,97,9.457500000000001,0.0,9.457500000000001
proportional,2011-05-23,22423,12.75,73,230,303,126,126,0,177,112.8375,0.0,112.8375
proportional,2011-05-23,85123A,2.95,160,751,911,1020,911,109,0,0.0,96.465,96.465
proportional,2011-05-23,85099B,1.95,0,863,863,923,863,60,0,0.0,35.1,35.1
proportional,2011-05-23,84879,1.69,214,568,782,381,381,0,401,33.884499999999996,0.0,33.884499999999996
proportional,2011-05-23,22086,2.95,295,0,295,0,0,0,295,43.5125,0.0,43.5125
proportional,2011-05-23,47566,4.95,0,245,245,831,245,586,0,0.0,870.21,870.21
proportional,2011-05-23,84347,2.55,448,0,448,12,12,0,436,55.59,0.0,55.59
proportional,2011-05-23,48138,7.95,0,92,92,42,42,0,50,19.875,0.0,19.875
proportional,2011-05-23,21843,10.95,12,38,50,9,9,0,41,22.4475,0.0,22.4475
proportional,2011-05-23,21621,8.5,0,87,87,69,69,0,18,7.65,0.0,7.65
proportional,2011-05-23,85099F,1.95,228,138,366,413,366,47,0,0.0,27.494999999999997,27.494999999999997
proportional,2011-05-23,15056N,5.95,76,15,91,37,37,0,54,16.065,0.0,16.065
proportional,2011-05-23,21232,1.25,126,233,359,126,126,0,233,14.5625,0.0,14.5625
proportional,2011-05-23,22386,1.95,169,172,341,560,341,219,0,0.0,128.115,128.115
proportional,2011-05-23,20685,7.95,0,68,68,26,26,0,42,16.695000000000004,0.0,16.695000000000004
proportional,2011-05-23,85099C,1.95,2,305,307,387,307,80,0,0.0,46.8,46.8
proportional,2011-05-23,20725,1.65,0,327,327,424,327,97,0,0.0,48.01499999999999,48.01499999999999
proportional,2011-05-23,79321,4.95,127,39,166,72,72,0,94,23.265,0.0,23.265
proportional,2011-05-23,21754,5.95,0,82,82,33,33,0,49,14.5775,0.0,14.5775
proportional,2011-05-23,21931,1.95,97,175,272,251,251,0,21,2.0475,0.0,2.0475
proportional,2011-05-30,22423,12.75,177,129,306,235,235,0,71,45.2625,0.0,45.2625
proportional,2011-05-30,85123A,2.95,0,914,914,629,629,0,285,42.0375,0.0,42.0375
proportional,2011-05-30,85099B,1.95,0,869,869,261,261,0,608,59.28,0.0,59.28
proportional,2011-05-30,84879,1.69,401,378,779,328,328,0,451,38.1095,0.0,38.1095
proportional,2011-05-30,22086,2.95,295,0,295,0,0,0,295,43.5125,0.0,43.5125
proportional,2011-05-30,47566,4.95,0,248,248,426,248,178,0,0.0,264.33,264.33
proportional,2011-05-30,84347,2.55,436,12,448,1,1,0,447,56.9925,0.0,56.9925
proportional,2011-05-30,48138,7.95,50,39,89,58,58,0,31,12.322500000000002,0.0,12.322500000000002
proportional,2011-05-30,21843,10.95,41,7,48,18,18,0,30,16.425,0.0,16.425
proportional,2011-05-30,21621,8.5,18,66,84,52,52,0,32,13.600000000000001,0.0,13.600000000000001
proportional,2011-05-30,85099F,1.95,0,365,365,403,365,38,0,0.0,22.229999999999997,22.229999999999997
proportional,2011-05-30,15056N,5.95,54,36,90,55,55,0,35,10.412500000000001,0.0,10.412500000000001
proportional,2011-05-30,21232,1.25,233,119,352,110,110,0,242,15.125,0.0,15.125
proportional,2011-05-30,22386,1.95,0,347,347,407,347,60,0,0.0,35.1,35.1
proportional,2011-05-30,20685,7.95,42,25,67,31,31,0,36,14.31,0.0,14.31
proportional,2011-05-30,85099C,1.95,0,312,312,200,200,0,112,10.920000000000002,0.0,10.920000000000002
proportional,2011-05-30,20725,1.65,0,322,322,171,171,0,151,12.4575,0.0,12.4575
proportional,2011-05-30,79321,4.95,94,72,166,27,27,0,139,34.4025,0.0,34.4025
proportional,2011-05-30,21754,5.95,49,32,81,44,44,0,37,11.0075,0.0,11.0075
proportional,2011-05-30,21931,1.95,21,252,273,114,114,0,159,15.502500000000001,0.0,15.502500000000001
proportional,2011-06-06,22423,12.75,71,237,308,178,178,0,130,82.875,0.0,82.875
proportional,2011-06-06,85123A,2.95,285,630,915,352,352,0,563,83.04250000000002,0.0,83.04250000000002
proportional,2011-06-06,85099B,1.95,608,254,862,773,773,0,89,8.6775,0.0,8.6775
proportional,2011-06-06,84879,1.69,451,329,780,292,292,0,488,41.236000000000004,0.0,41.236000000000004
proportional,2011-06-06,22086,2.95,295,0,295,2,2,0,293,43.2175,0.0,43.2175
proportional,2011-06-06,47566,4.95,0,251,251,551,251,300,0,0.0,445.5,445.5
proportional,2011-06-06,84347,2.55,447,1,448,0,0,0,448,57.12,0.0,57.12
proportional,2011-06-06,48138,7.95,31,57,88,511,88,423,0,0.0,1008.8549999999999,1008.8549999999999
proportional,2011-06-06,21843,10.95,30,17,47,8,8,0,39,21.3525,0.0,21.3525
proportional,2011-06-06,21621,8.5,32,51,83,43,43,0,40,17.0,0.0,17.0
proportional,2011-06-06,85099F,1.95,0,368,368,423,368,55,0,0.0,32.175,32.175
proportional,2011-06-06,15056N,5.95,35,54,89,92,89,3,0,0.0,5.355,5.355
proportional,2011-06-06,21232,1.25,242,108,350,171,171,0,179,11.1875,0.0,11.1875
proportional,2011-06-06,22386,1.95,0,350,350,408,350,58,0,0.0,33.93,33.93
proportional,2011-06-06,20685,7.95,36,31,67,526,67,459,0,0.0,1094.715,1094.715
proportional,2011-06-06,85099C,1.95,112,202,314,141,141,0,173,16.8675,0.0,16.8675
proportional,2011-06-06,20725,1.65,151,169,320,565,320,245,0,0.0,121.27499999999999,121.27499999999999
proportional,2011-06-06,79321,4.95,139,27,166,91,91,0,75,18.5625,0.0,18.5625
proportional,2011-06-06,21754,5.95,37,44,81,47,47,0,34,10.115000000000002,0.0,10.115000000000002
proportional,2011-06-06,21931,1.95,159,114,273,230,230,0,43,4.1925,0.0,4.1925
proportional,2011-06-13,22423,12.75,130,175,305,88,88,0,217,138.3375,0.0,138.3375
proportional,2011-06-13,85123A,2.95,563,333,896,391,391,0,505,74.4875,0.0,74.4875
proportional,2011-06-13,85099B,1.95,89,774,863,829,829,0,34,3.315,0.0,3.315
proportional,2011-06-13,84879,1.69,488,297,785,270,270,0,515,43.517500000000005,0.0,43.517500000000005
proportional,2011-06-13,22086,2.95,293,3,296,1,1,0,295,43.5125,0.0,43.5125
proportional,2011-06-13,47566,4.95,0,249,249,491,249,242,0,0.0,359.37,359.37
proportional,2011-06-13,84347,2.55,448,2,450,2,2,0,448,57.12,0.0,57.12
proportional,2011-06-13,48138,7.95,0,96,96,16,16,0,80,31.8,0.0,31.8
proportional,2011-06-13,21843,10.95,39,2,41,15,15,0,26,14.235,0.0,14.235
proportional,2011-06-13,21621,8.5,40,40,80,26,26,0,54,22.950000000000003,0.0,22.950000000000003
proportional,2011-06-13,85099F,1.95,0,372,372,224,224,0,148,14.43,0.0,14.43
proportional,2011-06-13,15056N,5.95,0,87,87,142,87,55,0,0.0,98.175,98.175
proportional,2011-06-13,21232,1.25,179,167,346,74,74,0,272,17.0,0.0,17.0
proportional,2011-06-13,22386,1.95,0,352,352,233,233,0,119,11.6025,0.0,11.6025
proportional,2011-06-13,20685,7.95,0,77,77,5,5,0,72,28.62,0.0,28.62
proportional,2011-06-13,85099C,1.95,173,142,315,265,265,0,50,4.875,0.0,4.875
proportional,2011-06-13,20725,1.65,0,326,326,186,186,0,140,11.55,0.0,11.55
proportional,2011-06-13,79321,4.95,75,89,164,109,109,0,55,13.6125,0.0,13.6125
proportional,2011-06-13,21754,5.95,34,47,81,30,30,0,51,15.1725,0.0,15.1725
proportional,2011-06-13,21931,1.95,43,231,274,93,93,0,181,17.6475,0.0,17.6475
proportional,2011-06-20,22423,12.75,217,82,299,130,130,0,169,107.73750000000001,0.0,107.73750000000001
proportional,2011-06-20,85123A,2.95,505,389,894,224,224,0,670,98.82500000000002,0.0,98.82500000000002
proportional,2011-06-20,85099B,1.95,34,838,872,791,791,0,81,7.8975,0.0,7.8975
proportional,2011-06-20,84879,1.69,515,268,783,262,262,0,521,44.0245,0.0,44.0245
proportional,2011-06-20,22086,2.95,295,1,296,6,6,0,290,42.775000000000006,0.0,42.775000000000006
proportional,2011-06-20,47566,4.95,0,257,257,586,257,329,0,0.0,488.56499999999994,488.56499999999994
proportional,2011-06-20,84347,2.55,448,3,451,1,1,0,450,57.375,0.0,57.375
proportional,2011-06-20,48138,7.95,80,15,95,19,19,0,76,30.210000000000004,0.0,30.210000000000004
proportional,2011-06-20,21843,10.95,26,15,41,17,17,0,24,13.139999999999999,0.0,13.139999999999999
proportional,2011-06-20,21621,8.5,54,24,78,18,18,0,60,25.5,0.0,25.5
proportional,2011-06-20,85099F,1.95,148,227,375,605,375,230,0,0.0,134.54999999999998,134.54999999999998
proportional,2011-06-20,15056N,5.95,0,86,86,87,86,1,0,0.0,1.785,1.785
proportional,2011-06-20,21232,1.25,272,64,336,117,117,0,219,13.6875,0.0,13.6875
proportional,2011-06-20,22386,1.95,119,233,352,551,352,199,0,0.0,116.41499999999999,116.41499999999999
proportional,2011-06-20,20685,7.95,72,4,76,45,45,0,31,12.322500000000002,0.0,12.322500000000002
proportional,2011-06-20,85099C,1.95,50,268,318,83,83,0,235,22.9125,0.0,22.9125
proportional,2011-06-20,20725,1.65,140,186,326,218,218,0,108,8.91,0.0,8.91
proportional,2011-06-20,79321,4.95,55,111,166,48,48,0,118,29.205000000000002,0.0,29.205000000000002
proportional,2011-06-20,21754,5.95,51,29,80,30,30,0,50,14.875,0.0,14.875
proportional,2011-06-20,21931,1.95,181,93,274,244,244,0,30,2.9250000000000003,0.0,2.9250000000000003
proportional,2011-06-27,22423,12.75,169,131,300,84,84,0,216,137.70000000000002,0.0,137.70000000000002
proportional,2011-06-27,85123A,2.95,670,215,885,252,252,0,633,93.3675,0.0,93.3675
proportional,2011-06-27,85099B,1.95,81,796,877,595,595,0,282,27.495,0.0,27.495
proportional,2011-06-27,84879,1.69,521,265,786,276,276,0,510,43.095,0.0,43.095
proportional,2011-06-27,22086,2.95,290,1,291,365,291,74,0,0.0,65.49,65.49
proportional,2011-06-27,47566,4.95,0,268,268,248,248,0,20,4.95,0.0,4.95
proportional,2011-06-27,84347,2.55,450,2,452,3,3,0,449,57.247499999999995,0.0,57.247499999999995
proportional,2011-06-27,48138,7.95,76,17,93,8,8,0,85,33.7875,0.0,33.7875
proportional,2011-06-27,21843,10.95,24,17,41,16,16,0,25,13.6875,0.0,13.6875
proportional,2011-06-27,21621,8.5,60,17,77,33,33,0,44,18.7,0.0,18.7
proportional,2011-06-27,85099F,1.95,0,379,379,251,251,0,128,12.48,0.0,12.48
proportional,2011-06-27,15056N,5.95,0,86,86,7,7,0,79,23.5025,0.0,23.5025
proportional,2011-06-27,21232,1.25,219,111,330,104,104,0,226,14.125,0.0,14.125
proportional,2011-06-27,22386,1.95,0,358,358,356,356,0,2,0.195,0.0,0.195
proportional,2011-06-27,20685,7.95,31,43,74,22,22,0,52,20.67,0.0,20.67
proportional,2011-06-27,85099C,1.95,235,80,315,181,181,0,134,13.065000000000001,0.0,13.065000000000001
proportional,2011-06-27,20725,1.65,108,214,322,183,183,0,139,11.467500000000001,0.0,11.467500000000001
proportional,2011-06-27,79321,4.95,118,49,167,113,113,0,54,13.365000000000002,0.0,13.365000000000002
proportional,2011-06-27,21754,5.95,50,30,80,31,31,0,49,14.5775,0.0,14.5775
proportional,2011-06-27,21931,1.95,30,244,274,427,274,153,0,0.0,89.50499999999998,89.50499999999998
proportional,2011-07-04,22423,12.75,216,81,297,105,105,0,192,122.4,0.0,122.4
proportional,2011-07-04,85123A,2.95,633,249,882,264,264,0,618,91.15500000000002,0.0,91.15500000000002
proportional,2011-07-04,85099B,1.95,282,592,874,1324,874,450,0,0.0,263.25,263.25
proportional,2011-07-04,84879,1.69,510,278,788,444,444,0,344,29.068,0.0,29.068
proportional,2011-07-04,22086,2.95,0,301,301,18,18,0,283,41.74250000000001,0.0,41.74250000000001
proportional,2011-07-04,47566,4.95,20,255,275,881,275,606,0,0.0,899.9100000000001,899.9100000000001
proportional,2011-07-04,84347,2.55,449,8,457,120,120,0,337,42.9675,0.0,42.9675
proportional,2011-07-04,48138,7.95,85,6,91,56,56,0,35,13.912500000000001,0.0,13.912500000000001
proportional,2011-07-04,21843,10.95,25,15,40,6,6,0,34,18.615,0.0,18.615
proportional,2011-07-04,21621,8.5,44,30,74,48,48,0,26,11.05,0.0,11.05
proportional,2011-07-04,85099F,1.95,128,245,373,513,373,140,0,0.0,81.89999999999999,81.89999999999999
proportional,2011-07-04,15056N,5.95,79,4,83,259,83,176,0,0.0,314.16,314.16
proportional,2011-07-04,21232,1.25,226,99,325,65,65,0,260,16.25,0.0,16.25
proportional,2011-07-04,22386,1.95,2,359,361,444,361,83,0,0.0,48.555,48.555
proportional,2011-07-04,20685,7.95,52,23,75,418,75,343,0,0.0,818.055,818.055
proportional,2011-07-04,85099C,1.95,134,175,309,324,309,15,0,0.0,8.775,8.775
proportional,2011-07-04,20725,1.65,139,183,322,293,293,0,29,2.3924999999999996,0.0,2.3924999999999996
proportional,2011-07-04,79321,4.95,54,117,171,23,23,0,148,36.63,0.0,36.63
proportional,2011-07-04,21754,5.95,49,30,79,22,22,0,57,16.957500000000003,0.0,16.957500000000003
proportional,2011-07-04,21931,1.95,0,278,278,351,278,73,0,0.0,42.705,42.705
proportional,2011-07-11,22423,12.75,192,104,296,206,206,0,90,57.375,0.0,57.375
proportional,2011-07-11,85123A,2.95,618,253,871,1172,871,301,0,0.0,266.385,266.385
proportional,2011-07-11,85099B,1.95,0,886,886,411,411,0,475,46.3125,0.0,46.3125
proportional,2011-07-11,84879,1.69,344,433,777,362,362,0,415,35.0675,0.0,35.0675
proportional,2011-07-11,22086,2.95,283,17,300,4,4,0,296,43.660000000000004,0.0,43.660000000000004
proportional,2011-07-11,47566,4.95,0,291,291,346,291,55,0,0.0,81.675,81.675
proportional,2011-07-11,84347,2.55,337,121,458,0,0,0,458,58.394999999999996,0.0,58.394999999999996
proportional,2011-07-11,48138,7.95,35,56,91,34,34,0,57,22.657500000000002,0.0,22.657500000000002
proportional,2011-07-11,21843,10.95,34,6,40,7,7,0,33,18.0675,0.0,18.0675
proportional,2011-07-11,21621,8.5,26,47,73,6,6,0,67,28.475,0.0,28.475
proportional,2011-07-11,85099F,1.95,0,370,370,29,29,0,341,33.247499999999995,0.0,33.247499999999995
proportional,2011-07-11,15056N,5.95,0,84,84,83,83,0,1,0.29750000000000004,0.0,0.29750000000000004
proportional,2011-07-11,21232,1.25,260,57,317,121,121,0,196,12.25,0.0,12.25
proportional,2011-07-11,22386,1.95,0,362,362,315,315,0,47,4.5825,0.0,4.5825
proportional,2011-07-11,20685,7.95,0,81,81,46,46,0,35,13.912500000000001,0.0,13.912500000000001
proportional,2011-07-11,85099C,1.95,0,307,307,93,93,0,214,20.865000000000002,0.0,20.865000000000002
proportional,2011-07-11,20725,1.65,29,294,323,201,201,0,122,10.065,0.0,10.065
proportional,2011-07-11,79321,4.95,148,21,169,33,33,0,136,33.660000000000004,0.0,33.660000000000004
proportional,2011-07-11,21754,5.95,57,21,78,33,33,0,45,13.387500000000001,0.0,13.387500000000001
proportional,2011-07-11,21931,1.95,0,281,281,156,156,0,125,12.1875,0.0,12.1875
proportional,2011-07-18,22423,12.75,90,209,299,306,299,7,0,0.0,26.775,26.775
proportional,2011-07-18,85123A,2.95,0,875,875,697,697,0,178,26.255000000000003,0.0,26.255000000000003
proportional,2011-07-18,85099B,1.95,475,408,883,712,712,0,171,16.6725,0.0,16.6725
proportional,2011-07-18,84879,1.69,415,367,782,511,511,0,271,22.899500000000003,0.0,22.899500000000003
proportional,2011-07-18,22086,2.95,296,7,303,14,14,0,289,42.627500000000005,0.0,42.627500000000005
proportional,2011-07-18,47566,4.95,0,299,299,843,299,544,0,0.0,807.84,807.84
proportional,2011-07-18,84347,2.55,458,3,461,1,1,0,460,58.650000000000006,0.0,58.650000000000006
proportional,2011-07-18,48138,7.95,57,27,84,50,50,0,34,13.515,0.0,13.515
proportional,2011-07-18,21843,10.95,33,7,40,13,13,0,27,14.782499999999999,0.0,14.782499999999999
proportional,2011-07-18,21621,8.5,67,4,71,26,26,0,45,19.125,0.0,19.125
proportional,2011-07-18,85099F,1.95,341,25,366,120,120,0,246,23.985,0.0,23.985
proportional,2011-07-18,15056N,5.95,1,84,85,319,85,234,0,0.0,417.69,417.69
proportional,2011-07-18,21232,1.25,196,112,308,141,141,0,167,10.4375,0.0,10.4375
proportional,2011-07-18,22386,1.95,47,319,366,287,287,0,79,7.7025,0.0,7.7025
proportional,2011-07-18,20685,7.95,35,47,82,89,82,7,0,0.0,16.695,16.695
proportional,2011-07-18,85099C,1.95,214,92,306,210,210,0,96,9.36,0.0,9.36
proportional,2011-07-18,20725,1.65,122,196,318,315,315,0,3,0.24749999999999997,0.0,0.24749999999999997
proportional,2011-07-18,79321,4.95,136,35,171,129,129,0,42,10.395000000000001,0.0,10.395000000000001
proportional,2011-07-18,21754,5.95,45,33,78,45,45,0,33,9.8175,0.0,9.8175
proportional,2011-07-18,21931,1.95,125,153,278,257,257,0,21,2.0475,0.0,2.0475
proportional,2011-07-25,22423,12.75,0,298,298,275,275,0,23,14.662500000000001,0.0,14.662500000000001
proportional,2011-07-25,85123A,2.95,178,694,872,756,756,0,116,17.110000000000003,0.0,17.110000000000003
proportional,2011-07-25,85099B,1.95,171,708,879,540,540,0,339,33.0525,0.0,33.0525
proportional,2011-07-25,84879,1.69,271,506,777,400,400,0,377,31.8565,0.0,31.8565
proportional,2011-07-25,22086,2.95,289,16,305,167,167,0,138,20.355000000000004,0.0,20.355000000000004
proportional,2011-07-25,47566,4.95,0,318,318,466,318,148,0,0.0,219.78,219.78
proportional,2011-07-25,84347,2.55,460,4,464,6,6,0,458,58.394999999999996,0.0,58.394999999999996
proportional,2011-07-25,48138,7.95,34,50,84,30,30,0,54,21.465000000000003,0.0,21.465000000000003
proportional,2011-07-25,21843,10.95,27,11,38,7,7,0,31,16.9725,0.0,16.9725
proportional,2011-07-25,21621,8.5,45,26,71,19,19,0,52,22.1,0.0,22.1
proportional,2011-07-25,85099F,1.95,246,114,360,434,360,74,0,0.0,43.28999999999999,43.28999999999999
proportional,2011-07-25,15056N,5.95,0,91,91,25,25,0,66,19.635,0.0,19.635
proportional,2011-07-25,21232,1.25,167,138,305,95,95,0,210,13.125,0.0,13.125
proportional,2011-07-25,22386,1.95,79,281,360,403,360,43,0,0.0,25.154999999999998,25.154999999999998
proportional,2011-07-25,20685,7.95,0,82,82,18,18,0,64,25.44,0.0,25.44
proportional,2011-07-25,85099C,1.95,96,209,305,164,164,0,141,13.7475,0.0,13.7475
proportional,2011-07-25,20725,1.65,3,315,318,345,318,27,0,0.0,13.364999999999998,13.364999999999998
proportional,2011-07-25,79321,4.95,42,132,174,651,174,477,0,0.0,708.345,708.345
proportional,2011-07-25,21754,5.95,33,45,78,35,35,0,43,12.7925,0.0,12.7925
proportional,2011-07-25,21931,2.08,21,255,276,230,230,0,46,4.784000000000001,0.0,4.784000000000001
proportional,2011-08-01,22423,12.75,23,270,293,132,132,0,161,102.6375,0.0,102.6375
proportional,2011-08-01,85123A,2.95,116,759,875,423,423,0,452,66.67,0.0,66.67
proportional,2011-08-01,85099B,1.95,339,538,877,1026,877,149,0,0.0,87.165,87.165
proportional,2011-08-01,84879,1.69,377,398,775,3792,775,3017,0,0.0,1529.619,1529.619
proportional,2011-08-01,22086,2.95,138,167,305,155,155,0,150,22.125,0.0,22.125
proportional,2011-08-01,47566,4.95,0,327,327,431,327,104,0,0.0,154.44000000000003,154.44000000000003
proportional,2011-08-01,84347,2.55,458,5,463,12,12,0,451,57.5025,0.0,57.5025
proportional,2011-08-01,48138,7.95,54,23,77,37,37,0,40,15.9,0.0,15.9
proportional,2011-08-01,21843,10.95,31,4,35,27,27,0,8,4.38,0.0,4.38
proportional,2011-08-01,21621,8.5,52,19,71,150,71,79,0,0.0,201.45,201.45
proportional,2011-08-01,85099F,1.95,0,361,361,537,361,176,0,0.0,102.96,102.96
proportional,2011-08-01,15056N,5.95,66,25,91,102,91,11,0,0.0,19.635,19.635
proportional,2011-08-01,21232,1.25,210,87,297,141,141,0,156,9.75,0.0,9.75
proportional,2011-08-01,22386,1.95,0,365,365,362,362,0,3,0.2925,0.0,0.2925
proportional,2011-08-01,20685,7.95,64,17,81,38,38,0,43,17.0925,0.0,17.0925
proportional,2011-08-01,85099C,1.95,141,163,304,264,264,0,40,3.9000000000000004,0.0,3.9000000000000004
proportional,2011-08-01,20725,1.65,0,316,316,583,316,267,0,0.0,132.165,132.165
proportional,2011-08-01,79321,4.95,0,188,188,87,87,0,101,24.997500000000002,0.0,24.997500000000002
proportional,2011-08-01,21754,5.95,43,34,77,28,28,0,49,14.5775,0.0,14.5775
proportional,2011-08-01,21931,2.08,46,231,277,383,277,106,0,0.0,66.144,66.144
proportional,2011-08-08,22423,12.75,161,125,286,122,122,0,164,104.55000000000001,0.0,104.55000000000001
proportional,2011-08-08,85123A,2.95,452,409,861,401,401,0,460,67.85000000000001,0.0,67.85000000000001
proportional,2011-08-08,85099B,1.95,0,872,872,1123,872,251,0,0.0,146.83499999999998,146.83499999999998
proportional,2011-08-08,84879,1.69,0,830,830,1315,830,485,0,0.0,245.89499999999998,245.89499999999998
proportional,2011-08-08,22086,2.95,150,152,302,22,22,0,280,41.300000000000004,0.0,41.300000000000004
proportional,2011-08-08,47566,4.95,0,330,330,272,272,0,58,14.355000000000002,0.0,14.355000000000002
proportional,2011-08-08,84347,2.55,451,6,457,0,0,0,457,58.2675,0.0,58.2675
proportional,2011-08-08,48138,7.95,40,36,76,7,7,0,69,27.427500000000006,0.0,27.427500000000006
proportional,2011-08-08,21843,10.95,8,25,33,8,8,0,25,13.6875,0.0,13.6875
proportional,2011-08-08,21621,8.5,0,72,72,17,17,0,55,23.375,0.0,23.375
proportional,2011-08-08,85099F,1.95,0,362,362,310,310,0,52,5.07,0.0,5.07
proportional,2011-08-08,15056N,5.95,0,90,90,37,37,0,53,15.767500000000002,0.0,15.767500000000002
proportional,2011-08-08,21232,1.25,156,136,292,119,119,0,173,10.8125,0.0,10.8125
proportional,2011-08-08,22386,2.08,3,357,360,361,360,1,0,0.0,0.624,0.624
proportional,2011-08-08,20685,7.95,43,37,80,29,29,0,51,20.2725,0.0,20.2725
proportional,2011-08-08,85099C,1.95,40,262,302,252,252,0,50,4.875,0.0,4.875
proportional,2011-08-08,20725,1.65,0,310,310,575,310,265,0,0.0,131.17499999999998,131.17499999999998
proportional,2011-08-08,79321,4.95,101,86,187,135,135,0,52,12.870000000000003,0.0,12.870000000000003
proportional,2011-08-08,21754,5.95,49,26,75,17,17,0,58,17.255000000000003,0.0,17.255000000000003
proportional,2011-08-08,21931,2.08,0,278,278,297,278,19,0,0.0,11.856,11.856
proportional,2011-08-15,22423,12.75,164,123,287,147,147,0,140,89.25,0.0,89.25
proportional,2011-08-15,85123A,2.95,460,399,859,265,265,0,594,87.61500000000001,0.0,87.61500000000001
proportional,2011-08-15,85099B,1.95,0,881,881,976,881,95,0,0.0,55.574999999999996,55.574999999999996
proportional,2011-08-15,84879,1.69,0,846,846,556,556,0,290,24.505,0.0,24.505
proportional,2011-08-15,22086,2.95,280,22,302,24,24,0,278,41.005,0.0,41.005
proportional,2011-08-15,47566,4.95,58,276,334,286,286,0,48,11.880000000000003,0.0,11.880000000000003
proportional,2011-08-15,84347,2.55,457,2,459,17,17,0,442,56.355,0.0,56.355
proportional,2011-08-15,48138,7.95,69,7,76,57,57,0,19,7.552500000000001,0.0,7.552500000000001
proportional,2011-08-15,21843,10.95,25,8,33,17,17,0,16,8.76,0.0,8.76
proportional,2011-08-15,21621,8.5,55,16,71,19,19,0,52,22.1,0.0,22.1
proportional,2011-08-15,85099F,1.95,52,292,344,328,328,0,16,1.56,0.0,1.56
proportional,2011-08-15,15056N,5.95,53,35,88,138,88,50,0,0.0,89.25,89.25
proportional,2011-08-15,21232,1.25,173,114,287,76,76,0,211,13.1875,0.0,13.1875
proportional,2011-08-15,22386,2.08,0,360,360,366,360,6,0,0.0,3.7439999999999998,3.7439999999999998
proportional,2011-08-15,20685,7.95,51,27,78,38,38,0,40,15.9,0.0,15.9
proportional,2011-08-15,85099C,1.95,50,250,300,113,113,0,187,18.232499999999998,0.0,18.232499999999998
proportional,2011-08-15,20725,1.65,0,312,312,373,312,61,0,0.0,30.194999999999997,30.194999999999997
proportional,2011-08-15,79321,4.95,52,138,190,62,62,0,128,31.680000000000003,0.0,31.680000000000003
proportional,2011-08-15,21754,5.95,58,15,73,67,67,0,6,1.7850000000000001,0.0,1.7850000000000001
proportional,2011-08-15,21931,2.08,0,275,275,395,275,120,0,0.0,74.88000000000001,74.88000000000001
proportional,2011-08-22,22423,12.75,140,148,288,149,149,0,139,88.61250000000001,0.0,88.61250000000001
proportional,2011-08-22,85123A,2.95,594,241,835,763,763,0,72,10.620000000000001,0.0,10.620000000000001
proportional,2011-08-22,85099B,1.95,0,904,904,1458,904,554,0,0.0,324.09,324.09
proportional,2011-08-22,84879,1.69,290,559,849,810,810,0,39,3.2955,0.0,3.2955
proportional,2011-08-22,22086,2.95,278,27,305,28,28,0,277,40.85750000000001,0.0,40.85750000000001
proportional,2011-08-22,47566,4.95,48,287,335,436,335,101,0,0.0,149.985,149.985
proportional,2011-08-22,84347,2.55,442,19,461,18,18,0,443,56.482499999999995,0.0,56.482499999999995
proportional,2011-08-22,48138,7.95,19,57,76,12,12,0,64,25.44,0.0,25.44
proportional,2011-08-22,21843,10.95,16,16,32,12,12,0,20,10.950000000000001,0.0,10.950000000000001
proportional,2011-08-22,21621,8.5,52,18,70,19,19,0,51,21.675,0.0,21.675
proportional,2011-08-22,85099F,1.95,16,331,347,862,347,515,0,0.0,301.275,301.275
proportional,2011-08-22,15056N,5.95,0,89,89,146,89,57,0,0.0,101.745,101.745
proportional,2011-08-22,21232,1.25,211,72,283,101,101,0,182,11.375,0.0,11.375
proportional,2011-08-22,22386,2.08,0,362,362,609,362,247,0,0.0,154.128,154.128
proportional,2011-08-22,20685,7.95,40,39,79,34,34,0,45,17.8875,0.0,17.8875
proportional,2011-08-22,85099C,1.95,187,109,296,132,132,0,164,15.990000000000002,0.0,15.990000000000002
proportional,2011-08-22,20725,1.65,0,305,305,281,281,0,24,1.9799999999999998,0.0,1.9799999999999998
proportional,2011-08-22,79321,4.95,128,63,191,110,110,0,81,20.0475,0.0,20.0475
proportional,2011-08-22,21754,5.95,6,67,73,41,41,0,32,9.520000000000001,0.0,9.520000000000001
proportional,2011-08-22,21931,2.08,0,275,275,356,275,81,0,0.0,50.544000000000004,50.544000000000004
proportional,2011-08-29,22423,12.75,139,147,286,89,89,0,197,125.5875,0.0,125.5875
proportional,2011-08-29,85123A,2.95,72,754,826,394,394,0,432,63.720000000000006,0.0,63.720000000000006
proportional,2011-08-29,85099B,1.95,0,931,931,677,677,0,254,24.765,0.0,24.765
proportional,2011-08-29,84879,1.69,39,804,843,200,200,0,643,54.33350000000001,0.0,54.33350000000001
proportional,2011-08-29,22086,2.95,277,27,304,192,192,0,112,16.520000000000003,0.0,16.520000000000003
proportional,2011-08-29,47566,4.95,0,342,342,187,187,0,155,38.362500000000004,0.0,38.362500000000004
proportional,2011-08-29,84347,2.55,443,16,459,4,4,0,455,58.0125,0.0,58.0125
proportional,2011-08-29,48138,7.95,64,10,74,21,21,0,53,21.067500000000003,0.0,21.067500000000003
proportional,2011-08-29,21843,10.95,20,9,29,9,9,0,20,10.950000000000001,0.0,10.950000000000001
proportional,2011-08-29,21621,8.5,51,18,69,40,40,0,29,12.325000000000001,0.0,12.325000000000001
proportional,2011-08-29,85099F,1.95,0,354,354,278,278,0,76,7.41,0.0,7.41
proportional,2011-08-29,15056N,5.95,0,87,87,26,26,0,61,18.1475,0.0,18.1475
proportional,2011-08-29,21232,1.25,182,95,277,74,74,0,203,12.6875,0.0,12.6875
proportional,2011-08-29,22386,2.08,0,367,367,238,238,0,129,13.416,0.0,13.416
proportional,2011-08-29,20685,7.95,45,33,78,33,33,0,45,17.8875,0.0,17.8875
proportional,2011-08-29,85099C,2.08,164,126,290,264,264,0,26,2.704,0.0,2.704
proportional,2011-08-29,20725,1.65,24,279,303,192,192,0,111,9.157499999999999,0.0,9.157499999999999
proportional,2011-08-29,79321,4.95,81,111,192,210,192,18,0,0.0,26.73,26.73
proportional,2011-08-29,21754,5.95,32,38,70,17,17,0,53,15.767500000000002,0.0,15.767500000000002
proportional,2011-08-29,21931,2.08,0,274,274,302,274,28,0,0.0,17.472,17.472
proportional,2011-09-05,22423,12.75,197,87,284,105,105,0,179,114.11250000000001,0.0,114.11250000000001
proportional,2011-09-05,85123A,2.95,432,403,835,407,407,0,428,63.13000000000001,0.0,63.13000000000001
proportional,2011-09-05,85099B,1.95,254,664,918,536,536,0,382,37.245,0.0,37.245
proportional,2011-09-05,84879,1.69,643,199,842,384,384,0,458,38.701,0.0,38.701
proportional,2011-09-05,22086,2.95,112,199,311,495,311,184,0,0.0,162.84,162.84
proportional,2011-09-05,47566,4.95,155,196,351,224,224,0,127,31.4325,0.0,31.4325
proportional,2011-09-05,84347,2.55,455,0,455,38,38,0,417,53.1675,0.0,53.1675
proportional,2011-09-05,48138,7.95,53,21,74,29,29,0,45,17.8875,0.0,17.8875
proportional,2011-09-05,21843,10.95,20,9,29,3,3,0,26,14.235,0.0,14.235
proportional,2011-09-05,21621,8.5,29,39,68,54,54,0,14,5.95,0.0,5.95
proportional,2011-09-05,85099F,2.08,76,272,348,189,189,0,159,16.536,0.0,16.536
proportional,2011-09-05,15056N,5.95,61,27,88,98,88,10,0,0.0,17.849999999999998,17.849999999999998
proportional,2011-09-05,21232,1.25,203,73,276,287,276,11,0,0.0,4.125,4.125
proportional,2011-09-05,22386,2.08,129,235,364,617,364,253,0,0.0,157.87199999999999,157.87199999999999
proportional,2011-09-05,20685,7.95,45,34,79,20,20,0,59,23.4525,0.0,23.4525
proportional,2011-09-05,85099C,2.08,26,264,290,439,290,149,0,0.0,92.976,92.976
proportional,2011-09-05,20725,1.65,111,194,305,304,304,0,1,0.0825,0.0,0.0825
proportional,2011-09-05,79321,4.95,0,195,195,71,71,0,124,30.690000000000005,0.0,30.690000000000005
proportional,2011-09-05,21754,5.95,53,17,70,56,56,0,14,4.165,0.0,4.165
proportional,2011-09-05,21931,2.08,0,273,273,276,273,3,0,0.0,1.8719999999999999,1.8719999999999999
proportional,2011-09-12,22423,12.75,179,105,284,197,197,0,87,55.462500000000006,0.0,55.462500000000006
proportional,2011-09-12,85123A,2.95,428,405,833,657,657,0,176,25.960000000000004,0.0,25.960000000000004
proportional,2011-09-12,85099B,2.08,382,530,912,743,743,0,169,17.576000000000004,0.0,17.576000000000004
proportional,2011-09-12,84879,1.69,458,391,849,740,740,0,109,9.210500000000001,0.0,9.210500000000001
proportional,2011-09-12,22086,2.95,0,325,325,481,325,156,0,0.0,138.06,138.06
proportional,2011-09-12,47566,4.95,127,232,359,334,334,0,25,6.1875,0.0,6.1875
proportional,2011-09-12,84347,2.55,417,9,426,294,294,0,132,16.83,0.0,16.83
proportional,2011-09-12,48138,7.95,45,29,74,544,74,470,0,0.0,1120.95,1120.95
proportional,2011-09-12,21843,10.95,26,2,28,29,28,1,0,0.0,3.2849999999999997,3.2849999999999997
proportional,2011-09-12,21621,8.5,14,54,68,19,19,0,49,20.825000000000003,0.0,20.825000000000003
proportional,2011-09-12,85099F,2.08,159,185,344,302,302,0,42,4.368,0.0,4.368
proportional,2011-09-12,15056N,5.95,0,88,88,114,88,26,0,0.0,46.410000000000004,46.410000000000004
proportional,2011-09-12,21232,1.25,0,277,277,133,133,0,144,9.0,0.0,9.0
proportional,2011-09-12,22386,2.08,0,368,368,478,368,110,0,0.0,68.64,68.64
proportional,2011-09-12,20685,7.95,59,19,78,14,14,0,64,25.44,0.0,25.44
proportional,2011-09-12,85099C,2.08,0,294,294,109,109,0,185,19.240000000000002,0.0,19.240000000000002
proportional,2011-09-12,20725,1.65,1,307,308,299,299,0,9,0.7425,0.0,0.7425
proportional,2011-09-12,79321,4.95,124,75,199,262,199,63,0,0.0,93.555,93.555
proportional,2011-09-12,21754,5.95,14,56,70,45,45,0,25,7.4375,0.0,7.4375
proportional,2011-09-12,21931,2.08,0,271,271,331,271,60,0,0.0,37.440000000000005,37.440000000000005
proportional,2011-09-19,22423,12.75,87,194,281,100,100,0,181,115.3875,0.0,115.3875
proportional,2011-09-19,85123A,2.95,176,646,822,660,660,0,162,23.895000000000003,0.0,23.895000000000003
proportional,2011-09-19,85099B,2.08,169,737,906,1387,906,481,0,0.0,300.144,300.144
proportional,2011-09-19,84879,1.69,109,741,850,629,629,0,221,18.674500000000002,0.0,18.674500000000002
proportional,2011-09-19,22086,2.95,0,327,327,584,327,257,0,0.0,227.44500000000002,227.44500000000002
proportional,2011-09-19,47566,4.95,25,340,365,127,127,0,238,58.90500000000001,0.0,58.90500000000001
proportional,2011-09-19,84347,2.55,132,298,430,367,367,0,63,8.032499999999999,0.0,8.032499999999999
proportional,2011-09-19,48138,7.95,0,84,84,23,23,0,61,24.247500000000002,0.0,24.247500000000002
proportional,2011-09-19,21843,10.95,0,28,28,38,28,10,0,0.0,32.85,32.85
proportional,2011-09-19,21621,8.5,49,19,68,46,46,0,22,9.35,0.0,9.35
proportional,2011-09-19,85099F,2.08,42,303,345,509,345,164,0,0.0,102.336,102.336
proportional,2011-09-19,15056N,5.95,0,87,87,28,28,0,59,17.552500000000002,0.0,17.552500000000002
proportional,2011-09-19,21232,1.25,144,127,271,207,207,0,64,4.0,0.0,4.0
proportional,2011-09-19,22386,2.08,0,372,372,599,372,227,0,0.0,141.648,141.648
proportional,2011-09-19,20685,7.95,64,13,77,11,11,0,66,26.235000000000003,0.0,26.235000000000003
proportional,2011-09-19,85099C,2.08,185,102,287,440,287,153,0,0.0,95.472,95.472
proportional,2011-09-19,20725,1.65,9,302,311,212,212,0,99,8.1675,0.0,8.1675
proportional,2011-09-19,79321,4.95,0,203,203,28,28,0,175,43.3125,0.0,43.3125
proportional,2011-09-19,21754,5.95,25,44,69,17,17,0,52,15.470000000000002,0.0,15.470000000000002
proportional,2011-09-19,21931,2.08,0,272,272,278,272,6,0,0.0,3.7439999999999998,3.7439999999999998
proportional,2011-09-26,22423,12.75,181,90,271,137,137,0,134,85.42500000000001,0.0,85.42500000000001
proportional,2011-09-26,85123A,2.95,162,660,822,408,408,0,414,61.06500000000001,0.0,61.06500000000001
proportional,2011-09-26,85099B,2.08,0,911,911,889,889,0,22,2.2880000000000003,0.0,2.2880000000000003
proportional,2011-09-26,84879,1.69,221,615,836,799,799,0,37,3.1265,0.0,3.1265
proportional,2011-09-26,22086,2.95,0,334,334,347,334,13,0,0.0,11.505,11.505
proportional,2011-09-26,47566,4.95,238,130,368,197,197,0,171,42.322500000000005,0.0,42.322500000000005
proportional,2011-09-26,84347,2.55,63,371,434,40,40,0,394,50.235,0.0,50.235
proportional,2011-09-26,48138,7.95,61,23,84,176,84,92,0,0.0,219.42,219.42
proportional,2011-09-26,21843,10.95,0,29,29,5,5,0,24,13.139999999999999,0.0,13.139999999999999
proportional,2011-09-26,21621,8.5,22,46,68,22,22,0,46,19.55,0.0,19.55
proportional,2011-09-26,85099F,2.08,0,350,350,206,206,0,144,14.975999999999999,0.0,14.975999999999999
proportional,2011-09-26,15056N,5.95,59,28,87,46,46,0,41,12.197500000000002,0.0,12.197500000000002
proportional,2011-09-26,21232,1.25,64,203,267,214,214,0,53,3.3125,0.0,3.3125
proportional,2011-09-26,22386,2.08,0,381,381,665,381,284,0,0.0,177.216,177.216
proportional,2011-09-26,20685,7.95,66,11,77,95,77,18,0,0.0,42.93,42.93
proportional,2011-09-26,85099C,2.08,0,288,288,398,288,110,0,0.0,68.64,68.64
proportional,2011-09-26,20725,1.65,99,208,307,228,228,0,79,6.5175,0.0,6.5175
proportional,2011-09-26,79321,4.95,175,26,201,162,162,0,39,9.652500000000002,0.0,9.652500000000002
proportional,2011-09-26,21754,5.95,52,16,68,33,33,0,35,10.412500000000001,0.0,10.412500000000001
proportional,2011-09-26,21931,2.08,0,272,272,260,260,0,12,1.2480000000000002,0.0,1.2480000000000002
proportional,2011-10-03,22423,12.75,134,137,271,298,271,27,0,0.0,103.27499999999999,103.27499999999999
proportional,2011-10-03,85123A,2.95,414,411,825,157,157,0,668,98.53000000000002,0.0,98.53000000000002
proportional,2011-10-03,85099B,2.08,22,880,902,2496,902,1594,0,0.0,994.656,994.656
proportional,2011-10-03,84879,1.69,37,811,848,573,573,0,275,23.2375,0.0,23.2375
proportional,2011-10-03,22086,2.95,0,334,334,953,334,619,0,0.0,547.815,547.815
proportional,2011-10-03,47566,4.95,171,185,356,170,170,0,186,46.035000000000004,0.0,46.035000000000004
proportional,2011-10-03,84347,2.55,394,40,434,178,178,0,256,32.64,0.0,32.64
proportional,2011-10-03,48138,7.95,0,87,87,30,30,0,57,22.657500000000002,0.0,22.657500000000002
proportional,2011-10-03,21843,10.95,24,4,28,4,4,0,24,13.139999999999999,0.0,13.139999999999999
proportional,2011-10-03,21621,8.5,46,13,59,30,30,0,29,12.325000000000001,0.0,12.325000000000001
proportional,2011-10-03,85099F,2.08,144,211,355,1052,355,697,0,0.0,434.928,434.928
proportional,2011-10-03,15056N,5.95,41,48,89,22,22,0,67,19.932500000000005,0.0,19.932500000000005
proportional,2011-10-03,21232,1.25,53,212,265,67,67,0,198,12.375,0.0,12.375
proportional,2011-10-03,22386,2.08,0,388,388,1539,388,1151,0,0.0,718.2239999999999,718.2239999999999
proportional,2011-10-03,20685,7.95,0,77,77,36,36,0,41,16.2975,0.0,16.2975
proportional,2011-10-03,85099C,2.08,0,290,290,146,146,0,144,14.975999999999999,0.0,14.975999999999999
proportional,2011-10-03,20725,1.65,79,229,308,278,278,0,30,2.475,0.0,2.475
proportional,2011-10-03,79321,4.95,39,162,201,47,47,0,154,38.115,0.0,38.115
proportional,2011-10-03,21754,5.95,35,32,67,44,44,0,23,6.8425,0.0,6.8425
proportional,2011-10-03,21931,2.08,12,259,271,444,271,173,0,0.0,107.95200000000001,107.95200000000001
proportional,2011-10-10,22423,12.75,0,271,271,127,127,0,144,91.80000000000001,0.0,91.80000000000001
proportional,2011-10-10,85123A,2.95,668,147,815,599,599,0,216,31.860000000000003,0.0,31.860000000000003
proportional,2011-10-10,85099B,2.08,0,945,945,547,547,0,398,41.392,0.0,41.392
proportional,2011-10-10,84879,1.69,275,577,852,412,412,0,440,37.18,0.0,37.18
proportional,2011-10-10,22086,2.95,0,325,325,739,325,414,0,0.0,366.39000000000004,366.39000000000004
proportional,2011-10-10,47566,4.95,186,171,357,102,102,0,255,63.112500000000004,0.0,63.112500000000004
proportional,2011-10-10,84347,2.55,256,113,369,469,369,100,0,0.0,76.49999999999999,76.49999999999999
proportional,2011-10-10,48138,7.95,57,30,87,39,39,0,48,19.080000000000002,0.0,19.080000000000002
proportional,2011-10-10,21843,10.95,24,4,28,23,23,0,5,2.7375000000000003,0.0,2.7375000000000003
proportional,2011-10-10,21621,8.5,29,31,60,17,17,0,43,18.275000000000002,0.0,18.275000000000002
proportional,2011-10-10,85099F,2.08,0,371,371,51,51,0,320,33.28,0.0,33.28
proportional,2011-10-10,15056N,5.95,67,21,88,32,32,0,56,16.66,0.0,16.66
proportional,2011-10-10,21232,1.25,198,51,249,358,249,109,0,0.0,40.875,40.875
proportional,2011-10-10,22386,2.08,0,421,421,197,197,0,224,23.296000000000003,0.0,23.296000000000003
proportional,2011-10-10,20685,7.95,41,36,77,39,39,0,38,15.105000000000002,0.0,15.105000000000002
proportional,2011-10-10,85099C,2.08,144,143,287,210,210,0,77,8.008000000000001,0.0,8.008000000000001
proportional,2011-10-10,20725,1.65,30,283,313,383,313,70,0,0.0,34.65,34.65
proportional,2011-10-10,79321,4.95,154,38,192,150,150,0,42,10.395000000000001,0.0,10.395000000000001
proportional,2011-10-10,21754,5.95,23,44,67,18,18,0,49,14.5775,0.0,14.5775
proportional,2011-10-10,21931,2.08,0,281,281,143,143,0,138,14.352000000000002,0.0,14.352000000000002
proportional,2011-10-17,22423,12.75,144,130,274,89,89,0,185,117.9375,0.0,117.9375
proportional,2011-10-17,85123A,2.95,216,606,822,152,152,0,670,98.82500000000002,0.0,98.82500000000002
proportional,2011-10-17,85099B,2.08,398,540,938,725,725,0,213,22.152,0.0,22.152
proportional,2011-10-17,84879,1.69,440,387,827,740,740,0,87,7.351500000000001,0.0,7.351500000000001
proportional,2011-10-17,22086,2.95,0,335,335,698,335,363,0,0.0,321.25500000000005,321.25500000000005
proportional,2011-10-17,47566,4.95,255,106,361,203,203,0,158,39.105000000000004,0.0,39.105000000000004
proportional,2011-10-17,84347,2.55,0,381,381,400,381,19,0,0.0,14.534999999999998,14.534999999999998
proportional,2011-10-17,48138,7.95,48,39,87,16,16,0,71,28.222500000000004,0.0,28.222500000000004
proportional,2011-10-17,21843,10.95,5,22,27,4,4,0,23,12.592500000000001,0.0,12.592500000000001
proportional,2011-10-17,21621,8.5,43,17,60,35,35,0,25,10.625,0.0,10.625
proportional,2011-10-17,85099F,2.08,320,48,368,433,368,65,0,0.0,40.56,40.56
proportional,2011-10-17,15056N,5.95,56,33,89,19,19,0,70,20.825000000000003,0.0,20.825000000000003
proportional,2011-10-17,21232,1.25,0,252,252,139,139,0,113,7.0625,0.0,7.0625
proportional,2011-10-17,22386,2.08,224,188,412,334,334,0,78,8.112,0.0,8.112
proportional,2011-10-17,20685,7.95,38,40,78,12,12,0,66,26.235000000000003,0.0,26.235000000000003
proportional,2011-10-17,85099C,2.08,77,205,282,200,200,0,82,8.528,0.0,8.528
proportional,2011-10-17,20725,1.65,0,315,315,146,146,0,169,13.942499999999999,0.0,13.942499999999999
proportional,2011-10-17,79321,5.75,42,154,196,109,109,0,87,25.012500000000003,0.0,25.012500000000003
proportional,2011-10-17,21754,5.95,49,17,66,34,34,0,32,9.520000000000001,0.0,9.520000000000001
proportional,2011-10-17,21931,2.08,138,147,285,140,140,0,145,15.080000000000002,0.0,15.080000000000002
proportional,2011-10-24,22423,12.75,185,85,270,121,121,0,149,94.98750000000001,0.0,94.98750000000001
proportional,2011-10-24,85123A,2.95,670,146,816,369,369,0,447,65.9325,0.0,65.9325
proportional,2011-10-24,85099B,2.08,213,736,949,490,490,0,459,47.736000000000004,0.0,47.736000000000004
proportional,2011-10-24,84879,1.69,87,724,811,745,745,0,66,5.577,0.0,5.577
proportional,2011-10-24,22086,2.95,0,344,344,632,344,288,0,0.0,254.88,254.88
proportional,2011-10-24,47566,4.95,158,206,364,78,78,0,286,70.78500000000001,0.0,70.78500000000001
proportional,2011-10-24,84347,2.55,0,377,377,677,377,300,0,0.0,229.5,229.5
proportional,2011-10-24,48138,7.95,71,15,86,20,20,0,66,26.235000000000003,0.0,26.235000000000003
proportional,2011-10-24,21843,10.95,23,2,25,13,13,0,12,6.569999999999999,0.0,6.569999999999999
proportional,2011-10-24,21621,8.5,25,36,61,12,12,0,49,20.825000000000003,0.0,20.825000000000003
proportional,2011-10-24,85099F,2.08,0,377,377,30,30,0,347,36.088,0.0,36.088
proportional,2011-10-24,15056N,5.95,70,13,83,107,83,24,0,0.0,42.84,42.84
proportional,2011-10-24,21232,1.25,113,134,247,137,137,0,110,6.875,0.0,6.875
proportional,2011-10-24,22386,2.08,78,342,420,343,343,0,77,8.008000000000001,0.0,8.008000000000001
proportional,2011-10-24,20685,7.95,66,12,78,52,52,0,26,10.335,0.0,10.335
proportional,2011-10-24,85099C,2.08,82,201,283,391,283,108,0,0.0,67.392,67.392
proportional,2011-10-24,20725,1.65,169,149,318,234,234,0,84,6.93,0.0,6.93
proportional,2011-10-24,79321,5.75,87,108,195,431,195,236,0,0.0,407.09999999999997,407.09999999999997
proportional,2011-10-24,21754,5.95,32,33,65,48,48,0,17,5.057500000000001,0.0,5.057500000000001
proportional,2011-10-24,21931,2.08,145,141,286,242,242,0,44,4.5760000000000005,0.0,4.5760000000000005
proportional,2011-10-31,22423,12.75,149,110,259,236,236,0,23,14.662500000000001,0.0,14.662500000000001
proportional,2011-10-31,85123A,2.95,447,355,802,1691,802,889,0,0.0,786.765,786.765
proportional,2011-10-31,85099B,2.08,459,491,950,823,823,0,127,13.208000000000002,0.0,13.208000000000002
proportional,2011-10-31,84879,1.69,66,741,807,912,807,105,0,0.0,53.23499999999999,53.23499999999999
proportional,2011-10-31,22086,2.95,0,349,349,1717,349,1368,0,0.0,1210.68,1210.68
proportional,2011-10-31,47566,4.95,286,80,366,102,102,0,264,65.34,0.0,65.34
proportional,2011-10-31,84347,2.55,0,388,388,319,319,0,69,8.7975,0.0,8.7975
proportional,2011-10-31,48138,7.95,66,20,86,32,32,0,54,21.465000000000003,0.0,21.465000000000003
proportional,2011-10-31,21843,10.95,12,13,25,34,25,9,0,0.0,29.564999999999998,29.564999999999998
proportional,2011-10-31,21621,8.5,49,12,61,20,20,0,41,17.425,0.0,17.425
proportional,2011-10-31,85099F,2.08,347,27,374,193,193,0,181,18.824,0.0,18.824
proportional,2011-10-31,15056N,5.95,0,85,85,10,10,0,75,22.3125,0.0,22.3125
proportional,2011-10-31,21232,1.25,110,131,241,201,201,0,40,2.5,0.0,2.5
proportional,2011-10-31,22386,2.08,77,348,425,293,293,0,132,13.728000000000002,0.0,13.728000000000002
proportional,2011-10-31,20685,7.95,26,52,78,90,78,12,0,0.0,28.62,28.62
proportional,2011-10-31,85099C,2.08,0,287,287,90,90,0,197,20.488,0.0,20.488
proportional,2011-10-31,20725,1.65,84,235,319,223,223,0,96,7.919999999999999,0.0,7.919999999999999
proportional,2011-10-31,79321,5.75,0,201,201,166,166,0,35,10.0625,0.0,10.0625
proportional,2011-10-31,21754,5.95,17,47,64,58,58,0,6,1.7850000000000001,0.0,1.7850000000000001
proportional,2011-10-31,21931,2.08,44,244,288,245,245,0,43,4.472,0.0,4.472
proportional,2011-11-07,22423,12.75,23,246,269,157,157,0,112,71.4,0.0,71.4
proportional,2011-11-07,85123A,2.95,0,844,844,524,524,0,320,47.2,0.0,47.2
proportional,2011-11-07,85099B,2.08,127,856,983,2060,983,1077,0,0.0,672.0479999999999,672.0479999999999
proportional,2011-11-07,84879,1.69,0,833,833,1740,833,907,0,0.0,459.849,459.849
proportional,2011-11-07,22086,2.95,0,365,365,1273,365,908,0,0.0,803.58,803.58
proportional,2011-11-07,47566,4.95,264,115,379,135,135,0,244,60.39,0.0,60.39
proportional,2011-11-07,84347,2.55,69,117,186,584,186,398,0,0.0,304.46999999999997,304.46999999999997
proportional,2011-11-07,48138,7.95,54,34,88,33,33,0,55,21.8625,0.0,21.8625
proportional,2011-11-07,21843,10.95,0,25,25,27,25,2,0,0.0,6.569999999999999,6.569999999999999
proportional,2011-11-07,21621,8.5,41,22,63,32,32,0,31,13.175,0.0,13.175
proportional,2011-11-07,85099F,2.08,181,205,386,301,301,0,85,8.840000000000002,0.0,8.840000000000002
proportional,2011-11-07,15056N,5.95,75,10,85,29,29,0,56,16.66,0.0,16.66
proportional,2011-11-07,21232,1.25,40,201,241,135,135,0,106,6.625,0.0,6.625
proportional,2011-11-07,22386,2.08,132,306,438,416,416,0,22,2.2880000000000003,0.0,2.2880000000000003
proportional,2011-11-07,20685,7.95,0,81,81,36,36,0,45,17.8875,0.0,17.8875
proportional,2011-11-07,85099C,2.08,197,97,294,253,253,0,41,4.264,0.0,4.264
proportional,2011-11-07,20725,1.65,96,229,325,526,325,201,0,0.0,99.49499999999999,99.49499999999999
proportional,2011-11-07,79321,5.75,35,173,208,482,208,274,0,0.0,472.65,472.65
proportional,2011-11-07,21754,5.95,6,57,63,30,30,0,33,9.8175,0.0,9.8175
proportional,2011-11-07,21931,2.08,43,256,299,404,299,105,0,0.0,65.52,65.52
proportional,2011-11-14,22423,12.75,112,156,268,148,148,0,120,76.5,0.0,76.5
proportional,2011-11-14,85123A,2.95,320,524,844,1172,844,328,0,0.0,290.28,290.28
proportional,2011-11-14,85099B,2.08,0,1012,1012,1562,1012,550,0,0.0,343.2,343.2
proportional,2011-11-14,84879,1.69,0,768,768,1102,768,334,0,0.0,169.338,169.338
proportional,2011-11-14,22086,2.95,0,367,367,2149,367,1782,0,0.0,1577.0700000000002,1577.0700000000002
proportional,2011-11-14,47566,4.95,244,148,392,109,109,0,283,70.0425,0.0,70.0425
proportional,2011-11-14,84347,2.55,0,196,196,735,196,539,0,0.0,412.3349999999999,412.3349999999999
proportional,2011-11-14,48138,7.95,55,29,84,39,39,0,45,17.8875,0.0,17.8875
proportional,2011-11-14,21843,10.95,0,25,25,4,4,0,21,11.4975,0.0,11.4975
proportional,2011-11-14,21621,8.5,31,34,65,16,16,0,49,20.825000000000003,0.0,20.825000000000003
proportional,2011-11-14,85099F,2.08,85,292,377,196,196,0,181,18.824,0.0,18.824
proportional,2011-11-14,15056N,5.95,56,30,86,97,86,11,0,0.0,19.635,19.635
proportional,2011-11-14,21232,1.25,106,123,229,733,229,504,0,0.0,189.0,189.0
proportional,2011-11-14,22386,2.08,22,424,446,472,446,26,0,0.0,16.224,16.224
proportional,2011-11-14,20685,7.95,45,36,81,26,26,0,55,21.8625,0.0,21.8625
proportional,2011-11-14,85099C,2.08,41,252,293,620,293,327,0,0.0,204.04799999999997,204.04799999999997
proportional,2011-11-14,20725,1.65,0,340,340,449,340,109,0,0.0,53.955,53.955
proportional,2011-11-14,79321,5.75,0,214,214,381,214,167,0,0.0,288.075,288.075
proportional,2011-11-14,21754,5.95,33,32,65,58,58,0,7,2.0825,0.0,2.0825
proportional,2011-11-14,21931,2.08,0,303,303,149,149,0,154,16.016000000000002,0.0,16.016000000000002
proportional,2011-11-21,22423,12.75,120,140,260,173,173,0,87,55.462500000000006,0.0,55.462500000000006
proportional,2011-11-21,85123A,2.95,0,853,853,558,558,0,295,43.5125,0.0,43.5125
proportional,2011-11-21,85099B,2.08,0,1028,1028,727,727,0,301,31.304000000000002,0.0,31.304000000000002
proportional,2011-11-21,84879,1.69,0,762,762,957,762,195,0,0.0,98.865,98.865
proportional,2011-11-21,22086,2.95,0,376,376,1660,376,1284,0,0.0,1136.34,1136.34
proportional,2011-11-21,47566,4.95,283,107,390,451,390,61,0,0.0,90.585,90.585
proportional,2011-11-21,84347,2.55,0,180,180,1144,180,964,0,0.0,737.4599999999999,737.4599999999999
proportional,2011-11-21,48138,7.95,45,38,83,89,83,6,0,0.0,14.31,14.31
proportional,2011-11-21,21843,10.95,21,3,24,104,24,80,0,0.0,262.8,262.8
proportional,2011-11-21,21621,8.5,49,15,64,25,25,0,39,16.575,0.0,16.575
proportional,2011-11-21,85099F,2.08,181,194,375,52,52,0,323,33.592000000000006,0.0,33.592000000000006
proportional,2011-11-21,15056N,5.95,0,88,88,8,8,0,80,23.8,0.0,23.8
proportional,2011-11-21,21232,1.25,0,238,238,165,165,0,73,4.5625,0.0,4.5625
proportional,2011-11-21,22386,2.08,0,441,441,253,253,0,188,19.552000000000003,0.0,19.552000000000003
proportional,2011-11-21,20685,7.95,55,25,80,96,80,16,0,0.0,38.16,38.16
proportional,2011-11-21,85099C,2.08,0,298,298,203,203,0,95,9.88,0.0,9.88
proportional,2011-11-21,20725,1.65,0,338,338,256,256,0,82,6.765,0.0,6.765
proportional,2011-11-21,79321,5.75,0,216,216,959,216,743,0,0.0,1281.675,1281.675
proportional,2011-11-21,21754,5.95,7,56,63,58,58,0,5,1.4875,0.0,1.4875
proportional,2011-11-21,21931,2.08,154,144,298,209,209,0,89,9.256,0.0,9.256
proportional,2011-11-28,22423,12.75,87,168,255,197,197,0,58,36.975,0.0,36.975
proportional,2011-11-28,85123A,2.95,295,527,822,655,655,0,167,24.632500000000004,0.0,24.632500000000004
proportional,2011-11-28,85099B,2.08,301,721,1022,1009,1009,0,13,1.352,0.0,1.352
proportional,2011-11-28,84879,1.69,0,771,771,953,771,182,0,0.0,92.27399999999999,92.27399999999999
proportional,2011-11-28,22086,2.95,0,376,376,1518,376,1142,0,0.0,1010.67,1010.67
proportional,2011-11-28,47566,4.95,0,402,402,101,101,0,301,74.4975,0.0,74.4975
proportional,2011-11-28,84347,2.55,0,193,193,687,193,494,0,0.0,377.9099999999999,377.9099999999999
proportional,2011-11-28,48138,7.95,0,84,84,35,35,0,49,19.477500000000003,0.0,19.477500000000003
proportional,2011-11-28,21843,10.95,0,26,26,42,26,16,0,0.0,52.559999999999995,52.559999999999995
proportional,2011-11-28,21621,8.5,39,25,64,33,33,0,31,13.175,0.0,13.175
proportional,2011-11-28,85099F,2.08,323,50,373,426,373,53,0,0.0,33.072,33.072
proportional,2011-11-28,15056N,5.95,80,6,86,30,30,0,56,16.66,0.0,16.66
proportional,2011-11-28,21232,1.25,73,158,231,379,231,148,0,0.0,55.5,55.5
proportional,2011-11-28,22386,2.08,188,255,443,416,416,0,27,2.8080000000000003,0.0,2.8080000000000003
proportional,2011-11-28,20685,7.95,0,80,80,95,80,15,0,0.0,35.775,35.775
proportional,2011-11-28,85099C,2.08,95,204,299,384,299,85,0,0.0,53.04,53.04
proportional,2011-11-28,20725,1.65,82,257,339,321,321,0,18,1.485,0.0,1.485
proportional,2011-11-28,79321,5.75,0,232,232,314,232,82,0,0.0,141.45,141.45
proportional,2011-11-28,21754,5.95,5,57,62,52,52,0,10,2.975,0.0,2.975
proportional,2011-11-28,21931,2.08,89,206,295,257,257,0,38,3.9520000000000004,0.0,3.9520000000000004
scaled_fractile,2010-12-06,22423,12.75,0,294,294,785,294,491,0,0.0,1878.0749999999998,1878.0749999999998
scaled_fractile,2010-12-06,85123A,2.95,0,941,941,1121,941,180,0,0.0,159.29999999999998,159.29999999999998
scaled_fractile,2010-12-06,85099B,1.95,0,829,829,842,829,13,0,0.0,7.604999999999999,7.604999999999999
scaled_fractile,2010-12-06,84879,1.69,0,771,771,669,669,0,102,8.619,0.0,8.619
scaled_fractile,2010-12-06,22086,2.95,0,372,372,1048,372,676,0,0.0,598.26,598.26
scaled_fractile,2010-12-06,47566,4.65,0,260,260,144,144,0,116,26.970000000000006,0.0,26.970000000000006
scaled_fractile,2010-12-06,84347,2.55,0,268,268,661,268,393,0,0.0,300.645,300.645
scaled_fractile,2010-12-06,48138,7.49,0,119,119,87,87,0,32,11.984000000000002,0.0,11.984000000000002
scaled_fractile,2010-12-06,21843,10.95,0,71,71,96,71,25,0,0.0,82.125,82.125
scaled_fractile,2010-12-06,21621,8.5,0,81,81,23,23,0,58,24.650000000000002,0.0,24.650000000000002
scaled_fractile,2010-12-06,85099F,1.95,0,355,355,162,162,0,193,18.8175,0.0,18.8175
scaled_fractile,2010-12-06,15056N,5.95,0,133,133,29,29,0,104,30.940000000000005,0.0,30.940000000000005
scaled_fractile,2010-12-06,21232,1.25,0,445,445,377,377,0,68,4.25,0.0,4.25
scaled_fractile,2010-12-06,22386,1.95,0,345,345,260,260,0,85,8.2875,0.0,8.2875
scaled_fractile,2010-12-06,20685,7.49,0,68,68,145,68,77,0,0.0,173.019,173.019
scaled_fractile,2010-12-06,85099C,1.95,0,297,297,449,297,152,0,0.0,88.91999999999999,88.91999999999999
scaled_fractile,2010-12-06,20725,1.65,0,317,317,233,233,0,84,6.93,0.0,6.93
scaled_fractile,2010-12-06,79321,4.95,0,148,148,337,148,189,0,0.0,280.665,280.665
scaled_fractile,2010-12-06,21754,5.95,0,81,81,127,81,46,0,0.0,82.11,82.11
scaled_fractile,2010-12-06,21931,1.95,0,260,260,209,209,0,51,4.9725,0.0,4.9725
scaled_fractile,2010-12-13,22423,12.75,0,295,295,370,295,75,0,0.0,286.875,286.875
scaled_fractile,2010-12-13,85123A,2.95,0,887,887,935,887,48,0,0.0,42.480000000000004,42.480000000000004
scaled_fractile,2010-12-13,85099B,1.95,0,828,828,407,407,0,421,41.0475,0.0,41.0475
scaled_fractile,2010-12-13,84879,1.69,102,577,679,614,614,0,65,5.4925,0.0,5.4925
scaled_fractile,2010-12-13,22086,2.95,0,372,372,597,372,225,0,0.0,199.125,199.125
scaled_fractile,2010-12-13,47566,4.65,116,144,260,28,28,0,232,53.94000000000001,0.0,53.94000000000001
scaled_fractile,2010-12-13,84347,2.55,0,421,421,765,421,344,0,0.0,263.15999999999997,263.15999999999997
scaled_fractile,2010-12-13,48138,7.49,32,86,118,51,51,0,67,25.091500000000003,0.0,25.091500000000003
scaled_fractile,2010-12-13,21843,10.95,0,71,71,51,51,0,20,10.950000000000001,0.0,10.950000000000001
scaled_fractile,2010-12-13,21621,8.5,58,23,81,21,21,0,60,25.5,0.0,25.5
scaled_fractile,2010-12-13,85099F,1.95,193,162,355,229,229,0,126,12.285,0.0,12.285
scaled_fractile,2010-12-13,15056N,5.95,104,27,131,14,14,0,117,34.8075,0.0,34.8075
scaled_fractile,2010-12-13,21232,1.25,68,367,435,312,312,0,123,7.6875,0.0,7.6875
scaled_fractile,2010-12-13,22386,1.95,85,260,345,97,97,0,248,24.18,0.0,24.18
scaled_fractile,2010-12-13,20685,7.49,0,72,72,58,58,0,14,5.243,0.0,5.243
scaled_fractile,2010-12-13,85099C,1.95,0,295,295,127,127,0,168,16.38,0.0,16.38
scaled_fractile,2010-12-13,20725,1.65,84,233,317,177,177,0,140,11.55,0.0,11.55
scaled_fractile,2010-12-13,79321,4.95,0,152,152,589,152,437,0,0.0,648.945,648.945
scaled_fractile,2010-12-13,21754,5.95,0,81,81,69,69,0,12,3.5700000000000003,0.0,3.5700000000000003
scaled_fractile,2010-12-13,21931,1.95,51,209,260,174,174,0,86,8.385,0.0,8.385
scaled_fractile,2010-12-20,22423,12.75,0,296,296,174,174,0,122,77.775,0.0,77.775
scaled_fractile,2010-12-20,85123A,2.95,0,888,888,174,174,0,714,105.31500000000001,0.0,105.31500000000001
scaled_fractile,2010-12-20,85099B,1.95,421,408,829,170,170,0,659,64.2525,0.0,64.2525
scaled_fractile,2010-12-20,84879,1.69,65,570,635,16,16,0,619,52.305499999999995,0.0,52.305499999999995
scaled_fractile,2010-12-20,22086,2.95,0,389,389,125,125,0,264,38.940000000000005,0.0,38.940000000000005
scaled_fractile,2010-12-20,47566,4.65,232,28,260,24,24,0,236,54.870000000000005,0.0,54.870000000000005
scaled_fractile,2010-12-20,84347,2.55,0,430,430,184,184,0,246,31.365,0.0,31.365
scaled_fractile,2010-12-20,48138,7.49,67,52,119,7,7,0,112,41.944,0.0,41.944
scaled_fractile,2010-12-20,21843,10.95,20,46,66,10,10,0,56,30.659999999999997,0.0,30.659999999999997
scaled_fractile,2010-12-20,21621,8.5,60,21,81,15,15,0,66,28.05,0.0,28.05
scaled_fractile,2010-12-20,85099F,1.95,126,229,355,11,11,0,344,33.54,0.0,33.54
scaled_fractile,2010-12-20,15056N,5.95,117,15,132,32,32,0,100,29.75,0.0,29.75
scaled_fractile,2010-12-20,21232,1.25,123,290,413,47,47,0,366,22.875,0.0,22.875
scaled_fractile,2010-12-20,22386,1.95,248,97,345,9,9,0,336,32.76,0.0,32.76
scaled_fractile,2010-12-20,20685,7.49,14,54,68,18,18,0,50,18.725,0.0,18.725
scaled_fractile,2010-12-20,85099C,1.95,168,128,296,117,117,0,179,17.4525,0.0,17.4525
scaled_fractile,2010-12-20,20725,1.65,140,177,317,44,44,0,273,22.5225,0.0,22.5225
scaled_fractile,2010-12-20,79321,4.95,0,195,195,60,60,0,135,33.4125,0.0,33.4125
scaled_fractile,2010-12-20,21754,5.95,12,69,81,13,13,0,68,20.230000000000004,0.0,20.230000000000004
scaled_fractile,2010-12-20,21931,1.95,86,174,260,61,61,0,199,19.402500000000003,0.0,19.402500000000003
scaled_fractile,2010-12-27,22423,12.75,122,174,296,0,0,0,296,188.70000000000002,0.0,188.70000000000002
scaled_fractile,2010-12-27,85123A,2.95,714,174,888,0,0,0,888,130.98000000000002,0.0,130.98000000000002
scaled_fractile,2010-12-27,85099B,1.95,659,170,829,0,0,0,829,80.8275,0.0,80.8275
scaled_fractile,2010-12-27,84879,1.69,619,16,635,0,0,0,635,53.6575,0.0,53.6575
scaled_fractile,2010-12-27,22086,2.95,264,125,389,0,0,0,389,57.37750000000001,0.0,57.37750000000001
scaled_fractile,2010-12-27,47566,4.65,236,24,260,0,0,0,260,60.45,0.0,60.45
scaled_fractile,2010-12-27,84347,2.55,246,184,430,0,0,0,430,54.825,0.0,54.825
scaled_fractile,2010-12-27,48138,7.49,112,7,119,0,0,0,119,44.56550000000001,0.0,44.56550000000001
scaled_fractile,2010-12-27,21843,10.95,56,10,66,0,0,0,66,36.135,0.0,36.135
scaled_fractile,2010-12-27,21621,8.5,66,15,81,0,0,0,81,34.425000000000004,0.0,34.425000000000004
scaled_fractile,2010-12-27,85099F,1.95,344,11,355,0,0,0,355,34.612500000000004,0.0,34.612500000000004
scaled_fractile,2010-12-27,15056N,5.95,100,32,132,0,0,0,132,39.27,0.0,39.27
scaled_fractile,2010-12-27,21232,1.25,366,47,413,0,0,0,413,25.8125,0.0,25.8125
scaled_fractile,2010-12-27,22386,1.95,336,9,345,0,0,0,345,33.6375,0.0,33.6375
scaled_fractile,2010-12-27,20685,7.49,50,18,68,0,0,0,68,25.466,0.0,25.466
scaled_fractile,2010-12-27,85099C,1.95,179,117,296,0,0,0,296,28.86,0.0,28.86
scaled_fractile,2010-12-27,20725,1.65,273,44,317,0,0,0,317,26.1525,0.0,26.1525
scaled_fractile,2010-12-27,79321,4.95,135,60,195,0,0,0,195,48.2625,0.0,48.2625
scaled_fractile,2010-12-27,21754,5.95,68,13,81,0,0,0,81,24.0975,0.0,24.0975
scaled_fractile,2010-12-27,21931,1.95,199,61,260,0,0,0,260,25.35,0.0,25.35
scaled_fractile,2011-01-03,22423,12.75,296,0,296,245,245,0,51,32.5125,0.0,32.5125
scaled_fractile,2011-01-03,85123A,2.95,888,0,888,967,888,79,0,0.0,69.915,69.915
scaled_fractile,2011-01-03,85099B,1.95,829,0,829,1254,829,425,0,0.0,248.625,248.625
scaled_fractile,2011-01-03,84879,1.69,635,0,635,480,480,0,155,13.0975,0.0,13.0975
scaled_fractile,2011-01-03,22086,2.95,389,0,389,16,16,0,373,55.01750000000001,0.0,55.01750000000001
scaled_fractile,2011-01-03,47566,4.65,260,0,260,145,145,0,115,26.7375,0.0,26.7375
scaled_fractile,2011-01-03,84347,2.55,430,0,430,9,9,0,421,53.6775,0.0,53.6775
scaled_fractile,2011-01-03,48138,7.49,119,0,119,43,43,0,76,28.462000000000003,0.0,28.462000000000003
scaled_fractile,2011-01-03,21843,10.95,66,0,66,21,21,0,45,24.6375,0.0,24.6375
scaled_fractile,2011-01-03,21621,8.5,81,0,81,40,40,0,41,17.425,0.0,17.425
scaled_fractile,2011-01-03,85099F,1.95,355,0,355,703,355,348,0,0.0,203.58,203.58
scaled_fractile,2011-01-03,15056N,5.95,132,0,132,18,18,0,114,33.915000000000006,0.0,33.915000000000006
scaled_fractile,2011-01-03,21232,1.25,413,0,413,124,124,0,289,18.0625,0.0,18.0625
scaled_fractile,2011-01-03,22386,1.95,345,0,345,513,345,168,0,0.0,98.27999999999999,98.27999999999999
scaled_fractile,2011-01-03,20685,7.49,68,0,68,36,36,0,32,11.984000000000002,0.0,11.984000000000002
scaled_fractile,2011-01-03,85099C,1.95,296,0,296,477,296,181,0,0.0,105.88499999999999,105.88499999999999
scaled_fractile,2011-01-03,20725,1.65,317,0,317,318,317,1,0,0.0,0.49499999999999994,0.49499999999999994
scaled_fractile,2011-01-03,79321,4.95,195,0,195,861,195,666,0,0.0,989.01,989.01
scaled_fractile,2011-01-03,21754,5.95,81,0,81,102,81,21,0,0.0,37.485,37.485
scaled_fractile,2011-01-03,21931,1.95,260,0,260,216,216,0,44,4.29,0.0,4.29
scaled_fractile,2011-01-10,22423,12.75,51,247,298,161,161,0,137,87.3375,0.0,87.3375
scaled_fractile,2011-01-10,85123A,2.95,0,818,818,3329,818,2511,0,0.0,2222.235,2222.235
scaled_fractile,2011-01-10,85099B,1.95,0,836,836,185,185,0,651,63.472500000000004,0.0,63.472500000000004
scaled_fractile,2011-01-10,84879,1.69,155,486,641,402,402,0,239,20.1955,0.0,20.1955
scaled_fractile,2011-01-10,22086,2.95,373,19,392,6,6,0,386,56.935,0.0,56.935
scaled_fractile,2011-01-10,47566,4.65,115,148,263,65,65,0,198,46.035000000000004,0.0,46.035000000000004
scaled_fractile,2011-01-10,84347,2.55,421,13,434,13,13,0,421,53.6775,0.0,53.6775
scaled_fractile,2011-01-10,48138,7.49,76,41,117,11,11,0,106,39.697,0.0,39.697
scaled_fractile,2011-01-10,21843,10.95,45,21,66,7,7,0,59,32.3025,0.0,32.3025
scaled_fractile,2011-01-10,21621,8.5,41,41,82,338,82,256,0,0.0,652.8,652.8
scaled_fractile,2011-01-10,85099F,1.95,0,379,379,349,349,0,30,2.9250000000000003,0.0,2.9250000000000003
scaled_fractile,2011-01-10,15056N,5.95,114,7,121,55,55,0,66,19.635,0.0,19.635
scaled_fractile,2011-01-10,21232,1.25,289,118,407,28,28,0,379,23.6875,0.0,23.6875
scaled_fractile,2011-01-10,22386,1.95,0,348,348,323,323,0,25,2.4375,0.0,2.4375
scaled_fractile,2011-01-10,20685,7.49,32,37,69,22,22,0,47,17.6015,0.0,17.6015
scaled_fractile,2011-01-10,85099C,1.95,0,299,299,76,76,0,223,21.7425,0.0,21.7425
scaled_fractile,2011-01-10,20725,1.65,0,320,320,282,282,0,38,3.135,0.0,3.135
scaled_fractile,2011-01-10,79321,4.95,0,221,221,175,175,0,46,11.385000000000002,0.0,11.385000000000002
scaled_fractile,2011-01-10,21754,5.95,0,81,81,70,70,0,11,3.2725000000000004,0.0,3.2725000000000004
scaled_fractile,2011-01-10,21931,1.95,44,219,263,281,263,18,0,0.0,10.53,10.53
scaled_fractile,2011-01-17,22423,12.75,137,157,294,107,107,0,187,119.2125,0.0,119.2125
scaled_fractile,2011-01-17,85123A,2.95,0,884,884,400,400,0,484,71.39000000000001,0.0,71.39000000000001
scaled_fractile,2011-01-17,85099B,1.95,651,175,826,274,274,0,552,53.81999999999999,0.0,53.81999999999999
scaled_fractile,2011-01-17,84879,1.69,239,393,632,139,139,0,493,41.658500000000004,0.0,41.658500000000004
scaled_fractile,2011-01-17,22086,2.95,386,1,387,2,2,0,385,56.7875,0.0,56.7875
scaled_fractile,2011-01-17,47566,4.65,198,61,259,64,64,0,195,45.337500000000006,0.0,45.337500000000006
scaled_fractile,2011-01-17,84347,2.55,421,8,429,11,11,0,418,53.294999999999995,0.0,53.294999999999995
scaled_fractile,2011-01-17,48138,7.49,106,0,106,44,44,0,62,23.219,0.0,23.219
scaled_fractile,2011-01-17,21843,10.95,59,6,65,10,10,0,55,30.1125,0.0,30.1125
scaled_fractile,2011-01-17,21621,8.5,0,94,94,18,18,0,76,32.300000000000004,0.0,32.300000000000004
scaled_fractile,2011-01-17,85099F,1.95,30,345,375,139,139,0,236,23.01,0.0,23.01
scaled_fractile,2011-01-17,15056N,5.95,66,54,120,20,20,0,100,29.75,0.0,29.75
scaled_fractile,2011-01-17,21232,1.25,379,23,402,124,124,0,278,17.375,0.0,17.375
scaled_fractile,2011-01-17,22386,1.95,25,319,344,73,73,0,271,26.4225,0.0,26.4225
scaled_fractile,2011-01-17,20685,7.49,47,21,68,80,68,12,0,0.0,26.964,26.964
scaled_fractile,2011-01-17,85099C,1.95,223,73,296,58,58,0,238,23.205,0.0,23.205
scaled_fractile,2011-01-17,20725,1.65,38,278,316,128,128,0,188,15.51,0.0,15.51
scaled_fractile,2011-01-17,79321,4.95,46,173,219,161,161,0,58,14.355000000000002,0.0,14.355000000000002
scaled_fractile,2011-01-17,21754,5.95,11,69,80,45,45,0,35,10.412500000000001,0.0,10.412500000000001
scaled_fractile,2011-01-17,21931,1.95,0,259,259,80,80,0,179,17.4525,0.0,17.4525
scaled_fractile,2011-01-24,22423,12.75,187,107,294,130,130,0,164,104.55000000000001,0.0,104.55000000000001
scaled_fractile,2011-01-24,85123A,2.95,484,401,885,522,522,0,363,53.54250000000001,0.0,53.54250000000001
scaled_fractile,2011-01-24,85099B,1.95,552,274,826,482,482,0,344,33.54,0.0,33.54
scaled_fractile,2011-01-24,84879,1.69,493,140,633,344,344,0,289,24.4205,0.0,24.4205
scaled_fractile,2011-01-24,22086,2.95,385,2,387,0,0,0,387,57.08250000000001,0.0,57.08250000000001
scaled_fractile,2011-01-24,47566,4.65,195,64,259,141,141,0,118,27.435000000000002,0.0,27.435000000000002
scaled_fractile,2011-01-24,84347,2.55,418,11,429,1,1,0,428,54.56999999999999,0.0,54.56999999999999
scaled_fractile,2011-01-24,48138,7.49,62,42,104,101,101,0,3,1.1235,0.0,1.1235
scaled_fractile,2011-01-24,21843,10.95,55,10,65,23,23,0,42,22.995,0.0,22.995
scaled_fractile,2011-01-24,21621,8.5,76,18,94,27,27,0,67,28.475,0.0,28.475
scaled_fractile,2011-01-24,85099F,1.95,236,139,375,93,93,0,282,27.495,0.0,27.495
scaled_fractile,2011-01-24,15056N,5.95,100,20,120,36,36,0,84,24.990000000000002,0.0,24.990000000000002
scaled_fractile,2011-01-24,21232,1.25,278,124,402,158,158,0,244,15.25,0.0,15.25
scaled_fractile,2011-01-24,22386,1.95,271,73,344,189,189,0,155,15.1125,0.0,15.1125
scaled_fractile,2011-01-24,20685,7.49,0,68,68,127,68,59,0,0.0,132.573,132.573
scaled_fractile,2011-01-24,85099C,1.95,238,58,296,211,211,0,85,8.2875,0.0,8.2875
scaled_fractile,2011-01-24,20725,1.65,188,128,316,161,161,0,155,12.787500000000001,0.0,12.787500000000001
scaled_fractile,2011-01-24,79321,4.95,58,161,219,105,105,0,114,28.215000000000003,0.0,28.215000000000003
scaled_fractile,2011-01-24,21754,5.95,35,45,80,71,71,0,9,2.6775,0.0,2.6775
scaled_fractile,2011-01-24,21931,1.95,179,80,259,259,259,0,0,0.0,0.0,0.0
scaled_fractile,2011-01-31,22423,12.75,164,134,298,103,103,0,195,124.3125,0.0,124.3125
scaled_fractile,2011-01-31,85123A,2.95,363,456,819,550,550,0,269,39.67750000000001,0.0,39.67750000000001
scaled_fractile,2011-01-31,85099B,1.95,344,492,836,945,836,109,0,0.0,63.76499999999999,63.76499999999999
scaled_fractile,2011-01-31,84879,1.69,289,352,641,705,641,64,0,0.0,32.448,32.448
scaled_fractile,2011-01-31,22086,2.95,387,5,392,0,0,0,392,57.82000000000001,0.0,57.82000000000001
scaled_fractile,2011-01-31,47566,4.65,118,145,263,232,232,0,31,7.2075000000000005,0.0,7.2075000000000005
scaled_fractile,2011-01-31,84347,2.55,428,6,434,12,12,0,422,53.805,0.0,53.805
scaled_fractile,2011-01-31,48138,7.49,3,99,102,41,41,0,61,22.8445,0.0,22.8445
scaled_fractile,2011-01-31,21843,10.95,42,24,66,14,14,0,52,28.47,0.0,28.47
scaled_fractile,2011-01-31,21621,8.5,67,28,95,49,49,0,46,19.55,0.0,19.55
scaled_fractile,2011-01-31,85099F,1.95,282,98,380,381,380,1,0,0.0,0.585,0.585
scaled_fractile,2011-01-31,15056N,5.95,84,38,122,16,16,0,106,31.535000000000004,0.0,31.535000000000004
scaled_fractile,2011-01-31,21232,1.25,244,163,407,154,154,0,253,15.8125,0.0,15.8125
scaled_fractile,2011-01-31,22386,1.95,155,193,348,225,225,0,123,11.9925,0.0,11.9925
scaled_fractile,2011-01-31,20685,7.49,0,73,73,54,54,0,19,7.115500000000001,0.0,7.115500000000001
scaled_fractile,2011-01-31,85099C,1.95,85,215,300,226,226,0,74,7.215,0.0,7.215
scaled_fractile,2011-01-31,20725,1.65,155,165,320,347,320,27,0,0.0,13.364999999999998,13.364999999999998
scaled_fractile,2011-01-31,79321,4.95,114,107,221,99,99,0,122,30.195,0.0,30.195
scaled_fractile,2011-01-31,21754,5.95,9,66,75,71,71,0,4,1.1900000000000002,0.0,1.1900000000000002
scaled_fractile,2011-01-31,21931,1.95,0,263,263,127,127,0,136,13.26,0.0,13.26
scaled_fractile,2011-02-07,22423,12.75,195,103,298,133,133,0,165,105.1875,0.0,105.1875
scaled_fractile,2011-02-07,85123A,2.95,269,551,820,503,503,0,317,46.75750000000001,0.0,46.75750000000001
scaled_fractile,2011-02-07,85099B,1.95,0,837,837,278,278,0,559,54.5025,0.0,54.5025
scaled_fractile,2011-02-07,84879,1.69,0,642,642,160,160,0,482,40.729,0.0,40.729
scaled_fractile,2011-02-07,22086,2.95,392,0,392,0,0,0,392,57.82000000000001,0.0,57.82000000000001
scaled_fractile,2011-02-07,47566,4.65,31,232,263,183,183,0,80,18.6,0.0,18.6
scaled_fractile,2011-02-07,84347,2.55,422,13,435,11,11,0,424,54.059999999999995,0.0,54.059999999999995
scaled_fractile,2011-02-07,48138,7.49,61,42,103,37,37,0,66,24.717000000000002,0.0,24.717000000000002
scaled_fractile,2011-02-07,21843,10.95,52,11,63,40,40,0,23,12.592500000000001,0.0,12.592500000000001
scaled_fractile,2011-02-07,21621,8.5,46,49,95,28,28,0,67,28.475,0.0,28.475
scaled_fractile,2011-02-07,85099F,1.95,0,380,380,70,70,0,310,30.225,0.0,30.225
scaled_fractile,2011-02-07,15056N,5.95,106,16,122,197,122,75,0,0.0,133.875,133.875
scaled_fractile,2011-02-07,21232,1.25,253,155,408,101,101,0,307,19.1875,0.0,19.1875
scaled_fractile,2011-02-07,22386,1.95,123,225,348,95,95,0,253,24.6675,0.0,24.6675
scaled_fractile,2011-02-07,20685,7.49,19,50,69,28,28,0,41,15.354500000000002,0.0,15.354500000000002
scaled_fractile,2011-02-07,85099C,1.95,74,226,300,69,69,0,231,22.5225,0.0,22.5225
scaled_fractile,2011-02-07,20725,1.65,0,320,320,155,155,0,165,13.6125,0.0,13.6125
scaled_fractile,2011-02-07,79321,4.95,122,100,222,192,192,0,30,7.425000000000001,0.0,7.425000000000001
scaled_fractile,2011-02-07,21754,5.95,4,71,75,60,60,0,15,4.4625,0.0,4.4625
scaled_fractile,2011-02-07,21931,1.95,136,127,263,230,230,0,33,3.2175,0.0,3.2175
scaled_fractile,2011-02-14,22423,12.75,165,133,298,301,298,3,0,0.0,11.475,11.475
scaled_fractile,2011-02-14,85123A,2.95,317,502,819,327,327,0,492,72.57000000000001,0.0,72.57000000000001
scaled_fractile,2011-02-14,85099B,1.95,559,277,836,973,836,137,0,0.0,80.145,80.145
scaled_fractile,2011-02-14,84879,1.69,482,159,641,564,564,0,77,6.5065,0.0,6.5065
scaled_fractile,2011-02-14,22086,2.95,392,0,392,2,2,0,390,57.525000000000006,0.0,57.525000000000006
scaled_fractile,2011-02-14,47566,4.65,80,183,263,180,180,0,83,19.297500000000003,0.0,19.297500000000003
scaled_fractile,2011-02-14,84347,2.55,424,10,434,5,5,0,429,54.69749999999999,0.0,54.69749999999999
scaled_fractile,2011-02-14,48138,7.49,66,36,102,67,67,0,35,13.107500000000002,0.0,13.107500000000002
scaled_fractile,2011-02-14,21843,10.95,23,40,63,11,11,0,52,28.47,0.0,28.47
scaled_fractile,2011-02-14,21621,8.5,67,28,95,135,95,40,0,0.0,102.0,102.0
scaled_fractile,2011-02-14,85099F,1.95,310,70,380,236,236,0,144,14.040000000000001,0.0,14.040000000000001
scaled_fractile,2011-02-14,15056N,5.95,0,129,129,25,25,0,104,30.940000000000005,0.0,30.940000000000005
scaled_fractile,2011-02-14,21232,1.25,307,100,407,110,110,0,297,18.5625,0.0,18.5625
scaled_fractile,2011-02-14,22386,1.95,253,95,348,409,348,61,0,0.0,35.685,35.685
scaled_fractile,2011-02-14,20685,7.49,41,28,69,31,31,0,38,14.231000000000002,0.0,14.231000000000002
scaled_fractile,2011-02-14,85099C,1.95,231,69,300,448,300,148,0,0.0,86.57999999999998,86.57999999999998
scaled_fractile,2011-02-14,20725,1.65,165,155,320,249,249,0,71,5.8575,0.0,5.8575
scaled_fractile,2011-02-14,79321,4.95,30,191,221,233,221,12,0,0.0,17.82,17.82
scaled_fractile,2011-02-14,21754,5.95,15,60,75,46,46,0,29,8.627500000000001,0.0,8.627500000000001
scaled_fractile,2011-02-14,21931,1.95,33,230,263,500,263,237,0,0.0,138.64499999999998,138.64499999999998
scaled_fractile,2011-02-21,22423,12.75,0,298,298,120,120,0,178,113.47500000000001,0.0,113.47500000000001
scaled_fractile,2011-02-21,85123A,2.95,492,328,820,327,327,0,493,72.71750000000002,0.0,72.71750000000002
scaled_fractile,2011-02-21,85099B,1.95,0,837,837,600,600,0,237,23.1075,0.0,23.1075
scaled_fractile,2011-02-21,84879,1.69,77,564,641,328,328,0,313,26.448500000000003,0.0,26.448500000000003
scaled_fractile,2011-02-21,22086,2.95,390,2,392,2,2,0,390,57.525000000000006,0.0,57.525000000000006
scaled_fractile,2011-02-21,47566,4.65,83,180,263,157,157,0,106,24.645000000000003,0.0,24.645000000000003
scaled_fractile,2011-02-21,84347,2.55,429,5,434,6,6,0,428,54.56999999999999,0.0,54.56999999999999
scaled_fractile,2011-02-21,48138,7.49,35,64,99,57,57,0,42,15.729,0.0,15.729
scaled_fractile,2011-02-21,21843,10.95,52,11,63,18,18,0,45,24.6375,0.0,24.6375
scaled_fractile,2011-02-21,21621,8.5,0,95,95,127,95,32,0,0.0,81.6,81.6
scaled_fractile,2011-02-21,85099F,1.95,144,215,359,76,76,0,283,27.5925,0.0,27.5925
scaled_fractile,2011-02-21,15056N,5.95,104,26,130,18,18,0,112,33.32,0.0,33.32
scaled_fractile,2011-02-21,21232,1.25,297,111,408,439,408,31,0,0.0,11.625,11.625
scaled_fractile,2011-02-21,22386,1.95,0,348,348,160,160,0,188,18.33,0.0,18.33
scaled_fractile,2011-02-21,20685,7.49,38,31,69,35,35,0,34,12.733,0.0,12.733
scaled_fractile,2011-02-21,85099C,1.95,0,298,298,84,84,0,214,20.865000000000002,0.0,20.865000000000002
scaled_fractile,2011-02-21,20725,1.65,71,249,320,259,259,0,61,5.0325,0.0,5.0325
scaled_fractile,2011-02-21,79321,4.95,0,222,222,75,75,0,147,36.3825,0.0,36.3825
scaled_fractile,2011-02-21,21754,5.95,29,46,75,75,75,0,0,0.0,0.0,0.0
scaled_fractile,2011-02-21,21931,1.95,0,284,284,164,164,0,120,11.700000000000001,0.0,11.700000000000001
scaled_fractile,2011-02-28,22423,12.75,178,121,299,313,299,14,0,0.0,53.55,53.55
scaled_fractile,2011-02-28,85123A,2.95,493,329,822,368,368,0,454,66.96500000000002,0.0,66.96500000000002
scaled_fractile,2011-02-28,85099B,1.95,237,602,839,574,574,0,265,25.837500000000002,0.0,25.837500000000002
scaled_fractile,2011-02-28,84879,1.69,313,331,644,181,181,0,463,39.12350000000001,0.0,39.12350000000001
scaled_fractile,2011-02-28,22086,2.95,390,4,394,45,45,0,349,51.4775,0.0,51.4775
scaled_fractile,2011-02-28,47566,4.65,106,158,264,241,241,0,23,5.3475,0.0,5.3475
scaled_fractile,2011-02-28,84347,2.55,428,8,436,3,3,0,433,55.207499999999996,0.0,55.207499999999996
scaled_fractile,2011-02-28,48138,7.49,42,58,100,50,50,0,50,18.725,0.0,18.725
scaled_fractile,2011-02-28,21843,10.95,45,16,61,31,31,0,30,16.425,0.0,16.425
scaled_fractile,2011-02-28,21621,8.5,0,96,96,305,96,209,0,0.0,532.9499999999999,532.9499999999999
scaled_fractile,2011-02-28,85099F,1.95,283,77,360,265,265,0,95,9.262500000000001,0.0,9.262500000000001
scaled_fractile,2011-02-28,15056N,5.95,112,10,122,88,88,0,34,10.115000000000002,0.0,10.115000000000002
scaled_fractile,2011-02-28,21232,1.25,0,409,409,306,306,0,103,6.4375,0.0,6.4375
scaled_fractile,2011-02-28,22386,1.95,188,150,338,154,154,0,184,17.94,0.0,17.94
scaled_fractile,2011-02-28,20685,7.49,34,35,69,41,41,0,28,10.486,0.0,10.486
scaled_fractile,2011-02-28,85099C,1.95,214,85,299,98,98,0,201,19.5975,0.0,19.5975
scaled_fractile,2011-02-28,20725,1.65,61,260,321,155,155,0,166,13.695,0.0,13.695
scaled_fractile,2011-02-28,79321,4.95,147,75,222,39,39,0,183,45.292500000000004,0.0,45.292500000000004
scaled_fractile,2011-02-28,21754,5.95,0,75,75,59,59,0,16,4.760000000000001,0.0,4.760000000000001
scaled_fractile,2011-02-28,21931,1.95,120,165,285,163,163,0,122,11.895000000000001,0.0,11.895000000000001
scaled_fractile,2011-03-07,22423,12.75,0,300,300,185,185,0,115,73.3125,0.0,73.3125
scaled_fractile,2011-03-07,85123A,2.95,454,369,823,430,430,0,393,57.96750000000001,0.0,57.96750000000001
scaled_fractile,2011-03-07,85099B,1.95,265,575,840,698,698,0,142,13.844999999999999,0.0,13.844999999999999
scaled_fractile,2011-03-07,84879,1.69,463,181,644,610,610,0,34,2.873,0.0,2.873
scaled_fractile,2011-03-07,22086,2.95,349,45,394,1,1,0,393,57.96750000000001,0.0,57.96750000000001
scaled_fractile,2011-03-07,47566,4.65,23,241,264,189,189,0,75,17.4375,0.0,17.4375
scaled_fractile,2011-03-07,84347,2.55,433,3,436,2,2,0,434,55.334999999999994,0.0,55.334999999999994
scaled_fractile,2011-03-07,48138,7.49,50,50,100,73,73,0,27,10.111500000000001,0.0,10.111500000000001
scaled_fractile,2011-03-07,21843,10.95,30,31,61,7,7,0,54,29.564999999999998,0.0,29.564999999999998
scaled_fractile,2011-03-07,21621,8.5,0,112,112,81,81,0,31,13.175,0.0,13.175
scaled_fractile,2011-03-07,85099F,1.95,95,265,360,381,360,21,0,0.0,12.284999999999998,12.284999999999998
scaled_fractile,2011-03-07,15056N,5.95,34,86,120,85,85,0,35,10.412500000000001,0.0,10.412500000000001
scaled_fractile,2011-03-07,21232,1.25,103,291,394,304,304,0,90,5.625,0.0,5.625
scaled_fractile,2011-03-07,22386,1.95,184,154,338,354,338,16,0,0.0,9.36,9.36
scaled_fractile,2011-03-07,20685,7.49,28,41,69,76,69,7,0,0.0,15.729,15.729
scaled_fractile,2011-03-07,85099C,1.95,201,99,300,265,265,0,35,3.4125,0.0,3.4125
scaled_fractile,2011-03-07,20725,1.65,166,155,321,98,98,0,223,18.3975,0.0,18.3975
scaled_fractile,2011-03-07,79321,4.95,183,39,222,234,222,12,0,0.0,17.82,17.82
scaled_fractile,2011-03-07,21754,5.95,16,56,72,60,60,0,12,3.5700000000000003,0.0,3.5700000000000003
scaled_fractile,2011-03-07,21931,1.95,122,163,285,87,87,0,198,19.305,0.0,19.305
scaled_fractile,2011-03-14,22423,12.75,115,185,300,260,260,0,40,25.5,0.0,25.5
scaled_fractile,2011-03-14,85123A,2.95,393,430,823,446,446,0,377,55.60750000000001,0.0,55.60750000000001
scaled_fractile,2011-03-14,85099B,1.95,142,698,840,1546,840,706,0,0.0,413.01,413.01
scaled_fractile,2011-03-14,84879,1.69,34,610,644,955,644,311,0,0.0,157.677,157.677
scaled_fractile,2011-03-14,22086,2.95,393,1,394,0,0,0,394,58.11500000000001,0.0,58.11500000000001
scaled_fractile,2011-03-14,47566,4.65,75,189,264,594,264,330,0,0.0,460.3500000000001,460.3500000000001
scaled_fractile,2011-03-14,84347,2.55,434,2,436,5,5,0,431,54.9525,0.0,54.9525
scaled_fractile,2011-03-14,48138,7.49,27,73,100,72,72,0,28,10.486,0.0,10.486
scaled_fractile,2011-03-14,21843,10.95,54,7,61,32,32,0,29,15.877499999999998,0.0,15.877499999999998
scaled_fractile,2011-03-14,21621,8.5,31,81,112,11,11,0,101,42.925000000000004,0.0,42.925000000000004
scaled_fractile,2011-03-14,85099F,1.95,0,360,360,1012,360,652,0,0.0,381.41999999999996,381.41999999999996
scaled_fractile,2011-03-14,15056N,5.95,35,85,120,182,120,62,0,0.0,110.67,110.67
scaled_fractile,2011-03-14,21232,1.25,90,304,394,74,74,0,320,20.0,0.0,20.0
scaled_fractile,2011-03-14,22386,1.95,0,339,339,1083,339,744,0,0.0,435.23999999999995,435.23999999999995
scaled_fractile,2011-03-14,20685,7.49,0,69,69,33,33,0,36,13.482,0.0,13.482
scaled_fractile,2011-03-14,85099C,1.95,35,265,300,697,300,397,0,0.0,232.24499999999998,232.24499999999998
scaled_fractile,2011-03-14,20725,1.65,223,98,321,268,268,0,53,4.3725,0.0,4.3725
scaled_fractile,2011-03-14,79321,4.95,0,222,222,108,108,0,114,28.215000000000003,0.0,28.215000000000003
scaled_fractile,2011-03-14,21754,5.95,12,59,71,53,53,0,18,5.355,0.0,5.355
scaled_fractile,2011-03-14,21931,1.95,198,87,285,248,248,0,37,3.6075,0.0,3.6075
scaled_fractile,2011-03-21,22423,12.75,40,256,296,315,296,19,0,0.0,72.675,72.675
scaled_fractile,2011-03-21,85123A,2.95,377,422,799,353,353,0,446,65.78500000000001,0.0,65.78500000000001
scaled_fractile,2011-03-21,85099B,1.95,0,921,921,1348,921,427,0,0.0,249.795,249.795
scaled_fractile,2011-03-21,84879,1.69,0,635,635,351,351,0,284,23.998,0.0,23.998
scaled_fractile,2011-03-21,22086,2.95,394,0,394,42,42,0,352,51.92000000000001,0.0,51.92000000000001
scaled_fractile,2011-03-21,47566,4.65,0,266,266,313,266,47,0,0.0,65.565,65.565
scaled_fractile,2011-03-21,84347,2.55,431,0,431,0,0,0,431,54.9525,0.0,54.9525
scaled_fractile,2011-03-21,48138,7.49,28,70,98,24,24,0,74,27.713,0.0,27.713
scaled_fractile,2011-03-21,21843,10.95,29,31,60,12,12,0,48,26.279999999999998,0.0,26.279999999999998
scaled_fractile,2011-03-21,21621,8.5,101,10,111,8,8,0,103,43.775000000000006,0.0,43.775000000000006
scaled_fractile,2011-03-21,85099F,1.95,0,387,387,666,387,279,0,0.0,163.21499999999997,163.21499999999997
scaled_fractile,2011-03-21,15056N,5.95,0,119,119,55,55,0,64,19.040000000000003,0.0,19.040000000000003
scaled_fractile,2011-03-21,21232,1.25,320,19,339,271,271,0,68,4.25,0.0,4.25
scaled_fractile,2011-03-21,22386,1.95,0,345,345,576,345,231,0,0.0,135.135,135.135
scaled_fractile,2011-03-21,20685,7.49,36,32,68,36,36,0,32,11.984000000000002,0.0,11.984000000000002
scaled_fractile,2011-03-21,85099C,1.95,0,297,297,437,297,140,0,0.0,81.89999999999999,81.89999999999999
scaled_fractile,2011-03-21,20725,1.65,53,264,317,336,317,19,0,0.0,9.405,9.405
scaled_fractile,2011-03-21,79321,4.95,114,106,220,22,22,0,198,49.005,0.0,49.005
scaled_fractile,2011-03-21,21754,5.95,18,52,70,32,32,0,38,11.305,0.0,11.305
scaled_fractile,2011-03-21,21931,1.95,37,245,282,400,282,118,0,0.0,69.03,69.03
scaled_fractile,2011-03-28,22423,12.75,0,293,293,210,210,0,83,52.9125,0.0,52.9125
scaled_fractile,2011-03-28,85123A,2.95,446,347,793,570,570,0,223,32.892500000000005,0.0,32.892500000000005
scaled_fractile,2011-03-28,85099B,1.95,0,914,914,993,914,79,0,0.0,46.214999999999996,46.214999999999996
scaled_fractile,2011-03-28,84879,1.69,284,347,631,401,401,0,230,19.435000000000002,0.0,19.435000000000002
scaled_fractile,2011-03-28,22086,2.95,352,34,386,3,3,0,383,56.49250000000001,0.0,56.49250000000001
scaled_fractile,2011-03-28,47566,4.65,0,264,264,376,264,112,0,0.0,156.24,156.24
scaled_fractile,2011-03-28,84347,2.55,431,0,431,3,3,0,428,54.56999999999999,0.0,54.56999999999999
scaled_fractile,2011-03-28,48138,7.49,74,23,97,123,97,26,0,0.0,58.422,58.422
scaled_fractile,2011-03-28,21843,10.95,48,11,59,41,41,0,18,9.855,0.0,9.855
scaled_fractile,2011-03-28,21621,8.5,103,7,110,230,110,120,0,0.0,306.0,306.0
scaled_fractile,2011-03-28,85099F,1.95,0,429,429,522,429,93,0,0.0,54.404999999999994,54.404999999999994
scaled_fractile,2011-03-28,15056N,5.95,64,54,118,78,78,0,40,11.9,0.0,11.9
scaled_fractile,2011-03-28,21232,1.25,68,268,336,248,248,0,88,5.5,0.0,5.5
scaled_fractile,2011-03-28,22386,1.95,0,371,371,375,371,4,0,0.0,2.34,2.34
scaled_fractile,2011-03-28,20685,7.95,32,35,67,40,40,0,27,10.732500000000002,0.0,10.732500000000002
scaled_fractile,2011-03-28,85099C,1.95,0,295,295,357,295,62,0,0.0,36.269999999999996,36.269999999999996
scaled_fractile,2011-03-28,20725,1.65,0,315,315,517,315,202,0,0.0,99.98999999999998,99.98999999999998
scaled_fractile,2011-03-28,79321,4.95,198,20,218,85,85,0,133,32.917500000000004,0.0,32.917500000000004
scaled_fractile,2011-03-28,21754,5.95,38,31,69,61,61,0,8,2.3800000000000003,0.0,2.3800000000000003
scaled_fractile,2011-03-28,21931,1.95,0,259,259,349,259,90,0,0.0,52.65,52.65
scaled_fractile,2011-04-04,22423,12.75,83,210,293,264,264,0,29,18.4875,0.0,18.4875
scaled_fractile,2011-04-04,85123A,2.95,223,570,793,374,374,0,419,61.80250000000001,0.0,61.80250000000001
scaled_fractile,2011-04-04,85099B,1.95,0,913,913,725,725,0,188,18.33,0.0,18.33
scaled_fractile,2011-04-04,84879,1.69,230,401,631,753,631,122,0,0.0,61.854,61.854
scaled_fractile,2011-04-04,22086,2.95,383,3,386,9,9,0,377,55.60750000000001,0.0,55.60750000000001
scaled_fractile,2011-04-04,47566,4.65,0,264,264,460,264,196,0,0.0,273.42,273.42
scaled_fractile,2011-04-04,84347,2.55,428,0,428,0,0,0,428,54.56999999999999,0.0,54.56999999999999
scaled_fractile,2011-04-04,48138,7.49,0,97,97,81,81,0,16,5.992000000000001,0.0,5.992000000000001
scaled_fractile,2011-04-04,21843,10.95,18,41,59,17,17,0,42,22.995,0.0,22.995
scaled_fractile,2011-04-04,21621,8.5,0,120,120,9,9,0,111,47.175000000000004,0.0,47.175000000000004
scaled_fractile,2011-04-04,85099F,1.95,0,430,430,166,166,0,264,25.74,0.0,25.74
scaled_fractile,2011-04-04,15056N,5.95,40,78,118,71,71,0,47,13.982500000000002,0.0,13.982500000000002
scaled_fractile,2011-04-04,21232,1.25,88,248,336,128,128,0,208,13.0,0.0,13.0
scaled_fractile,2011-04-04,22386,1.95,0,372,372,105,105,0,267,26.0325,0.0,26.0325
scaled_fractile,2011-04-04,20685,7.95,27,40,67,51,51,0,16,6.36,0.0,6.36
scaled_fractile,2011-04-04,85099C,1.95,0,295,295,78,78,0,217,21.1575,0.0,21.1575
scaled_fractile,2011-04-04,20725,1.65,0,332,332,187,187,0,145,11.9625,0.0,11.9625
scaled_fractile,2011-04-04,79321,4.95,133,61,194,14,14,0,180,44.550000000000004,0.0,44.550000000000004
scaled_fractile,2011-04-04,21754,5.95,8,61,69,32,32,0,37,11.0075,0.0,11.0075
scaled_fractile,2011-04-04,21931,1.95,0,258,258,223,223,0,35,3.4125,0.0,3.4125
scaled_fractile,2011-04-11,22423,12.75,29,264,293,342,293,49,0,0.0,187.42499999999998,187.42499999999998
scaled_fractile,2011-04-11,85123A,2.95,419,374,793,468,468,0,325,47.93750000000001,0.0,47.93750000000001
scaled_fractile,2011-04-11,85099B,1.95,188,725,913,606,606,0,307,29.9325,0.0,29.9325
scaled_fractile,2011-04-11,84879,1.69,0,630,630,815,630,185,0,0.0,93.79499999999999,93.79499999999999
scaled_fractile,2011-04-11,22086,2.95,377,9,386,0,0,0,386,56.935,0.0,56.935
scaled_fractile,2011-04-11,47566,4.65,0,273,273,534,273,261,0,0.0,364.095,364.095
scaled_fractile,2011-04-11,84347,2.55,428,0,428,0,0,0,428,54.56999999999999,0.0,54.56999999999999
scaled_fractile,2011-04-11,48138,7.49,16,81,97,99,97,2,0,0.0,4.494,4.494
scaled_fractile,2011-04-11,21843,10.95,42,11,53,17,17,0,36,19.71,0.0,19.71
scaled_fractile,2011-04-11,21621,8.5,111,8,119,0,0,0,119,50.575,0.0,50.575
scaled_fractile,2011-04-11,85099F,1.95,264,166,430,166,166,0,264,25.74,0.0,25.74
scaled_fractile,2011-04-11,15056N,5.95,47,71,118,30,30,0,88,26.180000000000003,0.0,26.180000000000003
scaled_fractile,2011-04-11,21232,1.25,208,128,336,142,142,0,194,12.125,0.0,12.125
scaled_fractile,2011-04-11,22386,1.95,267,105,372,119,119,0,253,24.6675,0.0,24.6675
scaled_fractile,2011-04-11,20685,7.95,16,51,67,31,31,0,36,14.31,0.0,14.31
scaled_fractile,2011-04-11,85099C,1.95,217,77,294,178,178,0,116,11.31,0.0,11.31
scaled_fractile,2011-04-11,20725,1.65,145,187,332,275,275,0,57,4.7025,0.0,4.7025
scaled_fractile,2011-04-11,79321,4.95,180,14,194,5,5,0,189,46.7775,0.0,46.7775
scaled_fractile,2011-04-11,21754,5.95,37,32,69,45,45,0,24,7.140000000000001,0.0,7.140000000000001
scaled_fractile,2011-04-11,21931,1.95,35,223,258,182,182,0,76,7.41,0.0,7.41
scaled_fractile,2011-04-18,22423,12.75,0,291,291,171,171,0,120,76.5,0.0,76.5
scaled_fractile,2011-04-18,85123A,2.95,325,464,789,2422,789,1633,0,0.0,1445.2050000000002,1445.2050000000002
scaled_fractile,2011-04-18,85099B,1.95,307,603,910,519,519,0,391,38.122499999999995,0.0,38.122499999999995
scaled_fractile,2011-04-18,84879,1.69,0,627,627,540,540,0,87,7.351500000000001,0.0,7.351500000000001
scaled_fractile,2011-04-18,22086,2.95,386,0,386,1,1,0,385,56.7875,0.0,56.7875
scaled_fractile,2011-04-18,47566,4.65,0,295,295,640,295,345,0,0.0,481.27500000000003,481.27500000000003
scaled_fractile,2011-04-18,84347,2.55,428,0,428,6,6,0,422,53.805,0.0,53.805
scaled_fractile,2011-04-18,48138,7.49,0,96,96,33,33,0,63,23.593500000000002,0.0,23.593500000000002
scaled_fractile,2011-04-18,21843,10.95,36,17,53,10,10,0,43,23.5425,0.0,23.5425
scaled_fractile,2011-04-18,21621,8.5,119,0,119,25,25,0,94,39.95,0.0,39.95
scaled_fractile,2011-04-18,85099F,1.95,264,165,429,6,6,0,423,41.24250000000001,0.0,41.24250000000001
scaled_fractile,2011-04-18,15056N,5.95,88,29,117,23,23,0,94,27.965000000000003,0.0,27.965000000000003
scaled_fractile,2011-04-18,21232,1.25,194,141,335,139,139,0,196,12.25,0.0,12.25
scaled_fractile,2011-04-18,22386,1.95,253,118,371,155,155,0,216,21.060000000000002,0.0,21.060000000000002
scaled_fractile,2011-04-18,20685,7.95,36,31,67,7,7,0,60,23.85,0.0,23.85
scaled_fractile,2011-04-18,85099C,1.95,116,176,292,147,147,0,145,14.137500000000001,0.0,14.137500000000001
scaled_fractile,2011-04-18,20725,1.65,57,274,331,318,318,0,13,1.0725,0.0,1.0725
scaled_fractile,2011-04-18,79321,4.95,189,4,193,4,4,0,189,46.7775,0.0,46.7775
scaled_fractile,2011-04-18,21754,5.95,24,45,69,37,37,0,32,9.520000000000001,0.0,9.520000000000001
scaled_fractile,2011-04-18,21931,1.95,76,181,257,60,60,0,197,19.2075,0.0,19.2075
scaled_fractile,2011-04-25,22423,12.75,120,172,292,289,289,0,3,1.9125,0.0,1.9125
scaled_fractile,2011-04-25,85123A,2.95,0,801,801,366,366,0,435,64.16250000000001,0.0,64.16250000000001
scaled_fractile,2011-04-25,85099B,1.95,391,519,910,375,375,0,535,52.1625,0.0,52.1625
scaled_fractile,2011-04-25,84879,1.69,87,541,628,244,244,0,384,32.448,0.0,32.448
scaled_fractile,2011-04-25,22086,2.95,385,0,385,0,0,0,385,56.7875,0.0,56.7875
scaled_fractile,2011-04-25,47566,4.95,0,296,296,270,270,0,26,6.435000000000001,0.0,6.435000000000001
scaled_fractile,2011-04-25,84347,2.55,422,3,425,0,0,0,425,54.1875,0.0,54.1875
scaled_fractile,2011-04-25,48138,7.49,63,26,89,33,33,0,56,20.972,0.0,20.972
scaled_fractile,2011-04-25,21843,10.95,43,10,53,9,9,0,44,24.09,0.0,24.09
scaled_fractile,2011-04-25,21621,8.5,94,25,119,0,0,0,119,50.575,0.0,50.575
scaled_fractile,2011-04-25,85099F,1.95,423,5,428,100,100,0,328,31.980000000000004,0.0,31.980000000000004
scaled_fractile,2011-04-25,15056N,5.95,94,23,117,50,50,0,67,19.932500000000005,0.0,19.932500000000005
scaled_fractile,2011-04-25,21232,1.25,196,138,334,214,214,0,120,7.5,0.0,7.5
scaled_fractile,2011-04-25,22386,1.95,216,154,370,272,272,0,98,9.555,0.0,9.555
scaled_fractile,2011-04-25,20685,7.95,60,7,67,14,14,0,53,21.067500000000003,0.0,21.067500000000003
scaled_fractile,2011-04-25,85099C,1.95,145,147,292,278,278,0,14,1.3650000000000002,0.0,1.3650000000000002
scaled_fractile,2011-04-25,20725,1.65,13,317,330,154,154,0,176,14.52,0.0,14.52
scaled_fractile,2011-04-25,79321,4.95,189,4,193,5,5,0,188,46.53,0.0,46.53
scaled_fractile,2011-04-25,21754,5.95,32,37,69,55,55,0,14,4.165,0.0,4.165
scaled_fractile,2011-04-25,21931,1.95,197,60,257,109,109,0,148,14.43,0.0,14.43
scaled_fractile,2011-05-02,22423,12.75,3,293,296,161,161,0,135,86.0625,0.0,86.0625
scaled_fractile,2011-05-02,85123A,2.95,435,380,815,1132,815,317,0,0.0,280.545,280.545
scaled_fractile,2011-05-02,85099B,1.95,535,346,881,320,320,0,561,54.697500000000005,0.0,54.697500000000005
scaled_fractile,2011-05-02,84879,1.69,384,254,638,522,522,0,116,9.802,0.0,9.802
scaled_fractile,2011-05-02,22086,2.95,385,6,391,4,4,0,387,57.08250000000001,0.0,57.08250000000001
scaled_fractile,2011-05-02,47566,4.95,26,274,300,964,300,664,0,0.0,986.04,986.04
scaled_fractile,2011-05-02,84347,2.55,425,8,433,0,0,0,433,55.207499999999996,0.0,55.207499999999996
scaled_fractile,2011-05-02,48138,7.65,56,25,81,46,46,0,35,13.387500000000001,0.0,13.387500000000001
scaled_fractile,2011-05-02,21843,10.95,44,9,53,23,23,0,30,16.425,0.0,16.425
scaled_fractile,2011-05-02,21621,8.5,119,0,119,79,79,0,40,17.0,0.0,17.0
scaled_fractile,2011-05-02,85099F,1.95,328,61,389,0,0,0,389,37.9275,0.0,37.9275
scaled_fractile,2011-05-02,15056N,5.95,67,52,119,176,119,57,0,0.0,101.745,101.745
scaled_fractile,2011-05-02,21232,1.25,120,219,339,238,238,0,101,6.3125,0.0,6.3125
scaled_fractile,2011-05-02,22386,1.95,98,278,376,154,154,0,222,21.645,0.0,21.645
scaled_fractile,2011-05-02,20685,7.95,53,15,68,34,34,0,34,13.515,0.0,13.515
scaled_fractile,2011-05-02,85099C,1.95,14,279,293,248,248,0,45,4.3875,0.0,4.3875
scaled_fractile,2011-05-02,20725,1.65,176,160,336,219,219,0,117,9.6525,0.0,9.6525
scaled_fractile,2011-05-02,79321,4.95,188,8,196,109,109,0,87,21.532500000000002,0.0,21.532500000000002
scaled_fractile,2011-05-02,21754,5.95,14,56,70,42,42,0,28,8.33,0.0,8.33
scaled_fractile,2011-05-02,21931,1.95,148,114,262,171,171,0,91,8.8725,0.0,8.8725
scaled_fractile,2011-05-09,22423,12.75,135,162,297,310,297,13,0,0.0,49.725,49.725
scaled_fractile,2011-05-09,85123A,2.95,0,816,816,844,816,28,0,0.0,24.78,24.78
scaled_fractile,2011-05-09,85099B,1.95,561,321,882,1076,882,194,0,0.0,113.49,113.49
scaled_fractile,2011-05-09,84879,1.69,116,523,639,905,639,266,0,0.0,134.862,134.862
scaled_fractile,2011-05-09,22086,2.95,387,4,391,13,13,0,378,55.75500000000001,0.0,55.75500000000001
scaled_fractile,2011-05-09,47566,4.95,0,301,301,756,301,455,0,0.0,675.675,675.675
scaled_fractile,2011-05-09,84347,2.55,433,0,433,48,48,0,385,49.0875,0.0,49.0875
scaled_fractile,2011-05-09,48138,7.95,35,46,81,81,81,0,0,0.0,0.0,0.0
scaled_fractile,2011-05-09,21843,10.95,30,23,53,21,21,0,32,17.52,0.0,17.52
scaled_fractile,2011-05-09,21621,8.5,40,71,111,88,88,0,23,9.775,0.0,9.775
scaled_fractile,2011-05-09,85099F,1.95,389,1,390,428,390,38,0,0.0,22.229999999999997,22.229999999999997
scaled_fractile,2011-05-09,15056N,5.95,0,119,119,29,29,0,90,26.775000000000002,0.0,26.775000000000002
scaled_fractile,2011-05-09,21232,1.25,101,238,339,136,136,0,203,12.6875,0.0,12.6875
scaled_fractile,2011-05-09,22386,1.95,222,155,377,371,371,0,6,0.585,0.0,0.585
scaled_fractile,2011-05-09,20685,7.95,34,34,68,81,68,13,0,0.0,31.005000000000003,31.005000000000003
scaled_fractile,2011-05-09,85099C,1.95,45,249,294,246,246,0,48,4.68,0.0,4.68
scaled_fractile,2011-05-09,20725,1.65,117,219,336,470,336,134,0,0.0,66.33,66.33
scaled_fractile,2011-05-09,79321,4.95,87,109,196,187,187,0,9,2.2275000000000005,0.0,2.2275000000000005
scaled_fractile,2011-05-09,21754,5.95,28,42,70,132,70,62,0,0.0,110.67,110.67
scaled_fractile,2011-05-09,21931,1.95,91,171,262,453,262,191,0,0.0,111.735,111.735
scaled_fractile,2011-05-16,22423,12.75,0,294,294,226,226,0,68,43.35,0.0,43.35
scaled_fractile,2011-05-16,85123A,2.95,0,808,808,762,762,0,46,6.785000000000001,0.0,6.785000000000001
scaled_fractile,2011-05-16,85099B,1.95,0,873,873,868,868,0,5,0.48750000000000004,0.0,0.48750000000000004
scaled_fractile,2011-05-16,84879,1.69,0,632,632,563,563,0,69,5.830500000000001,0.0,5.830500000000001
scaled_fractile,2011-05-16,22086,2.95,378,9,387,0,0,0,387,57.08250000000001,0.0,57.08250000000001
scaled_fractile,2011-05-16,47566,4.95,0,346,346,584,346,238,0,0.0,353.43,353.43
scaled_fractile,2011-05-16,84347,2.55,385,43,428,0,0,0,428,54.56999999999999,0.0,54.56999999999999
scaled_fractile,2011-05-16,48138,7.95,0,77,77,141,77,64,0,0.0,152.64,152.64
scaled_fractile,2011-05-16,21843,10.95,32,21,53,38,38,0,15,8.2125,0.0,8.2125
scaled_fractile,2011-05-16,21621,8.5,23,87,110,92,92,0,18,7.65,0.0,7.65
scaled_fractile,2011-05-16,85099F,1.95,0,386,386,142,142,0,244,23.790000000000003,0.0,23.790000000000003
scaled_fractile,2011-05-16,15056N,5.95,90,28,118,17,17,0,101,30.047500000000003,0.0,30.047500000000003
scaled_fractile,2011-05-16,21232,1.25,203,131,334,233,233,0,101,6.3125,0.0,6.3125
scaled_fractile,2011-05-16,22386,1.95,6,367,373,179,179,0,194,18.915000000000003,0.0,18.915000000000003
scaled_fractile,2011-05-16,20685,7.95,0,64,64,271,64,207,0,0.0,493.695,493.695
scaled_fractile,2011-05-16,85099C,1.95,48,243,291,302,291,11,0,0.0,6.435,6.435
scaled_fractile,2011-05-16,20725,1.65,0,333,333,335,333,2,0,0.0,0.9899999999999999,0.9899999999999999
scaled_fractile,2011-05-16,79321,4.95,9,185,194,40,40,0,154,38.115,0.0,38.115
scaled_fractile,2011-05-16,21754,5.95,0,74,74,86,74,12,0,0.0,21.42,21.42
scaled_fractile,2011-05-16,21931,1.95,0,280,280,176,176,0,104,10.14,0.0,10.14
scaled_fractile,2011-05-23,22423,12.75,68,224,292,126,126,0,166,105.825,0.0,105.825
scaled_fractile,2011-05-23,85123A,2.95,46,756,802,1020,802,218,0,0.0,192.93,192.93
scaled_fractile,2011-05-23,85099B,1.95,5,862,867,923,867,56,0,0.0,32.76,32.76
scaled_fractile,2011-05-23,84879,1.69,69,559,628,381,381,0,247,20.8715,0.0,20.8715
scaled_fractile,2011-05-23,22086,2.95,387,0,387,0,0,0,387,57.08250000000001,0.0,57.08250000000001
scaled_fractile,2011-05-23,47566,4.95,0,375,375,831,375,456,0,0.0,677.1600000000001,677.1600000000001
scaled_fractile,2011-05-23,84347,2.55,428,0,428,12,12,0,416,53.04,0.0,53.04
scaled_fractile,2011-05-23,48138,7.95,0,79,79,42,42,0,37,14.707500000000003,0.0,14.707500000000003
scaled_fractile,2011-05-23,21843,10.95,15,37,52,9,9,0,43,23.5425,0.0,23.5425
scaled_fractile,2011-05-23,21621,8.5,18,92,110,69,69,0,41,17.425,0.0,17.425
scaled_fractile,2011-05-23,85099F,1.95,244,139,383,413,383,30,0,0.0,17.55,17.55
scaled_fractile,2011-05-23,15056N,5.95,101,16,117,37,37,0,80,23.8,0.0,23.8
scaled_fractile,2011-05-23,21232,1.25,101,231,332,126,126,0,206,12.875,0.0,12.875
scaled_fractile,2011-05-23,22386,1.95,194,177,371,560,371,189,0,0.0,110.565,110.565
scaled_fractile,2011-05-23,20685,7.95,0,67,67,26,26,0,41,16.2975,0.0,16.2975
scaled_fractile,2011-05-23,85099C,1.95,0,289,289,387,289,98,0,0.0,57.33,57.33
scaled_fractile,2011-05-23,20725,1.65,0,331,331,424,331,93,0,0.0,46.035,46.035
scaled_fractile,2011-05-23,79321,4.95,154,39,193,72,72,0,121,29.947500000000005,0.0,29.947500000000005
scaled_fractile,2011-05-23,21754,5.95,0,74,74,33,33,0,41,12.197500000000002,0.0,12.197500000000002
scaled_fractile,2011-05-23,21931,1.95,104,174,278,251,251,0,27,2.6325000000000003,0.0,2.6325000000000003
scaled_fractile,2011-05-30,22423,12.75,166,129,295,235,235,0,60,38.25,0.0,38.25
scaled_fractile,2011-05-30,85123A,2.95,0,810,810,629,629,0,181,26.697500000000005,0.0,26.697500000000005
scaled_fractile,2011-05-30,85099B,1.95,0,876,876,261,261,0,615,59.962500000000006,0.0,59.962500000000006
scaled_fractile,2011-05-30,84879,1.69,247,387,634,328,328,0,306,25.857,0.0,25.857
scaled_fractile,2011-05-30,22086,2.95,387,1,388,0,0,0,388,57.23000000000001,0.0,57.23000000000001
scaled_fractile,2011-05-30,47566,4.95,0,379,379,426,379,47,0,0.0,69.795,69.795
scaled_fractile,2011-05-30,84347,2.55,416,14,430,1,1,0,429,54.69749999999999,0.0,54.69749999999999
scaled_fractile,2011-05-30,48138,7.95,37,40,77,58,58,0,19,7.552500000000001,0.0,7.552500000000001
scaled_fractile,2011-05-30,21843,10.95,43,5,48,18,18,0,30,16.425,0.0,16.425
scaled_fractile,2011-05-30,21621,8.5,41,53,94,52,52,0,42,17.85,0.0,17.85
scaled_fractile,2011-05-30,85099F,1.95,0,387,387,403,387,16,0,0.0,9.36,9.36
scaled_fractile,2011-05-30,15056N,5.95,80,38,118,55,55,0,63,18.742500000000003,0.0,18.742500000000003
scaled_fractile,2011-05-30,21232,1.25,206,120,326,110,110,0,216,13.5,0.0,13.5
scaled_fractile,2011-05-30,22386,1.95,0,374,374,407,374,33,0,0.0,19.304999999999996,19.304999999999996
scaled_fractile,2011-05-30,20685,7.95,41,27,68,31,31,0,37,14.707500000000003,0.0,14.707500000000003
scaled_fractile,2011-05-30,85099C,1.95,0,292,292,200,200,0,92,8.97,0.0,8.97
scaled_fractile,2011-05-30,20725,1.65,0,309,309,171,171,0,138,11.385,0.0,11.385
scaled_fractile,2011-05-30,79321,4.95,121,74,195,27,27,0,168,41.580000000000005,0.0,41.580000000000005
scaled_fractile,2011-05-30,21754,5.95,41,33,74,44,44,0,30,8.925,0.0,8.925
scaled_fractile,2011-05-30,21931,1.95,27,254,281,114,114,0,167,16.2825,0.0,16.2825
scaled_fractile,2011-06-06,22423,12.75,60,235,295,178,178,0,117,74.5875,0.0,74.5875
scaled_fractile,2011-06-06,85123A,2.95,181,629,810,352,352,0,458,67.555,0.0,67.555
scaled_fractile,2011-06-06,85099B,1.95,615,261,876,773,773,0,103,10.0425,0.0,10.0425
scaled_fractile,2011-06-06,84879,1.69,306,328,634,292,292,0,342,28.899,0.0,28.899
scaled_fractile,2011-06-06,22086,2.95,388,0,388,2,2,0,386,56.935,0.0,56.935
scaled_fractile,2011-06-06,47566,4.95,0,380,380,551,380,171,0,0.0,253.935,253.935
scaled_fractile,2011-06-06,84347,2.55,429,1,430,0,0,0,430,54.825,0.0,54.825
scaled_fractile,2011-06-06,48138,7.95,19,57,76,511,76,435,0,0.0,1037.475,1037.475
scaled_fractile,2011-06-06,21843,10.95,30,18,48,8,8,0,40,21.900000000000002,0.0,21.900000000000002
scaled_fractile,2011-06-06,21621,8.5,42,52,94,43,43,0,51,21.675,0.0,21.675
scaled_fractile,2011-06-06,85099F,1.95,0,387,387,423,387,36,0,0.0,21.06,21.06
scaled_fractile,2011-06-06,15056N,5.95,63,55,118,92,92,0,26,7.735000000000001,0.0,7.735000000000001
scaled_fractile,2011-06-06,21232,1.25,216,110,326,171,171,0,155,9.6875,0.0,9.6875
scaled_fractile,2011-06-06,22386,1.95,0,374,374,408,374,34,0,0.0,19.889999999999997,19.889999999999997
scaled_fractile,2011-06-06,20685,7.95,37,31,68,526,68,458,0,0.0,1092.33,1092.33
scaled_fractile,2011-06-06,85099C,1.95,92,200,292,141,141,0,151,14.7225,0.0,14.7225
scaled_fractile,2011-06-06,20725,1.65,138,171,309,565,309,256,0,0.0,126.71999999999998,126.71999999999998
scaled_fractile,2011-06-06,79321,4.95,168,27,195,91,91,0,104,25.740000000000006,0.0,25.740000000000006
scaled_fractile,2011-06-06,21754,5.95,30,44,74,47,47,0,27,8.0325,0.0,8.0325
scaled_fractile,2011-06-06,21931,1.95,167,114,281,230,230,0,51,4.9725,0.0,4.9725
scaled_fractile,2011-06-13,22423,12.75,117,181,298,88,88,0,210,133.875,0.0,133.875
scaled_fractile,2011-06-13,85123A,2.95,458,308,766,391,391,0,375,55.3125,0.0,55.3125
scaled_fractile,2011-06-13,85099B,1.95,103,781,884,829,829,0,55,5.362500000000001,0.0,5.362500000000001
scaled_fractile,2011-06-13,84879,1.69,342,298,640,270,270,0,370,31.265,0.0,31.265
scaled_fractile,2011-06-13,22086,2.95,386,6,392,1,1,0,391,57.67250000000001,0.0,57.67250000000001
scaled_fractile,2011-06-13,47566,4.95,0,361,361,491,361,130,0,0.0,193.04999999999998,193.04999999999998
scaled_fractile,2011-06-13,84347,2.55,430,3,433,2,2,0,431,54.9525,0.0,54.9525
scaled_fractile,2011-06-13,48138,7.95,0,78,78,16,16,0,62,24.645000000000003,0.0,24.645000000000003
scaled_fractile,2011-06-13,21843,10.95,40,7,47,15,15,0,32,17.52,0.0,17.52
scaled_fractile,2011-06-13,21621,8.5,51,38,89,26,26,0,63,26.775000000000002,0.0,26.775000000000002
scaled_fractile,2011-06-13,85099F,1.95,0,390,390,224,224,0,166,16.185,0.0,16.185
scaled_fractile,2011-06-13,15056N,5.95,26,89,115,142,115,27,0,0.0,48.195,48.195
scaled_fractile,2011-06-13,21232,1.25,155,174,329,74,74,0,255,15.9375,0.0,15.9375
scaled_fractile,2011-06-13,22386,1.95,0,378,378,233,233,0,145,14.137500000000001,0.0,14.137500000000001
scaled_fractile,2011-06-13,20685,7.95,0,69,69,5,5,0,64,25.44,0.0,25.44
scaled_fractile,2011-06-13,85099C,1.95,151,143,294,265,265,0,29,2.8275,0.0,2.8275
scaled_fractile,2011-06-13,20725,1.65,0,337,337,186,186,0,151,12.4575,0.0,12.4575
scaled_fractile,2011-06-13,79321,4.95,104,93,197,109,109,0,88,21.78,0.0,21.78
scaled_fractile,2011-06-13,21754,5.95,27,48,75,30,30,0,45,13.387500000000001,0.0,13.387500000000001
scaled_fractile,2011-06-13,21931,1.95,51,232,283,93,93,0,190,18.525000000000002,0.0,18.525000000000002
scaled_fractile,2011-06-20,22423,12.75,210,90,300,130,130,0,170,108.375,0.0,108.375
scaled_fractile,2011-06-20,85123A,2.95,375,396,771,224,224,0,547,80.6825,0.0,80.6825
scaled_fractile,2011-06-20,85099B,1.95,55,834,889,791,791,0,98,9.555,0.0,9.555
scaled_fractile,2011-06-20,84879,1.69,370,274,644,262,262,0,382,32.278999999999996,0.0,32.278999999999996
scaled_fractile,2011-06-20,22086,2.95,391,3,394,6,6,0,388,57.23000000000001,0.0,57.23000000000001
scaled_fractile,2011-06-20,47566,4.95,0,364,364,586,364,222,0,0.0,329.67,329.67
scaled_fractile,2011-06-20,84347,2.55,431,5,436,1,1,0,435,55.462500000000006,0.0,55.462500000000006
scaled_fractile,2011-06-20,48138,7.95,62,16,78,19,19,0,59,23.4525,0.0,23.4525
scaled_fractile,2011-06-20,21843,10.95,32,15,47,17,17,0,30,16.425,0.0,16.425
scaled_fractile,2011-06-20,21621,8.5,63,21,84,18,18,0,66,28.05,0.0,28.05
scaled_fractile,2011-06-20,85099F,1.95,166,227,393,605,393,212,0,0.0,124.01999999999998,124.01999999999998
scaled_fractile,2011-06-20,15056N,5.95,0,104,104,87,87,0,17,5.057500000000001,0.0,5.057500000000001
scaled_fractile,2011-06-20,21232,1.25,255,54,309,117,117,0,192,12.0,0.0,12.0
scaled_fractile,2011-06-20,22386,1.95,145,235,380,551,380,171,0,0.0,100.035,100.035
scaled_fractile,2011-06-20,20685,7.95,64,5,69,45,45,0,24,9.540000000000001,0.0,9.540000000000001
scaled_fractile,2011-06-20,85099C,1.95,29,267,296,83,83,0,213,20.7675,0.0,20.7675
scaled_fractile,2011-06-20,20725,1.65,151,188,339,218,218,0,121,9.9825,0.0,9.9825
scaled_fractile,2011-06-20,79321,4.95,88,110,198,48,48,0,150,37.125,0.0,37.125
scaled_fractile,2011-06-20,21754,5.95,45,30,75,30,30,0,45,13.387500000000001,0.0,13.387500000000001
scaled_fractile,2011-06-20,21931,1.95,190,95,285,244,244,0,41,3.9975000000000005,0.0,3.9975000000000005
scaled_fractile,2011-06-27,22423,12.75,170,128,298,84,84,0,214,136.425,0.0,136.425
scaled_fractile,2011-06-27,85123A,2.95,547,221,768,252,252,0,516,76.11,0.0,76.11
scaled_fractile,2011-06-27,85099B,1.95,98,787,885,595,595,0,290,28.275000000000002,0.0,28.275000000000002
scaled_fractile,2011-06-27,84879,1.69,382,259,641,276,276,0,365,30.8425,0.0,30.8425
scaled_fractile,2011-06-27,22086,2.95,388,4,392,365,365,0,27,3.9825000000000004,0.0,3.9825000000000004
scaled_fractile,2011-06-27,47566,4.95,0,384,384,248,248,0,136,33.660000000000004,0.0,33.660000000000004
scaled_fractile,2011-06-27,84347,2.55,435,0,435,3,3,0,432,55.08,0.0,55.08
scaled_fractile,2011-06-27,48138,7.95,59,18,77,8,8,0,69,27.427500000000006,0.0,27.427500000000006
scaled_fractile,2011-06-27,21843,10.95,30,17,47,16,16,0,31,16.9725,0.0,16.9725
scaled_fractile,2011-06-27,21621,8.5,66,17,83,33,33,0,50,21.25,0.0,21.25
scaled_fractile,2011-06-27,85099F,1.95,0,398,398,251,251,0,147,14.3325,0.0,14.3325
scaled_fractile,2011-06-27,15056N,5.95,17,86,103,7,7,0,96,28.560000000000002,0.0,28.560000000000002
scaled_fractile,2011-06-27,21232,1.25,192,116,308,104,104,0,204,12.75,0.0,12.75
scaled_fractile,2011-06-27,22386,1.95,0,379,379,356,356,0,23,2.2425,0.0,2.2425
scaled_fractile,2011-06-27,20685,7.95,24,44,68,22,22,0,46,18.285,0.0,18.285
scaled_fractile,2011-06-27,85099C,1.95,213,82,295,181,181,0,114,11.115,0.0,11.115
scaled_fractile,2011-06-27,20725,1.65,121,217,338,183,183,0,155,12.787500000000001,0.0,12.787500000000001
scaled_fractile,2011-06-27,79321,4.95,150,47,197,113,113,0,84,20.790000000000003,0.0,20.790000000000003
scaled_fractile,2011-06-27,21754,5.95,45,30,75,31,31,0,44,13.090000000000002,0.0,13.090000000000002
scaled_fractile,2011-06-27,21931,1.95,41,243,284,427,284,143,0,0.0,83.65499999999999,83.65499999999999
scaled_fractile,2011-07-04,22423,12.75,214,86,300,105,105,0,195,124.3125,0.0,124.3125
scaled_fractile,2011-07-04,85123A,2.95,516,257,773,264,264,0,509,75.07750000000001,0.0,75.07750000000001
scaled_fractile,2011-07-04,85099B,1.95,290,602,892,1324,892,432,0,0.0,252.71999999999997,252.71999999999997
scaled_fractile,2011-07-04,84879,1.69,365,281,646,444,444,0,202,17.069,0.0,17.069
scaled_fractile,2011-07-04,22086,2.95,27,368,395,18,18,0,377,55.60750000000001,0.0,55.60750000000001
scaled_fractile,2011-07-04,47566,4.95,136,250,386,881,386,495,0,0.0,735.0749999999999,735.0749999999999
scaled_fractile,2011-07-04,84347,2.55,432,5,437,120,120,0,317,40.4175,0.0,40.4175
scaled_fractile,2011-07-04,48138,7.95,69,6,75,56,56,0,19,7.552500000000001,0.0,7.552500000000001
scaled_fractile,2011-07-04,21843,10.95,31,16,47,6,6,0,41,22.4475,0.0,22.4475
scaled_fractile,2011-07-04,21621,8.5,50,25,75,48,48,0,27,11.475000000000001,0.0,11.475000000000001
scaled_fractile,2011-07-04,85099F,1.95,147,247,394,513,394,119,0,0.0,69.615,69.615
scaled_fractile,2011-07-04,15056N,5.95,96,2,98,259,98,161,0,0.0,287.385,287.385
scaled_fractile,2011-07-04,21232,1.25,204,87,291,65,65,0,226,14.125,0.0,14.125
scaled_fractile,2011-07-04,22386,1.95,23,358,381,444,381,63,0,0.0,36.855,36.855
scaled_fractile,2011-07-04,20685,7.95,46,23,69,418,69,349,0,0.0,832.365,832.365
scaled_fractile,2011-07-04,85099C,1.95,114,182,296,324,296,28,0,0.0,16.38,16.38
scaled_fractile,2011-07-04,20725,1.65,155,185,340,293,293,0,47,3.8775,0.0,3.8775
scaled_fractile,2011-07-04,79321,4.95,84,115,199,23,23,0,176,43.56,0.0,43.56
scaled_fractile,2011-07-04,21754,5.95,44,31,75,22,22,0,53,15.767500000000002,0.0,15.767500000000002
scaled_fractile,2011-07-04,21931,1.95,0,286,286,351,286,65,0,0.0,38.025,38.025
scaled_fractile,2011-07-11,22423,12.75,195,107,302,206,206,0,96,61.2,0.0,61.2
scaled_fractile,2011-07-11,85123A,2.95,509,269,778,1172,778,394,0,0.0,348.69000000000005,348.69000000000005
scaled_fractile,2011-07-11,85099B,1.95,0,897,897,411,411,0,486,47.385,0.0,47.385
scaled_fractile,2011-07-11,84879,1.69,202,448,650,362,362,0,288,24.336,0.0,24.336
scaled_fractile,2011-07-11,22086,2.95,377,20,397,4,4,0,393,57.96750000000001,0.0,57.96750000000001
scaled_fractile,2011-07-11,47566,4.95,0,390,390,346,346,0,44,10.89,0.0,10.89
scaled_fractile,2011-07-11,84347,2.55,317,123,440,0,0,0,440,56.1,0.0,56.1
scaled_fractile,2011-07-11,48138,7.95,19,56,75,34,34,0,41,16.2975,0.0,16.2975
scaled_fractile,2011-07-11,21843,10.95,41,6,47,7,7,0,40,21.900000000000002,0.0,21.900000000000002
scaled_fractile,2011-07-11,21621,8.5,27,40,67,6,6,0,61,25.925,0.0,25.925
scaled_fractile,2011-07-11,85099F,1.95,0,363,363,29,29,0,334,32.565,0.0,32.565
scaled_fractile,2011-07-11,15056N,5.95,0,99,99,83,83,0,16,4.760000000000001,0.0,4.760000000000001
scaled_fractile,2011-07-11,21232,1.25,226,67,293,121,121,0,172,10.75,0.0,10.75
scaled_fractile,2011-07-11,22386,1.95,0,383,383,315,315,0,68,6.63,0.0,6.63
scaled_fractile,2011-07-11,20685,7.95,0,70,70,46,46,0,24,9.540000000000001,0.0,9.540000000000001
scaled_fractile,2011-07-11,85099C,1.95,0,298,298,93,93,0,205,19.9875,0.0,19.9875
scaled_fractile,2011-07-11,20725,1.65,47,295,342,201,201,0,141,11.6325,0.0,11.6325
scaled_fractile,2011-07-11,79321,4.95,176,24,200,33,33,0,167,41.3325,0.0,41.3325
scaled_fractile,2011-07-11,21754,5.95,53,23,76,33,33,0,43,12.7925,0.0,12.7925
scaled_fractile,2011-07-11,21931,1.95,0,288,288,156,156,0,132,12.87,0.0,12.87
scaled_fractile,2011-07-18,22423,12.75,96,208,304,306,304,2,0,0.0,7.6499999999999995,7.6499999999999995
scaled_fractile,2011-07-18,85123A,2.95,0,782,782,697,697,0,85,12.537500000000001,0.0,12.537500000000001
scaled_fractile,2011-07-18,85099B,1.95,486,416,902,712,712,0,190,18.525000000000002,0.0,18.525000000000002
scaled_fractile,2011-07-18,84879,1.69,288,365,653,511,511,0,142,11.999,0.0,11.999
scaled_fractile,2011-07-18,22086,2.95,393,7,400,14,14,0,386,56.935,0.0,56.935
scaled_fractile,2011-07-18,47566,4.95,44,348,392,843,392,451,0,0.0,669.735,669.735
scaled_fractile,2011-07-18,84347,2.55,440,2,442,1,1,0,441,56.2275,0.0,56.2275
scaled_fractile,2011-07-18,48138,7.95,41,27,68,50,50,0,18,7.155,0.0,7.155
scaled_fractile,2011-07-18,21843,10.95,40,8,48,13,13,0,35,19.1625,0.0,19.1625
scaled_fractile,2011-07-18,21621,8.5,61,6,67,26,26,0,41,17.425,0.0,17.425
scaled_fractile,2011-07-18,85099F,1.95,334,31,365,120,120,0,245,23.887500000000003,0.0,23.887500000000003
scaled_fractile,2011-07-18,15056N,5.95,16,83,99,319,99,220,0,0.0,392.7,392.7
scaled_fractile,2011-07-18,21232,1.25,172,122,294,141,141,0,153,9.5625,0.0,9.5625
scaled_fractile,2011-07-18,22386,1.95,68,317,385,287,287,0,98,9.555,0.0,9.555
scaled_fractile,2011-07-18,20685,7.95,24,46,70,89,70,19,0,0.0,45.315000000000005,45.315000000000005
scaled_fractile,2011-07-18,85099C,1.95,205,95,300,210,210,0,90,8.775,0.0,8.775
scaled_fractile,2011-07-18,20725,1.65,141,177,318,315,315,0,3,0.24749999999999997,0.0,0.24749999999999997
scaled_fractile,2011-07-18,79321,4.95,167,34,201,129,129,0,72,17.820000000000004,0.0,17.820000000000004
scaled_fractile,2011-07-18,21754,5.95,43,33,76,45,45,0,31,9.222500000000002,0.0,9.222500000000002
scaled_fractile,2011-07-18,21931,1.95,132,157,289,257,257,0,32,3.12,0.0,3.12
scaled_fractile,2011-07-25,22423,12.75,0,305,305,275,275,0,30,19.125,0.0,19.125
scaled_fractile,2011-07-25,85123A,2.95,85,679,764,756,756,0,8,1.1800000000000002,0.0,1.1800000000000002
scaled_fractile,2011-07-25,85099B,1.95,190,720,910,540,540,0,370,36.075,0.0,36.075
scaled_fractile,2011-07-25,84879,1.69,142,503,645,400,400,0,245,20.7025,0.0,20.7025
scaled_fractile,2011-07-25,22086,2.95,386,17,403,167,167,0,236,34.81,0.0,34.81
scaled_fractile,2011-07-25,47566,4.95,0,401,401,466,401,65,0,0.0,96.52499999999999,96.52499999999999
scaled_fractile,2011-07-25,84347,2.55,441,5,446,6,6,0,440,56.1,0.0,56.1
scaled_fractile,2011-07-25,48138,7.95,18,50,68,30,30,0,38,15.105000000000002,0.0,15.105000000000002
scaled_fractile,2011-07-25,21843,10.95,35,8,43,7,7,0,36,19.71,0.0,19.71
scaled_fractile,2011-07-25,21621,8.5,41,27,68,19,19,0,49,20.825000000000003,0.0,20.825000000000003
scaled_fractile,2011-07-25,85099F,1.95,245,115,360,434,360,74,0,0.0,43.28999999999999,43.28999999999999
scaled_fractile,2011-07-25,15056N,5.95,0,106,106,25,25,0,81,24.0975,0.0,24.0975
scaled_fractile,2011-07-25,21232,1.25,153,143,296,95,95,0,201,12.5625,0.0,12.5625
scaled_fractile,2011-07-25,22386,1.95,98,280,378,403,378,25,0,0.0,14.625,14.625
scaled_fractile,2011-07-25,20685,7.95,0,71,71,18,18,0,53,21.067500000000003,0.0,21.067500000000003
scaled_fractile,2011-07-25,85099C,1.95,90,212,302,164,164,0,138,13.454999999999998,0.0,13.454999999999998
scaled_fractile,2011-07-25,20725,1.65,3,318,321,345,321,24,0,0.0,11.879999999999997,11.879999999999997
scaled_fractile,2011-07-25,79321,4.95,72,131,203,651,203,448,0,0.0,665.28,665.28
scaled_fractile,2011-07-25,21754,5.95,31,46,77,35,35,0,42,12.495000000000001,0.0,12.495000000000001
scaled_fractile,2011-07-25,21931,2.08,32,256,288,230,230,0,58,6.032,0.0,6.032
scaled_fractile,2011-08-01,22423,12.75,30,272,302,132,132,0,170,108.375,0.0,108.375
scaled_fractile,2011-08-01,85123A,2.95,8,754,762,423,423,0,339,50.002500000000005,0.0,50.002500000000005
scaled_fractile,2011-08-01,85099B,1.95,370,538,908,1026,908,118,0,0.0,69.03,69.03
scaled_fractile,2011-08-01,84879,1.69,245,398,643,3792,643,3149,0,0.0,1596.543,1596.543
scaled_fractile,2011-08-01,22086,2.95,236,166,402,155,155,0,247,36.432500000000005,0.0,36.432500000000005
scaled_fractile,2011-08-01,47566,4.95,0,400,400,431,400,31,0,0.0,46.035000000000004,46.035000000000004
scaled_fractile,2011-08-01,84347,2.55,440,5,445,12,12,0,433,55.207499999999996,0.0,55.207499999999996
scaled_fractile,2011-08-01,48138,7.95,38,29,67,37,37,0,30,11.925,0.0,11.925
scaled_fractile,2011-08-01,21843,10.95,36,1,37,27,27,0,10,5.4750000000000005,0.0,5.4750000000000005
scaled_fractile,2011-08-01,21621,8.5,49,18,67,150,67,83,0,0.0,211.65,211.65
scaled_fractile,2011-08-01,85099F,1.95,0,359,359,537,359,178,0,0.0,104.12999999999998,104.12999999999998
scaled_fractile,2011-08-01,15056N,5.95,81,25,106,102,102,0,4,1.1900000000000002,0.0,1.1900000000000002
scaled_fractile,2011-08-01,21232,1.25,201,95,296,141,141,0,155,9.6875,0.0,9.6875
scaled_fractile,2011-08-01,22386,1.95,0,377,377,362,362,0,15,1.4625000000000001,0.0,1.4625000000000001
scaled_fractile,2011-08-01,20685,7.95,53,18,71,38,38,0,33,13.117500000000001,0.0,13.117500000000001
scaled_fractile,2011-08-01,85099C,1.95,138,164,302,264,264,0,38,3.705,0.0,3.705
scaled_fractile,2011-08-01,20725,1.65,0,320,320,583,320,263,0,0.0,130.185,130.185
scaled_fractile,2011-08-01,79321,4.95,0,227,227,87,87,0,140,34.65,0.0,34.65
scaled_fractile,2011-08-01,21754,5.95,42,35,77,28,28,0,49,14.5775,0.0,14.5775
scaled_fractile,2011-08-01,21931,2.08,58,229,287,383,287,96,0,0.0,59.903999999999996,59.903999999999996
scaled_fractile,2011-08-08,22423,12.75,170,131,301,122,122,0,179,114.11250000000001,0.0,114.11250000000001
scaled_fractile,2011-08-08,85123A,2.95,339,420,759,401,401,0,358,52.80500000000001,0.0,52.80500000000001
scaled_fractile,2011-08-08,85099B,1.95,0,903,903,1123,903,220,0,0.0,128.7,128.7
scaled_fractile,2011-08-08,84879,1.69,0,654,654,1315,654,661,0,0.0,335.12699999999995,335.12699999999995
scaled_fractile,2011-08-08,22086,2.95,247,153,400,22,22,0,378,55.75500000000001,0.0,55.75500000000001
scaled_fractile,2011-08-08,47566,4.95,0,398,398,272,272,0,126,31.185000000000002,0.0,31.185000000000002
scaled_fractile,2011-08-08,84347,2.55,433,10,443,0,0,0,443,56.482499999999995,0.0,56.482499999999995
scaled_fractile,2011-08-08,48138,7.95,30,36,66,7,7,0,59,23.4525,0.0,23.4525
scaled_fractile,2011-08-08,21843,10.95,10,24,34,8,8,0,26,14.235,0.0,14.235
scaled_fractile,2011-08-08,21621,8.5,0,85,85,17,17,0,68,28.900000000000002,0.0,28.900000000000002
scaled_fractile,2011-08-08,85099F,1.95,0,360,360,310,310,0,50,4.875,0.0,4.875
scaled_fractile,2011-08-08,15056N,5.95,4,101,105,37,37,0,68,20.230000000000004,0.0,20.230000000000004
scaled_fractile,2011-08-08,21232,1.25,155,139,294,119,119,0,175,10.9375,0.0,10.9375
scaled_fractile,2011-08-08,22386,2.08,15,360,375,361,361,0,14,1.4560000000000002,0.0,1.4560000000000002
scaled_fractile,2011-08-08,20685,7.95,33,38,71,29,29,0,42,16.695000000000004,0.0,16.695000000000004
scaled_fractile,2011-08-08,85099C,1.95,38,262,300,252,252,0,48,4.68,0.0,4.68
scaled_fractile,2011-08-08,20725,1.65,0,318,318,575,318,257,0,0.0,127.21499999999997,127.21499999999997
scaled_fractile,2011-08-08,79321,4.95,140,86,226,135,135,0,91,22.5225,0.0,22.5225
scaled_fractile,2011-08-08,21754,5.95,49,28,77,17,17,0,60,17.85,0.0,17.85
scaled_fractile,2011-08-08,21931,2.08,0,286,286,297,286,11,0,0.0,6.864000000000001,6.864000000000001
scaled_fractile,2011-08-15,22423,12.75,179,116,295,147,147,0,148,94.35000000000001,0.0,94.35000000000001
scaled_fractile,2011-08-15,85123A,2.95,358,386,744,265,265,0,479,70.65250000000002,0.0,70.65250000000002
scaled_fractile,2011-08-15,85099B,1.95,0,885,885,976,885,91,0,0.0,53.23499999999999,53.23499999999999
scaled_fractile,2011-08-15,84879,1.69,0,778,778,556,556,0,222,18.759,0.0,18.759
scaled_fractile,2011-08-15,22086,2.95,378,15,393,24,24,0,369,54.4275,0.0,54.4275
scaled_fractile,2011-08-15,47566,4.95,126,264,390,286,286,0,104,25.740000000000006,0.0,25.740000000000006
scaled_fractile,2011-08-15,84347,2.55,443,0,443,17,17,0,426,54.315,0.0,54.315
scaled_fractile,2011-08-15,48138,7.95,59,6,65,57,57,0,8,3.18,0.0,3.18
scaled_fractile,2011-08-15,21843,10.95,26,8,34,17,17,0,17,9.3075,0.0,9.3075
scaled_fractile,2011-08-15,21621,8.5,68,16,84,19,19,0,65,27.625,0.0,27.625
scaled_fractile,2011-08-15,85099F,1.95,50,300,350,328,328,0,22,2.145,0.0,2.145
scaled_fractile,2011-08-15,15056N,5.95,68,35,103,138,103,35,0,0.0,62.474999999999994,62.474999999999994
scaled_fractile,2011-08-15,21232,1.25,175,114,289,76,76,0,213,13.3125,0.0,13.3125
scaled_fractile,2011-08-15,22386,2.08,14,353,367,366,366,0,1,0.10400000000000001,0.0,0.10400000000000001
scaled_fractile,2011-08-15,20685,7.95,42,26,68,38,38,0,30,11.925,0.0,11.925
scaled_fractile,2011-08-15,85099C,1.95,48,247,295,113,113,0,182,17.745,0.0,17.745
scaled_fractile,2011-08-15,20725,1.65,0,312,312,373,312,61,0,0.0,30.194999999999997,30.194999999999997
scaled_fractile,2011-08-15,79321,4.95,91,131,222,62,62,0,160,39.6,0.0,39.6
scaled_fractile,2011-08-15,21754,5.95,60,15,75,67,67,0,8,2.3800000000000003,0.0,2.3800000000000003
scaled_fractile,2011-08-15,21931,2.08,0,263,263,395,263,132,0,0.0,82.368,82.368
scaled_fractile,2011-08-22,22423,12.75,148,148,296,149,149,0,147,93.7125,0.0,93.7125
scaled_fractile,2011-08-22,85123A,2.95,479,261,740,763,740,23,0,0.0,20.355,20.355
scaled_fractile,2011-08-22,85099B,1.95,0,889,889,1458,889,569,0,0.0,332.86499999999995,332.86499999999995
scaled_fractile,2011-08-22,84879,1.69,222,559,781,810,781,29,0,0.0,14.703,14.703
scaled_fractile,2011-08-22,22086,2.95,369,25,394,28,28,0,366,53.98500000000001,0.0,53.98500000000001
scaled_fractile,2011-08-22,47566,4.95,104,288,392,436,392,44,0,0.0,65.34,65.34
scaled_fractile,2011-08-22,84347,2.55,426,10,436,18,18,0,418,53.294999999999995,0.0,53.294999999999995
scaled_fractile,2011-08-22,48138,7.95,8,57,65,12,12,0,53,21.067500000000003,0.0,21.067500000000003
scaled_fractile,2011-08-22,21843,10.95,17,17,34,12,12,0,22,12.045,0.0,12.045
scaled_fractile,2011-08-22,21621,8.5,65,19,84,19,19,0,65,27.625,0.0,27.625
scaled_fractile,2011-08-22,85099F,1.95,22,330,352,862,352,510,0,0.0,298.34999999999997,298.34999999999997
scaled_fractile,2011-08-22,15056N,5.95,0,98,98,146,98,48,0,0.0,85.68,85.68
scaled_fractile,2011-08-22,21232,1.25,213,77,290,101,101,0,189,11.8125,0.0,11.8125
scaled_fractile,2011-08-22,22386,2.08,1,368,369,609,369,240,0,0.0,149.76000000000002,149.76000000000002
scaled_fractile,2011-08-22,20685,7.95,30,39,69,34,34,0,35,13.912500000000001,0.0,13.912500000000001
scaled_fractile,2011-08-22,85099C,1.95,182,114,296,132,132,0,164,15.990000000000002,0.0,15.990000000000002
scaled_fractile,2011-08-22,20725,1.65,0,310,310,281,281,0,29,2.3924999999999996,0.0,2.3924999999999996
scaled_fractile,2011-08-22,79321,4.95,160,62,222,110,110,0,112,27.72,0.0,27.72
scaled_fractile,2011-08-22,21754,5.95,8,67,75,41,41,0,34,10.115000000000002,0.0,10.115000000000002
scaled_fractile,2011-08-22,21931,2.08,0,263,263,356,263,93,0,0.0,58.032,58.032
scaled_fractile,2011-08-29,22423,12.75,147,147,294,89,89,0,205,130.6875,0.0,130.6875
scaled_fractile,2011-08-29,85123A,2.95,0,734,734,394,394,0,340,50.150000000000006,0.0,50.150000000000006
scaled_fractile,2011-08-29,85099B,1.95,0,927,927,677,677,0,250,24.375,0.0,24.375
scaled_fractile,2011-08-29,84879,1.69,0,776,776,200,200,0,576,48.672,0.0,48.672
scaled_fractile,2011-08-29,22086,2.95,366,25,391,192,192,0,199,29.352500000000006,0.0,29.352500000000006
scaled_fractile,2011-08-29,47566,4.95,0,389,389,187,187,0,202,49.995000000000005,0.0,49.995000000000005
scaled_fractile,2011-08-29,84347,2.55,418,15,433,4,4,0,429,54.69749999999999,0.0,54.69749999999999
scaled_fractile,2011-08-29,48138,7.95,53,12,65,21,21,0,44,17.490000000000002,0.0,17.490000000000002
scaled_fractile,2011-08-29,21843,10.95,22,7,29,9,9,0,20,10.950000000000001,0.0,10.950000000000001
scaled_fractile,2011-08-29,21621,8.5,65,18,83,40,40,0,43,18.275000000000002,0.0,18.275000000000002
scaled_fractile,2011-08-29,85099F,1.95,0,352,352,278,278,0,74,7.215,0.0,7.215
scaled_fractile,2011-08-29,15056N,5.95,0,96,96,26,26,0,70,20.825000000000003,0.0,20.825000000000003
scaled_fractile,2011-08-29,21232,1.25,189,99,288,74,74,0,214,13.375,0.0,13.375
scaled_fractile,2011-08-29,22386,2.08,0,377,377,238,238,0,139,14.456000000000001,0.0,14.456000000000001
scaled_fractile,2011-08-29,20685,7.95,35,33,68,33,33,0,35,13.912500000000001,0.0,13.912500000000001
scaled_fractile,2011-08-29,85099C,2.08,164,129,293,264,264,0,29,3.016,0.0,3.016
scaled_fractile,2011-08-29,20725,1.65,29,279,308,192,192,0,116,9.569999999999999,0.0,9.569999999999999
scaled_fractile,2011-08-29,79321,4.95,112,109,221,210,210,0,11,2.7225,0.0,2.7225
scaled_fractile,2011-08-29,21754,5.95,34,36,70,17,17,0,53,15.767500000000002,0.0,15.767500000000002
scaled_fractile,2011-08-29,21931,2.08,0,261,261,302,261,41,0,0.0,25.584,25.584
scaled_fractile,2011-09-05,22423,12.75,205,93,298,105,105,0,193,123.03750000000001,0.0,123.03750000000001
scaled_fractile,2011-09-05,85123A,2.95,340,405,745,407,407,0,338,49.855000000000004,0.0,49.855000000000004
scaled_fractile,2011-09-05,85099B,1.95,250,646,896,536,536,0,360,35.1,0.0,35.1
scaled_fractile,2011-09-05,84879,1.69,576,211,787,384,384,0,403,34.0535,0.0,34.0535
scaled_fractile,2011-09-05,22086,2.95,199,198,397,495,397,98,0,0.0,86.73,86.73
scaled_fractile,2011-09-05,47566,4.95,202,193,395,224,224,0,171,42.322500000000005,0.0,42.322500000000005
scaled_fractile,2011-09-05,84347,2.55,429,1,430,38,38,0,392,49.98,0.0,49.98
scaled_fractile,2011-09-05,48138,7.95,44,20,64,29,29,0,35,13.912500000000001,0.0,13.912500000000001
scaled_fractile,2011-09-05,21843,10.95,20,10,30,3,3,0,27,14.782499999999999,0.0,14.782499999999999
scaled_fractile,2011-09-05,21621,8.5,43,18,61,54,54,0,7,2.975,0.0,2.975
scaled_fractile,2011-09-05,85099F,2.08,74,280,354,189,189,0,165,17.16,0.0,17.16
scaled_fractile,2011-09-05,15056N,5.95,70,27,97,98,97,1,0,0.0,1.785,1.785
scaled_fractile,2011-09-05,21232,1.25,214,78,292,287,287,0,5,0.3125,0.0,0.3125
scaled_fractile,2011-09-05,22386,2.08,139,233,372,617,372,245,0,0.0,152.88,152.88
scaled_fractile,2011-09-05,20685,7.95,35,34,69,20,20,0,49,19.477500000000003,0.0,19.477500000000003
scaled_fractile,2011-09-05,85099C,2.08,29,269,298,439,298,141,0,0.0,87.98400000000001,87.98400000000001
scaled_fractile,2011-09-05,20725,1.65,116,196,312,304,304,0,8,0.66,0.0,0.66
scaled_fractile,2011-09-05,79321,4.95,11,213,224,71,71,0,153,37.8675,0.0,37.8675
scaled_fractile,2011-09-05,21754,5.95,53,18,71,56,56,0,15,4.4625,0.0,4.4625
scaled_fractile,2011-09-05,21931,2.08,0,263,263,276,263,13,0,0.0,8.112,8.112
scaled_fractile,2011-09-12,22423,12.75,193,106,299,197,197,0,102,65.025,0.0,65.025
scaled_fractile,2011-09-12,85123A,2.95,338,409,747,657,657,0,90,13.275,0.0,13.275
scaled_fractile,2011-09-12,85099B,2.08,360,538,898,743,743,0,155,16.12,0.0,16.12
scaled_fractile,2011-09-12,84879,1.69,403,385,788,740,740,0,48,4.056,0.0,4.056
scaled_fractile,2011-09-12,22086,2.95,0,398,398,481,398,83,0,0.0,73.455,73.455
scaled_fractile,2011-09-12,47566,4.95,171,225,396,334,334,0,62,15.345000000000002,0.0,15.345000000000002
scaled_fractile,2011-09-12,84347,2.55,392,39,431,294,294,0,137,17.467499999999998,0.0,17.467499999999998
scaled_fractile,2011-09-12,48138,7.95,35,29,64,544,64,480,0,0.0,1144.8,1144.8
scaled_fractile,2011-09-12,21843,10.95,27,3,30,29,29,0,1,0.5475,0.0,0.5475
scaled_fractile,2011-09-12,21621,8.5,7,54,61,19,19,0,42,17.85,0.0,17.85
scaled_fractile,2011-09-12,85099F,2.08,165,183,348,302,302,0,46,4.784000000000001,0.0,4.784000000000001
scaled_fractile,2011-09-12,15056N,5.95,0,97,97,114,97,17,0,0.0,30.345,30.345
scaled_fractile,2011-09-12,21232,1.25,5,287,292,133,133,0,159,9.9375,0.0,9.9375
scaled_fractile,2011-09-12,22386,2.08,0,373,373,478,373,105,0,0.0,65.52,65.52
scaled_fractile,2011-09-12,20685,7.95,49,20,69,14,14,0,55,21.8625,0.0,21.8625
scaled_fractile,2011-09-12,85099C,2.08,0,298,298,109,109,0,189,19.656000000000002,0.0,19.656000000000002
scaled_fractile,2011-09-12,20725,1.65,8,305,313,299,299,0,14,1.155,0.0,1.155
scaled_fractile,2011-09-12,79321,4.95,153,71,224,262,224,38,0,0.0,56.43,56.43
scaled_fractile,2011-09-12,21754,5.95,15,56,71,45,45,0,26,7.735000000000001,0.0,7.735000000000001
scaled_fractile,2011-09-12,21931,2.08,0,258,258,331,258,73,0,0.0,45.552,45.552
scaled_fractile,2011-09-19,22423,12.75,102,197,299,100,100,0,199,126.86250000000001,0.0,126.86250000000001
scaled_fractile,2011-09-19,85123A,2.95,90,656,746,660,660,0,86,12.685000000000002,0.0,12.685000000000002
scaled_fractile,2011-09-19,85099B,2.08,155,742,897,1387,897,490,0,0.0,305.76,305.76
scaled_fractile,2011-09-19,84879,1.69,48,740,788,629,629,0,159,13.4355,0.0,13.4355
scaled_fractile,2011-09-19,22086,2.95,0,398,398,584,398,186,0,0.0,164.61,164.61
scaled_fractile,2011-09-19,47566,4.95,62,334,396,127,127,0,269,66.5775,0.0,66.5775
scaled_fractile,2011-09-19,84347,2.55,137,294,431,367,367,0,64,8.16,0.0,8.16
scaled_fractile,2011-09-19,48138,7.95,0,66,66,23,23,0,43,17.0925,0.0,17.0925
scaled_fractile,2011-09-19,21843,10.95,1,29,30,38,30,8,0,0.0,26.279999999999998,26.279999999999998
scaled_fractile,2011-09-19,21621,8.5,42,19,61,46,46,0,15,6.375,0.0,6.375
scaled_fractile,2011-09-19,85099F,2.08,46,302,348,509,348,161,0,0.0,100.464,100.464
scaled_fractile,2011-09-19,15056N,5.95,0,97,97,28,28,0,69,20.527500000000003,0.0,20.527500000000003
scaled_fractile,2011-09-19,21232,1.25,159,133,292,207,207,0,85,5.3125,0.0,5.3125
scaled_fractile,2011-09-19,22386,2.08,0,373,373,599,373,226,0,0.0,141.024,141.024
scaled_fractile,2011-09-19,20685,7.95,55,14,69,11,11,0,58,23.055000000000003,0.0,23.055000000000003
scaled_fractile,2011-09-19,85099C,2.08,189,109,298,440,298,142,0,0.0,88.608,88.608
scaled_fractile,2011-09-19,20725,1.65,14,299,313,212,212,0,101,8.3325,0.0,8.3325
scaled_fractile,2011-09-19,79321,4.95,0,224,224,28,28,0,196,48.510000000000005,0.0,48.510000000000005
scaled_fractile,2011-09-19,21754,5.95,26,45,71,17,17,0,54,16.065,0.0,16.065
scaled_fractile,2011-09-19,21931,2.08,0,258,258,278,258,20,0,0.0,12.48,12.48
scaled_fractile,2011-09-26,22423,12.75,199,56,255,137,137,0,118,75.22500000000001,0.0,75.22500000000001
scaled_fractile,2011-09-26,85123A,2.95,86,688,774,408,408,0,366,53.98500000000001,0.0,53.98500000000001
scaled_fractile,2011-09-26,85099B,2.08,0,931,931,889,889,0,42,4.368,0.0,4.368
scaled_fractile,2011-09-26,84879,1.69,159,500,659,799,659,140,0,0.0,70.97999999999999,70.97999999999999
scaled_fractile,2011-09-26,22086,2.95,0,412,412,347,347,0,65,9.5875,0.0,9.5875
scaled_fractile,2011-09-26,47566,4.95,269,141,410,197,197,0,213,52.71750000000001,0.0,52.71750000000001
scaled_fractile,2011-09-26,84347,2.55,64,383,447,40,40,0,407,51.8925,0.0,51.8925
scaled_fractile,2011-09-26,48138,7.95,43,25,68,176,68,108,0,0.0,257.58,257.58
scaled_fractile,2011-09-26,21843,10.95,0,31,31,5,5,0,26,14.235,0.0,14.235
scaled_fractile,2011-09-26,21621,8.5,15,48,63,22,22,0,41,17.425,0.0,17.425
scaled_fractile,2011-09-26,85099F,2.08,0,360,360,206,206,0,154,16.016000000000002,0.0,16.016000000000002
scaled_fractile,2011-09-26,15056N,5.95,69,32,101,46,46,0,55,16.3625,0.0,16.3625
scaled_fractile,2011-09-26,21232,1.25,85,218,303,214,214,0,89,5.5625,0.0,5.5625
scaled_fractile,2011-09-26,22386,2.08,0,398,398,665,398,267,0,0.0,166.608,166.608
scaled_fractile,2011-09-26,20685,7.95,58,14,72,95,72,23,0,0.0,54.855,54.855
scaled_fractile,2011-09-26,85099C,2.08,0,304,304,398,304,94,0,0.0,58.656,58.656
scaled_fractile,2011-09-26,20725,1.65,101,192,293,228,228,0,65,5.362500000000001,0.0,5.362500000000001
scaled_fractile,2011-09-26,79321,4.95,196,37,233,162,162,0,71,17.5725,0.0,17.5725
scaled_fractile,2011-09-26,21754,5.95,54,20,74,33,33,0,41,12.197500000000002,0.0,12.197500000000002
scaled_fractile,2011-09-26,21931,2.08,0,267,267,260,260,0,7,0.7280000000000001,0.0,0.7280000000000001
scaled_fractile,2011-10-03,22423,12.75,118,138,256,298,256,42,0,0.0,160.65,160.65
scaled_fractile,2011-10-03,85123A,2.95,366,410,776,157,157,0,619,91.30250000000001,0.0,91.30250000000001
scaled_fractile,2011-10-03,85099B,2.08,42,874,916,2496,916,1580,0,0.0,985.92,985.92
scaled_fractile,2011-10-03,84879,1.69,0,661,661,573,573,0,88,7.436,0.0,7.436
scaled_fractile,2011-10-03,22086,2.95,65,348,413,953,413,540,0,0.0,477.9,477.9
scaled_fractile,2011-10-03,47566,4.95,213,193,406,170,170,0,236,58.410000000000004,0.0,58.410000000000004
scaled_fractile,2011-10-03,84347,2.55,407,41,448,178,178,0,270,34.425000000000004,0.0,34.425000000000004
scaled_fractile,2011-10-03,48138,7.95,0,70,70,30,30,0,40,15.9,0.0,15.9
scaled_fractile,2011-10-03,21843,10.95,26,3,29,4,4,0,25,13.6875,0.0,13.6875
scaled_fractile,2011-10-03,21621,8.5,41,20,61,30,30,0,31,13.175,0.0,13.175
scaled_fractile,2011-10-03,85099F,2.08,154,207,361,1052,361,691,0,0.0,431.18399999999997,431.18399999999997
scaled_fractile,2011-10-03,15056N,5.95,55,46,101,22,22,0,79,23.5025,0.0,23.5025
scaled_fractile,2011-10-03,21232,1.25,89,215,304,67,67,0,237,14.8125,0.0,14.8125
scaled_fractile,2011-10-03,22386,2.08,0,415,415,1539,415,1124,0,0.0,701.376,701.376
scaled_fractile,2011-10-03,20685,7.95,0,69,69,36,36,0,33,13.117500000000001,0.0,13.117500000000001
scaled_fractile,2011-10-03,85099C,2.08,0,304,304,146,146,0,158,16.432,0.0,16.432
scaled_fractile,2011-10-03,20725,1.65,65,228,293,278,278,0,15,1.2375,0.0,1.2375
scaled_fractile,2011-10-03,79321,4.95,71,162,233,47,47,0,186,46.035000000000004,0.0,46.035000000000004
scaled_fractile,2011-10-03,21754,5.95,41,33,74,44,44,0,30,8.925,0.0,8.925
scaled_fractile,2011-10-03,21931,2.08,7,258,265,444,265,179,0,0.0,111.696,111.696
scaled_fractile,2011-10-10,22423,12.75,0,255,255,127,127,0,128,81.60000000000001,0.0,81.60000000000001
scaled_fractile,2011-10-10,85123A,2.95,619,179,798,599,599,0,199,29.352500000000006,0.0,29.352500000000006
scaled_fractile,2011-10-10,85099B,2.08,0,960,960,547,547,0,413,42.952000000000005,0.0,42.952000000000005
scaled_fractile,2011-10-10,84879,1.69,88,592,680,412,412,0,268,22.646,0.0,22.646
scaled_fractile,2011-10-10,22086,2.95,0,425,425,739,425,314,0,0.0,277.89,277.89
scaled_fractile,2011-10-10,47566,4.95,236,181,417,102,102,0,315,77.9625,0.0,77.9625
scaled_fractile,2011-10-10,84347,2.55,270,23,293,469,293,176,0,0.0,134.64,134.64
scaled_fractile,2011-10-10,48138,7.95,40,32,72,39,39,0,33,13.117500000000001,0.0,13.117500000000001
scaled_fractile,2011-10-10,21843,10.95,25,5,30,23,23,0,7,3.8324999999999996,0.0,3.8324999999999996
scaled_fractile,2011-10-10,21621,8.5,31,32,63,17,17,0,46,19.55,0.0,19.55
scaled_fractile,2011-10-10,85099F,2.08,0,382,382,51,51,0,331,34.424,0.0,34.424
scaled_fractile,2011-10-10,15056N,5.95,79,25,104,32,32,0,72,21.42,0.0,21.42
scaled_fractile,2011-10-10,21232,1.25,237,55,292,358,292,66,0,0.0,24.75,24.75
scaled_fractile,2011-10-10,22386,2.08,0,434,434,197,197,0,237,24.648000000000003,0.0,24.648000000000003
scaled_fractile,2011-10-10,20685,7.95,33,37,70,39,39,0,31,12.322500000000002,0.0,12.322500000000002
scaled_fractile,2011-10-10,85099C,2.08,158,155,313,210,210,0,103,10.712000000000002,0.0,10.712000000000002
scaled_fractile,2011-10-10,20725,1.65,15,287,302,383,302,81,0,0.0,40.095,40.095
scaled_fractile,2011-10-10,79321,4.95,186,28,214,150,150,0,64,15.840000000000002,0.0,15.840000000000002
scaled_fractile,2011-10-10,21754,5.95,30,46,76,18,18,0,58,17.255000000000003,0.0,17.255000000000003
scaled_fractile,2011-10-10,21931,2.08,0,275,275,143,143,0,132,13.728000000000002,0.0,13.728000000000002
scaled_fractile,2011-10-17,22423,12.75,128,124,252,89,89,0,163,103.91250000000001,0.0,103.91250000000001
scaled_fractile,2011-10-17,85123A,2.95,199,590,789,152,152,0,637,93.95750000000001,0.0,93.95750000000001
scaled_fractile,2011-10-17,85099B,2.08,413,519,932,725,725,0,207,21.528000000000002,0.0,21.528000000000002
scaled_fractile,2011-10-17,84879,1.69,268,401,669,740,669,71,0,0.0,35.997,35.997
scaled_fractile,2011-10-17,22086,2.95,0,520,520,698,520,178,0,0.0,157.53,157.53
scaled_fractile,2011-10-17,47566,4.95,315,97,412,203,203,0,209,51.7275,0.0,51.7275
scaled_fractile,2011-10-17,84347,2.55,0,330,330,400,330,70,0,0.0,53.55,53.55
scaled_fractile,2011-10-17,48138,7.95,33,37,70,16,16,0,54,21.465000000000003,0.0,21.465000000000003
scaled_fractile,2011-10-17,21843,10.95,7,22,29,4,4,0,25,13.6875,0.0,13.6875
scaled_fractile,2011-10-17,21621,8.5,46,16,62,35,35,0,27,11.475000000000001,0.0,11.475000000000001
scaled_fractile,2011-10-17,85099F,2.08,331,47,378,433,378,55,0,0.0,34.32,34.32
scaled_fractile,2011-10-17,15056N,5.95,72,31,103,19,19,0,84,24.990000000000002,0.0,24.990000000000002
scaled_fractile,2011-10-17,21232,1.25,0,265,265,139,139,0,126,7.875,0.0,7.875
scaled_fractile,2011-10-17,22386,2.08,237,185,422,334,334,0,88,9.152000000000001,0.0,9.152000000000001
scaled_fractile,2011-10-17,20685,7.95,31,39,70,12,12,0,58,23.055000000000003,0.0,23.055000000000003
scaled_fractile,2011-10-17,85099C,2.08,103,205,308,200,200,0,108,11.232000000000001,0.0,11.232000000000001
scaled_fractile,2011-10-17,20725,1.65,0,289,289,146,146,0,143,11.7975,0.0,11.7975
scaled_fractile,2011-10-17,79321,5.75,64,147,211,109,109,0,102,29.325000000000003,0.0,29.325000000000003
scaled_fractile,2011-10-17,21754,5.95,58,14,72,34,34,0,38,11.305,0.0,11.305
scaled_fractile,2011-10-17,21931,2.08,132,140,272,140,140,0,132,13.728000000000002,0.0,13.728000000000002
scaled_fractile,2011-10-24,22423,12.75,163,81,244,121,121,0,123,78.41250000000001,0.0,78.41250000000001
scaled_fractile,2011-10-24,85123A,2.95,637,162,799,369,369,0,430,63.425000000000004,0.0,63.425000000000004
scaled_fractile,2011-10-24,85099B,2.08,207,736,943,490,490,0,453,47.112,0.0,47.112
scaled_fractile,2011-10-24,84879,1.69,0,667,667,745,667,78,0,0.0,39.546,39.546
scaled_fractile,2011-10-24,22086,2.95,0,527,527,632,527,105,0,0.0,92.925,92.925
scaled_fractile,2011-10-24,47566,4.95,209,208,417,78,78,0,339,83.9025,0.0,83.9025
scaled_fractile,2011-10-24,84347,2.55,0,293,293,677,293,384,0,0.0,293.76,293.76
scaled_fractile,2011-10-24,48138,7.95,54,16,70,20,20,0,50,19.875,0.0,19.875
scaled_fractile,2011-10-24,21843,10.95,25,3,28,13,13,0,15,8.2125,0.0,8.2125
scaled_fractile,2011-10-24,21621,8.5,27,36,63,12,12,0,51,21.675,0.0,21.675
scaled_fractile,2011-10-24,85099F,2.08,0,383,383,30,30,0,353,36.712,0.0,36.712
scaled_fractile,2011-10-24,15056N,5.95,84,17,101,107,101,6,0,0.0,10.71,10.71
scaled_fractile,2011-10-24,21232,1.25,126,130,256,137,137,0,119,7.4375,0.0,7.4375
scaled_fractile,2011-10-24,22386,2.08,88,339,427,343,343,0,84,8.736,0.0,8.736
scaled_fractile,2011-10-24,20685,7.95,58,12,70,52,52,0,18,7.155,0.0,7.155
scaled_fractile,2011-10-24,85099C,2.08,108,204,312,391,312,79,0,0.0,49.296,49.296
scaled_fractile,2011-10-24,20725,1.65,143,149,292,234,234,0,58,4.784999999999999,0.0,4.784999999999999
scaled_fractile,2011-10-24,79321,5.75,102,112,214,431,214,217,0,0.0,374.325,374.325
scaled_fractile,2011-10-24,21754,5.95,38,35,73,48,48,0,25,7.4375,0.0,7.4375
scaled_fractile,2011-10-24,21931,2.08,132,144,276,242,242,0,34,3.536,0.0,3.536
scaled_fractile,2011-10-31,22423,12.75,123,101,224,236,224,12,0,0.0,45.9,45.9
scaled_fractile,2011-10-31,85123A,2.95,430,367,797,1691,797,894,0,0.0,791.19,791.19
scaled_fractile,2011-10-31,85099B,2.08,453,488,941,823,823,0,118,12.272,0.0,12.272
scaled_fractile,2011-10-31,84879,1.69,0,643,643,912,643,269,0,0.0,136.383,136.383
scaled_fractile,2011-10-31,22086,2.95,0,525,525,1717,525,1192,0,0.0,1054.92,1054.92
scaled_fractile,2011-10-31,47566,4.95,339,78,417,102,102,0,315,77.9625,0.0,77.9625
scaled_fractile,2011-10-31,84347,2.55,0,334,334,319,319,0,15,1.9125,0.0,1.9125
scaled_fractile,2011-10-31,48138,7.95,50,20,70,32,32,0,38,15.105000000000002,0.0,15.105000000000002
scaled_fractile,2011-10-31,21843,10.95,15,13,28,34,28,6,0,0.0,19.709999999999997,19.709999999999997
scaled_fractile,2011-10-31,21621,8.5,51,12,63,20,20,0,43,18.275000000000002,0.0,18.275000000000002
scaled_fractile,2011-10-31,85099F,2.08,353,29,382,193,193,0,189,19.656000000000002,0.0,19.656000000000002
scaled_fractile,2011-10-31,15056N,5.95,0,101,101,10,10,0,91,27.072500000000005,0.0,27.072500000000005
scaled_fractile,2011-10-31,21232,1.25,119,136,255,201,201,0,54,3.375,0.0,3.375
scaled_fractile,2011-10-31,22386,2.08,84,342,426,293,293,0,133,13.832,0.0,13.832
scaled_fractile,2011-10-31,20685,7.95,18,52,70,90,70,20,0,0.0,47.699999999999996,47.699999999999996
scaled_fractile,2011-10-31,85099C,2.08,0,311,311,90,90,0,221,22.984,0.0,22.984
scaled_fractile,2011-10-31,20725,1.65,58,234,292,223,223,0,69,5.6925,0.0,5.6925
scaled_fractile,2011-10-31,79321,5.75,0,240,240,166,166,0,74,21.275000000000002,0.0,21.275000000000002
scaled_fractile,2011-10-31,21754,5.95,25,36,61,58,58,0,3,0.8925000000000001,0.0,0.8925000000000001
scaled_fractile,2011-10-31,21931,2.08,34,241,275,245,245,0,30,3.1200000000000006,0.0,3.1200000000000006
scaled_fractile,2011-11-07,22423,12.75,0,227,227,157,157,0,70,44.625,0.0,44.625
scaled_fractile,2011-11-07,85123A,2.95,0,817,817,524,524,0,293,43.2175,0.0,43.2175
scaled_fractile,2011-11-07,85099B,2.08,118,838,956,2060,956,1104,0,0.0,688.8960000000001,688.8960000000001
scaled_fractile,2011-11-07,84879,1.69,0,653,653,1740,653,1087,0,0.0,551.1089999999999,551.1089999999999
scaled_fractile,2011-11-07,22086,2.95,0,533,533,1273,533,740,0,0.0,654.9,654.9
scaled_fractile,2011-11-07,47566,4.95,315,108,423,135,135,0,288,71.28000000000002,0.0,71.28000000000002
scaled_fractile,2011-11-07,84347,2.55,15,282,297,584,297,287,0,0.0,219.55499999999998,219.55499999999998
scaled_fractile,2011-11-07,48138,7.95,38,34,72,33,33,0,39,15.502500000000001,0.0,15.502500000000001
scaled_fractile,2011-11-07,21843,10.95,0,27,27,27,27,0,0,0.0,0.0,0.0
scaled_fractile,2011-11-07,21621,8.5,43,21,64,32,32,0,32,13.600000000000001,0.0,13.600000000000001
scaled_fractile,2011-11-07,85099F,2.08,189,199,388,301,301,0,87,9.048,0.0,9.048
scaled_fractile,2011-11-07,15056N,5.95,91,9,100,29,29,0,71,21.122500000000002,0.0,21.122500000000002
scaled_fractile,2011-11-07,21232,1.25,54,171,225,135,135,0,90,5.625,0.0,5.625
scaled_fractile,2011-11-07,22386,2.08,133,299,432,416,416,0,16,1.6640000000000001,0.0,1.6640000000000001
scaled_fractile,2011-11-07,20685,7.95,0,72,72,36,36,0,36,14.31,0.0,14.31
scaled_fractile,2011-11-07,85099C,2.08,221,95,316,253,253,0,63,6.552,0.0,6.552
scaled_fractile,2011-11-07,20725,1.65,69,208,277,526,277,249,0,0.0,123.25499999999998,123.25499999999998
scaled_fractile,2011-11-07,79321,5.75,74,169,243,482,243,239,0,0.0,412.275,412.275
scaled_fractile,2011-11-07,21754,5.95,3,51,54,30,30,0,24,7.140000000000001,0.0,7.140000000000001
scaled_fractile,2011-11-07,21931,2.08,30,249,279,404,279,125,0,0.0,78.0,78.0
scaled_fractile,2011-11-14,22423,12.75,70,155,225,148,148,0,77,49.087500000000006,0.0,49.087500000000006
scaled_fractile,2011-11-14,85123A,2.95,293,514,807,1172,807,365,0,0.0,323.025,323.025
scaled_fractile,2011-11-14,85099B,2.08,0,953,953,1562,953,609,0,0.0,380.016,380.016
scaled_fractile,2011-11-14,84879,1.69,0,651,651,1102,651,451,0,0.0,228.65699999999998,228.65699999999998
scaled_fractile,2011-11-14,22086,2.95,0,532,532,2149,532,1617,0,0.0,1431.045,1431.045
scaled_fractile,2011-11-14,47566,4.95,288,134,422,109,109,0,313,77.46750000000002,0.0,77.46750000000002
scaled_fractile,2011-11-14,84347,2.55,0,337,337,735,337,398,0,0.0,304.46999999999997,304.46999999999997
scaled_fractile,2011-11-14,48138,7.95,39,28,67,39,39,0,28,11.13,0.0,11.13
scaled_fractile,2011-11-14,21843,10.95,0,27,27,4,4,0,23,12.592500000000001,0.0,12.592500000000001
scaled_fractile,2011-11-14,21621,8.5,32,31,63,16,16,0,47,19.975,0.0,19.975
scaled_fractile,2011-11-14,85099F,2.08,87,289,376,196,196,0,180,18.720000000000002,0.0,18.720000000000002
scaled_fractile,2011-11-14,15056N,5.95,71,28,99,97,97,0,2,0.5950000000000001,0.0,0.5950000000000001
scaled_fractile,2011-11-14,21232,1.25,90,130,220,733,220,513,0,0.0,192.375,192.375
scaled_fractile,2011-11-14,22386,2.08,16,398,414,472,414,58,0,0.0,36.192,36.192
scaled_fractile,2011-11-14,20685,7.95,36,32,68,26,26,0,42,16.695000000000004,0.0,16.695000000000004
scaled_fractile,2011-11-14,85099C,2.08,63,251,314,620,314,306,0,0.0,190.944,190.944
scaled_fractile,2011-11-14,20725,1.65,0,305,305,449,305,144,0,0.0,71.28,71.28
scaled_fractile,2011-11-14,79321,5.75,0,243,243,381,243,138,0,0.0,238.04999999999998,238.04999999999998
scaled_fractile,2011-11-14,21754,5.95,24,30,54,58,54,4,0,0.0,7.14,7.14
scaled_fractile,2011-11-14,21931,2.08,0,278,278,149,149,0,129,13.416,0.0,13.416
scaled_fractile,2011-11-21,22423,12.75,77,146,223,173,173,0,50,31.875,0.0,31.875
scaled_fractile,2011-11-21,85123A,2.95,0,813,813,558,558,0,255,37.612500000000004,0.0,37.612500000000004
scaled_fractile,2011-11-21,85099B,2.08,0,968,968,727,727,0,241,25.064000000000004,0.0,25.064000000000004
scaled_fractile,2011-11-21,84879,1.69,0,650,650,957,650,307,0,0.0,155.64899999999997,155.64899999999997
scaled_fractile,2011-11-21,22086,2.95,0,531,531,1660,531,1129,0,0.0,999.165,999.165
scaled_fractile,2011-11-21,47566,4.95,313,108,421,451,421,30,0,0.0,44.55,44.55
scaled_fractile,2011-11-21,84347,2.55,0,337,337,1144,337,807,0,0.0,617.3549999999999,617.3549999999999
scaled_fractile,2011-11-21,48138,7.95,28,39,67,89,67,22,0,0.0,52.47,52.47
scaled_fractile,2011-11-21,21843,10.95,23,1,24,104,24,80,0,0.0,262.8,262.8
scaled_fractile,2011-11-21,21621,8.5,47,16,63,25,25,0,38,16.150000000000002,0.0,16.150000000000002
scaled_fractile,2011-11-21,85099F,2.08,180,195,375,52,52,0,323,33.592000000000006,0.0,33.592000000000006
scaled_fractile,2011-11-21,15056N,5.95,2,97,99,8,8,0,91,27.072500000000005,0.0,27.072500000000005
scaled_fractile,2011-11-21,21232,1.25,0,220,220,165,165,0,55,3.4375,0.0,3.4375
scaled_fractile,2011-11-21,22386,2.08,0,402,402,253,253,0,149,15.496000000000002,0.0,15.496000000000002
scaled_fractile,2011-11-21,20685,7.95,42,26,68,96,68,28,0,0.0,66.78,66.78
scaled_fractile,2011-11-21,85099C,2.08,0,314,314,203,203,0,111,11.544,0.0,11.544
scaled_fractile,2011-11-21,20725,1.65,0,305,305,256,256,0,49,4.0424999999999995,0.0,4.0424999999999995
scaled_fractile,2011-11-21,79321,5.75,0,246,246,959,246,713,0,0.0,1229.925,1229.925
scaled_fractile,2011-11-21,21754,5.95,0,51,51,58,51,7,0,0.0,12.495,12.495
scaled_fractile,2011-11-21,21931,2.08,129,149,278,209,209,0,69,7.176000000000001,0.0,7.176000000000001
scaled_fractile,2011-11-28,22423,12.75,50,169,219,197,197,0,22,14.025,0.0,14.025
scaled_fractile,2011-11-28,85123A,2.95,255,548,803,655,655,0,148,21.830000000000002,0.0,21.830000000000002
scaled_fractile,2011-11-28,85099B,2.08,241,724,965,1009,965,44,0,0.0,27.456000000000003,27.456000000000003
scaled_fractile,2011-11-28,84879,1.69,0,653,653,953,653,300,0,0.0,152.1,152.1
scaled_fractile,2011-11-28,22086,2.95,0,529,529,1518,529,989,0,0.0,875.265,875.265
scaled_fractile,2011-11-28,47566,4.95,0,419,419,101,101,0,318,78.70500000000001,0.0,78.70500000000001
scaled_fractile,2011-11-28,84347,2.55,0,336,336,687,336,351,0,0.0,268.515,268.515
scaled_fractile,2011-11-28,48138,7.95,0,66,66,35,35,0,31,12.322500000000002,0.0,12.322500000000002
scaled_fractile,2011-11-28,21843,10.95,0,27,27,42,27,15,0,0.0,49.275,49.275
scaled_fractile,2011-11-28,21621,8.5,38,25,63,33,33,0,30,12.75,0.0,12.75
scaled_fractile,2011-11-28,85099F,2.08,323,51,374,426,374,52,0,0.0,32.448,32.448
scaled_fractile,2011-11-28,15056N,5.95,91,8,99,30,30,0,69,20.527500000000003,0.0,20.527500000000003
scaled_fractile,2011-11-28,21232,1.25,55,163,218,379,218,161,0,0.0,60.375,60.375
scaled_fractile,2011-11-28,22386,2.08,149,252,401,416,401,15,0,0.0,9.360000000000001,9.360000000000001
scaled_fractile,2011-11-28,20685,7.95,0,68,68,95,68,27,0,0.0,64.395,64.395
scaled_fractile,2011-11-28,85099C,2.08,111,202,313,384,313,71,0,0.0,44.304,44.304
scaled_fractile,2011-11-28,20725,1.65,49,255,304,321,304,17,0,0.0,8.415,8.415
scaled_fractile,2011-11-28,79321,5.75,0,273,273,314,273,41,0,0.0,70.725,70.725
scaled_fractile,2011-11-28,21754,5.95,0,51,51,52,51,1,0,0.0,1.785,1.785
scaled_fractile,2011-11-28,21931,2.08,69,205,274,257,257,0,17,1.768,0.0,1.768
optimizer,2010-12-06,22423,12.75,0,432,432,785,432,353,0,0.0,1350.225,1350.225
optimizer,2010-12-06,85123A,2.95,0,1046,1046,1121,1046,75,0,0.0,66.375,66.375
optimizer,2010-12-06,85099B,1.95,0,905,905,842,842,0,63,6.1425,0.0,6.1425
optimizer,2010-12-06,84879,1.69,0,664,664,669,664,5,0,0.0,2.5349999999999997,2.5349999999999997
optimizer,2010-12-06,22086,2.95,0,128,128,1048,128,920,0,0.0,814.1999999999999,814.1999999999999
optimizer,2010-12-06,47566,4.65,0,262,262,144,144,0,118,27.435000000000002,0.0,27.435000000000002
optimizer,2010-12-06,84347,2.55,0,36,36,661,36,625,0,0.0,478.125,478.125
optimizer,2010-12-06,48138,7.49,0,156,156,87,87,0,69,25.840500000000006,0.0,25.840500000000006
optimizer,2010-12-06,21843,10.95,0,101,101,96,96,0,5,2.7375000000000003,0.0,2.7375000000000003
optimizer,2010-12-06,21621,8.5,0,107,107,23,23,0,84,35.7,0.0,35.7
optimizer,2010-12-06,85099F,1.95,0,356,356,162,162,0,194,18.915000000000003,0.0,18.915000000000003
optimizer,2010-12-06,15056N,5.95,0,161,161,29,29,0,132,39.27,0.0,39.27
optimizer,2010-12-06,21232,1.25,0,413,413,377,377,0,36,2.25,0.0,2.25
optimizer,2010-12-06,22386,1.95,0,327,327,260,260,0,67,6.532500000000001,0.0,6.532500000000001
optimizer,2010-12-06,20685,7.49,0,104,104,145,104,41,0,0.0,92.12700000000001,92.12700000000001
optimizer,2010-12-06,85099C,1.95,0,387,387,449,387,62,0,0.0,36.269999999999996,36.269999999999996
optimizer,2010-12-06,20725,1.65,0,318,318,233,233,0,85,7.0125,0.0,7.0125
optimizer,2010-12-06,79321,4.95,0,173,173,337,173,164,0,0.0,243.54000000000002,243.54000000000002
optimizer,2010-12-06,21754,5.95,0,109,109,127,109,18,0,0.0,32.13,32.13
optimizer,2010-12-06,21931,1.95,0,270,270,209,209,0,61,5.947500000000001,0.0,5.947500000000001
optimizer,2010-12-13,22423,12.75,0,449,449,370,370,0,79,50.362500000000004,0.0,50.362500000000004
optimizer,2010-12-13,85123A,2.95,0,1050,1050,935,935,0,115,16.962500000000002,0.0,16.962500000000002
optimizer,2010-12-13,85099B,1.95,63,816,879,407,407,0,472,46.02,0.0,46.02
optimizer,2010-12-13,84879,1.69,0,669,669,614,614,0,55,4.6475,0.0,4.6475
optimizer,2010-12-13,22086,2.95,0,136,136,597,136,461,0,0.0,407.985,407.985
optimizer,2010-12-13,47566,4.65,118,144,262,28,28,0,234,54.40500000000001,0.0,54.40500000000001
optimizer,2010-12-13,84347,2.55,0,36,36,765,36,729,0,0.0,557.685,557.685
optimizer,2010-12-13,48138,7.49,69,87,156,51,51,0,105,39.322500000000005,0.0,39.322500000000005
optimizer,2010-12-13,21843,10.95,5,91,96,51,51,0,45,24.6375,0.0,24.6375
optimizer,2010-12-13,21621,8.5,84,23,107,21,21,0,86,36.550000000000004,0.0,36.550000000000004
optimizer,2010-12-13,85099F,1.95,194,143,337,229,229,0,108,10.530000000000001,0.0,10.530000000000001
optimizer,2010-12-13,15056N,5.95,132,25,157,14,14,0,143,42.542500000000004,0.0,42.542500000000004
optimizer,2010-12-13,21232,1.25,36,377,413,312,312,0,101,6.3125,0.0,6.3125
optimizer,2010-12-13,22386,1.95,67,260,327,97,97,0,230,22.425,0.0,22.425
optimizer,2010-12-13,20685,7.49,0,104,104,58,58,0,46,17.227,0.0,17.227
optimizer,2010-12-13,85099C,1.95,0,387,387,127,127,0,260,25.35,0.0,25.35
optimizer,2010-12-13,20725,1.65,85,235,320,177,177,0,143,11.7975,0.0,11.7975
optimizer,2010-12-13,79321,4.95,0,173,173,589,173,416,0,0.0,617.7600000000001,617.7600000000001
optimizer,2010-12-13,21754,5.95,0,109,109,69,69,0,40,11.9,0.0,11.9
optimizer,2010-12-13,21931,1.95,61,227,288,174,174,0,114,11.115,0.0,11.115
optimizer,2010-12-20,22423,12.75,79,370,449,174,174,0,275,175.3125,0.0,175.3125
optimizer,2010-12-20,85123A,2.95,115,931,1046,174,174,0,872,128.62,0.0,128.62
optimizer,2010-12-20,85099B,1.95,472,407,879,170,170,0,709,69.1275,0.0,69.1275
optimizer,2010-12-20,84879,1.69,55,609,664,16,16,0,648,54.756,0.0,54.756
optimizer,2010-12-20,22086,2.95,0,136,136,125,125,0,11,1.6225000000000003,0.0,1.6225000000000003
optimizer,2010-12-20,47566,4.65,234,28,262,24,24,0,238,55.33500000000001,0.0,55.33500000000001
optimizer,2010-12-20,84347,2.55,0,47,47,184,47,137,0,0.0,104.80499999999999,104.80499999999999
optimizer,2010-12-20,48138,7.49,105,51,156,7,7,0,149,55.8005,0.0,55.8005
optimizer,2010-12-20,21843,10.95,45,51,96,10,10,0,86,47.085,0.0,47.085
optimizer,2010-12-20,21621,8.5,86,21,107,15,15,0,92,39.1,0.0,39.1
optimizer,2010-12-20,85099F,1.95,108,247,355,11,11,0,344,33.54,0.0,33.54
optimizer,2010-12-20,15056N,5.95,143,14,157,32,32,0,125,37.1875,0.0,37.1875
optimizer,2010-12-20,21232,1.25,101,309,410,47,47,0,363,22.6875,0.0,22.6875
optimizer,2010-12-20,22386,1.95,230,98,328,9,9,0,319,31.1025,0.0,31.1025
optimizer,2010-12-20,20685,7.49,46,58,104,18,18,0,86,32.207,0.0,32.207
optimizer,2010-12-20,85099C,1.95,260,127,387,117,117,0,270,26.325000000000003,0.0,26.325000000000003
optimizer,2010-12-20,20725,1.65,143,177,320,44,44,0,276,22.77,0.0,22.77
optimizer,2010-12-20,79321,4.95,0,175,175,60,60,0,115,28.462500000000002,0.0,28.462500000000002
optimizer,2010-12-20,21754,5.95,40,67,107,13,13,0,94,27.965000000000003,0.0,27.965000000000003
optimizer,2010-12-20,21931,1.95,114,156,270,61,61,0,209,20.3775,0.0,20.3775
optimizer,2010-12-27,22423,12.75,275,174,449,0,0,0,449,286.2375,0.0,286.2375
optimizer,2010-12-27,85123A,2.95,872,174,1046,0,0,0,1046,154.28500000000003,0.0,154.28500000000003
optimizer,2010-12-27,85099B,1.95,709,168,877,0,0,0,877,85.5075,0.0,85.5075
optimizer,2010-12-27,84879,1.69,648,16,664,0,0,0,664,56.108,0.0,56.108
optimizer,2010-12-27,22086,2.95,11,125,136,0,0,0,136,20.060000000000002,0.0,20.060000000000002
optimizer,2010-12-27,47566,4.65,238,24,262,0,0,0,262,60.91500000000001,0.0,60.91500000000001
optimizer,2010-12-27,84347,2.55,0,60,60,0,0,0,60,7.65,0.0,7.65
optimizer,2010-12-27,48138,7.49,149,7,156,0,0,0,156,58.422000000000004,0.0,58.422000000000004
optimizer,2010-12-27,21843,10.95,86,10,96,0,0,0,96,52.559999999999995,0.0,52.559999999999995
optimizer,2010-12-27,21621,8.5,92,15,107,0,0,0,107,45.475,0.0,45.475
optimizer,2010-12-27,85099F,1.95,344,0,344,0,0,0,344,33.54,0.0,33.54
optimizer,2010-12-27,15056N,5.95,125,32,157,0,0,0,157,46.7075,0.0,46.7075
optimizer,2010-12-27,21232,1.25,363,47,410,0,0,0,410,25.625,0.0,25.625
optimizer,2010-12-27,22386,1.95,319,9,328,0,0,0,328,31.980000000000004,0.0,31.980000000000004
optimizer,2010-12-27,20685,7.49,86,18,104,0,0,0,104,38.94800000000001,0.0,38.94800000000001
optimizer,2010-12-27,85099C,1.95,270,117,387,0,0,0,387,37.7325,0.0,37.7325
optimizer,2010-12-27,20725,1.65,276,44,320,0,0,0,320,26.400000000000002,0.0,26.400000000000002
optimizer,2010-12-27,79321,4.95,115,60,175,0,0,0,175,43.3125,0.0,43.3125
optimizer,2010-12-27,21754,5.95,94,13,107,0,0,0,107,31.8325,0.0,31.8325
optimizer,2010-12-27,21931,1.95,209,61,270,0,0,0,270,26.325000000000003,0.0,26.325000000000003
optimizer,2011-01-03,22423,12.75,449,0,449,245,245,0,204,130.05,0.0,130.05
optimizer,2011-01-03,85123A,2.95,1046,0,1046,967,967,0,79,11.652500000000002,0.0,11.652500000000002
optimizer,2011-01-03,85099B,1.95,877,0,877,1254,877,377,0,0.0,220.545,220.545
optimizer,2011-01-03,84879,1.69,664,0,664,480,480,0,184,15.548,0.0,15.548
optimizer,2011-01-03,22086,2.95,136,0,136,16,16,0,120,17.7,0.0,17.7
optimizer,2011-01-03,47566,4.65,262,0,262,145,145,0,117,27.202500000000004,0.0,27.202500000000004
optimizer,2011-01-03,84347,2.55,60,0,60,9,9,0,51,6.5024999999999995,0.0,6.5024999999999995
optimizer,2011-01-03,48138,7.49,156,0,156,43,43,0,113,42.3185,0.0,42.3185
optimizer,2011-01-03,21843,10.95,96,0,96,21,21,0,75,41.0625,0.0,41.0625
optimizer,2011-01-03,21621,8.5,107,0,107,40,40,0,67,28.475,0.0,28.475
optimizer,2011-01-03,85099F,1.95,344,0,344,703,344,359,0,0.0,210.015,210.015
optimizer,2011-01-03,15056N,5.95,157,0,157,18,18,0,139,41.352500000000006,0.0,41.352500000000006
optimizer,2011-01-03,21232,1.25,410,0,410,124,124,0,286,17.875,0.0,17.875
optimizer,2011-01-03,22386,1.95,328,0,328,513,328,185,0,0.0,108.225,108.225
optimizer,2011-01-03,20685,7.49,104,0,104,36,36,0,68,25.466,0.0,25.466
optimizer,2011-01-03,85099C,1.95,387,0,387,477,387,90,0,0.0,52.65,52.65
optimizer,2011-01-03,20725,1.65,320,0,320,318,318,0,2,0.165,0.0,0.165
optimizer,2011-01-03,79321,4.95,175,0,175,861,175,686,0,0.0,1018.71,1018.71
optimizer,2011-01-03,21754,5.95,107,0,107,102,102,0,5,1.4875,0.0,1.4875
optimizer,2011-01-03,21931,1.95,270,0,270,216,216,0,54,5.265000000000001,0.0,5.265000000000001
optimizer,2011-01-10,22423,12.75,204,245,449,161,161,0,288,183.60000000000002,0.0,183.60000000000002
optimizer,2011-01-10,85123A,2.95,79,948,1027,3329,1027,2302,0,0.0,2037.27,2037.27
optimizer,2011-01-10,85099B,1.95,0,879,879,185,185,0,694,67.665,0.0,67.665
optimizer,2011-01-10,84879,1.69,184,464,648,402,402,0,246,20.787000000000003,0.0,20.787000000000003
optimizer,2011-01-10,22086,2.95,120,16,136,6,6,0,130,19.175,0.0,19.175
optimizer,2011-01-10,47566,4.65,117,145,262,65,65,0,197,45.80250000000001,0.0,45.80250000000001
optimizer,2011-01-10,84347,2.55,51,9,60,13,13,0,47,5.9925,0.0,5.9925
optimizer,2011-01-10,48138,7.49,113,38,151,11,11,0,140,52.43000000000001,0.0,52.43000000000001
optimizer,2011-01-10,21843,10.95,75,17,92,7,7,0,85,46.537499999999994,0.0,46.537499999999994
optimizer,2011-01-10,21621,8.5,67,40,107,338,107,231,0,0.0,589.05,589.05
optimizer,2011-01-10,85099F,1.95,0,356,356,349,349,0,7,0.6825000000000001,0.0,0.6825000000000001
optimizer,2011-01-10,15056N,5.95,139,15,154,55,55,0,99,29.452500000000004,0.0,29.452500000000004
optimizer,2011-01-10,21232,1.25,286,123,409,28,28,0,381,23.8125,0.0,23.8125
optimizer,2011-01-10,22386,1.95,0,328,328,323,323,0,5,0.48750000000000004,0.0,0.48750000000000004
optimizer,2011-01-10,20685,7.49,68,36,104,22,22,0,82,30.709000000000003,0.0,30.709000000000003
optimizer,2011-01-10,85099C,1.95,0,387,387,76,76,0,311,30.322499999999998,0.0,30.322499999999998
optimizer,2011-01-10,20725,1.65,2,318,320,282,282,0,38,3.135,0.0,3.135
optimizer,2011-01-10,79321,4.95,0,216,216,175,175,0,41,10.1475,0.0,10.1475
optimizer,2011-01-10,21754,5.95,5,102,107,70,70,0,37,11.0075,0.0,11.0075
optimizer,2011-01-10,21931,1.95,54,209,263,281,263,18,0,0.0,10.53,10.53
optimizer,2011-01-17,22423,12.75,288,161,449,107,107,0,342,218.025,0.0,218.025
optimizer,2011-01-17,85123A,2.95,0,1046,1046,400,400,0,646,95.28500000000001,0.0,95.28500000000001
optimizer,2011-01-17,85099B,1.95,694,148,842,274,274,0,568,55.379999999999995,0.0,55.379999999999995
optimizer,2011-01-17,84879,1.69,246,414,660,139,139,0,521,44.0245,0.0,44.0245
optimizer,2011-01-17,22086,2.95,130,6,136,2,2,0,134,19.765,0.0,19.765
optimizer,2011-01-17,47566,4.65,197,65,262,64,64,0,198,46.035000000000004,0.0,46.035000000000004
optimizer,2011-01-17,84347,2.55,47,13,60,11,11,0,49,6.2475,0.0,6.2475
optimizer,2011-01-17,48138,7.49,140,10,150,44,44,0,106,39.697,0.0,39.697
optimizer,2011-01-17,21843,10.95,85,7,92,10,10,0,82,44.895,0.0,44.895
optimizer,2011-01-17,21621,8.5,0,107,107,18,18,0,89,37.825,0.0,37.825
optimizer,2011-01-17,85099F,1.95,7,349,356,139,139,0,217,21.1575,0.0,21.1575
optimizer,2011-01-17,15056N,5.95,99,55,154,20,20,0,134,39.86500000000001,0.0,39.86500000000001
optimizer,2011-01-17,21232,1.25,381,28,409,124,124,0,285,17.8125,0.0,17.8125
optimizer,2011-01-17,22386,1.95,5,323,328,73,73,0,255,24.8625,0.0,24.8625
optimizer,2011-01-17,20685,7.49,82,22,104,80,80,0,24,8.988,0.0,8.988
optimizer,2011-01-17,85099C,1.95,311,76,387,58,58,0,329,32.0775,0.0,32.0775
optimizer,2011-01-17,20725,1.65,38,282,320,128,128,0,192,15.839999999999998,0.0,15.839999999999998
optimizer,2011-01-17,79321,4.95,41,175,216,161,161,0,55,13.6125,0.0,13.6125
optimizer,2011-01-17,21754,5.95,37,70,107,45,45,0,62,18.445000000000004,0.0,18.445000000000004
optimizer,2011-01-17,21931,1.95,0,270,270,80,80,0,190,18.525000000000002,0.0,18.525000000000002
optimizer,2011-01-24,22423,12.75,342,107,449,130,130,0,319,203.3625,0.0,203.3625
optimizer,2011-01-24,85123A,2.95,646,400,1046,522,522,0,524,77.29000000000002,0.0,77.29000000000002
optimizer,2011-01-24,85099B,1.95,568,290,858,482,482,0,376,36.66,0.0,36.66
optimizer,2011-01-24,84879,1.69,521,127,648,344,344,0,304,25.688000000000002,0.0,25.688000000000002
optimizer,2011-01-24,22086,2.95,134,2,136,0,0,0,136,20.060000000000002,0.0,20.060000000000002
optimizer,2011-01-24,47566,4.65,198,64,262,141,141,0,121,28.132500000000007,0.0,28.132500000000007
optimizer,2011-01-24,84347,2.55,49,11,60,1,1,0,59,7.5225,0.0,7.5225
optimizer,2011-01-24,48138,7.49,106,44,150,101,101,0,49,18.3505,0.0,18.3505
optimizer,2011-01-24,21843,10.95,82,10,92,23,23,0,69,37.777499999999996,0.0,37.777499999999996
optimizer,2011-01-24,21621,8.5,89,18,107,27,27,0,80,34.0,0.0,34.0
optimizer,2011-01-24,85099F,1.95,217,139,356,93,93,0,263,25.642500000000002,0.0,25.642500000000002
optimizer,2011-01-24,15056N,5.95,134,20,154,36,36,0,118,35.105000000000004,0.0,35.105000000000004
optimizer,2011-01-24,21232,1.25,285,108,393,158,158,0,235,14.6875,0.0,14.6875
optimizer,2011-01-24,22386,1.95,255,76,331,189,189,0,142,13.844999999999999,0.0,13.844999999999999
optimizer,2011-01-24,20685,7.49,24,80,104,127,104,23,0,0.0,51.681000000000004,51.681000000000004
optimizer,2011-01-24,85099C,1.95,329,58,387,211,211,0,176,17.16,0.0,17.16
optimizer,2011-01-24,20725,1.65,192,126,318,161,161,0,157,12.9525,0.0,12.9525
optimizer,2011-01-24,79321,4.95,55,161,216,105,105,0,111,27.472500000000004,0.0,27.472500000000004
optimizer,2011-01-24,21754,5.95,62,45,107,71,71,0,36,10.71,0.0,10.71
optimizer,2011-01-24,21931,1.95,190,91,281,259,259,0,22,2.145,0.0,2.145
optimizer,2011-01-31,22423,12.75,319,130,449,103,103,0,346,220.57500000000002,0.0,220.57500000000002
optimizer,2011-01-31,85123A,2.95,524,518,1042,550,550,0,492,72.57000000000001,0.0,72.57000000000001
optimizer,2011-01-31,85099B,1.95,376,502,878,945,878,67,0,0.0,39.195,39.195
optimizer,2011-01-31,84879,1.69,304,344,648,705,648,57,0,0.0,28.898999999999997,28.898999999999997
optimizer,2011-01-31,22086,2.95,136,0,136,0,0,0,136,20.060000000000002,0.0,20.060000000000002
optimizer,2011-01-31,47566,4.65,121,141,262,232,232,0,30,6.9750000000000005,0.0,6.9750000000000005
optimizer,2011-01-31,84347,2.55,59,1,60,12,12,0,48,6.12,0.0,6.12
optimizer,2011-01-31,48138,7.49,49,94,143,41,41,0,102,38.199000000000005,0.0,38.199000000000005
optimizer,2011-01-31,21843,10.95,69,23,92,14,14,0,78,42.705,0.0,42.705
optimizer,2011-01-31,21621,8.5,80,27,107,49,49,0,58,24.650000000000002,0.0,24.650000000000002
optimizer,2011-01-31,85099F,1.95,263,93,356,381,356,25,0,0.0,14.625,14.625
optimizer,2011-01-31,15056N,5.95,118,36,154,16,16,0,138,41.05500000000001,0.0,41.05500000000001
optimizer,2011-01-31,21232,1.25,235,151,386,154,154,0,232,14.5,0.0,14.5
optimizer,2011-01-31,22386,1.95,142,189,331,225,225,0,106,10.335,0.0,10.335
optimizer,2011-01-31,20685,7.49,0,104,104,54,54,0,50,18.725,0.0,18.725
optimizer,2011-01-31,85099C,1.95,176,211,387,226,226,0,161,15.6975,0.0,15.6975
optimizer,2011-01-31,20725,1.65,157,161,318,347,318,29,0,0.0,14.354999999999999,14.354999999999999
optimizer,2011-01-31,79321,4.95,111,105,216,99,99,0,117,28.9575,0.0,28.9575
optimizer,2011-01-31,21754,5.95,36,69,105,71,71,0,34,10.115000000000002,0.0,10.115000000000002
optimizer,2011-01-31,21931,1.95,22,259,281,127,127,0,154,15.015,0.0,15.015
optimizer,2011-02-07,22423,12.75,346,103,449,133,133,0,316,201.45000000000002,0.0,201.45000000000002
optimizer,2011-02-07,85123A,2.95,492,543,1035,503,503,0,532,78.47000000000001,0.0,78.47000000000001
optimizer,2011-02-07,85099B,1.95,0,905,905,278,278,0,627,61.13249999999999,0.0,61.13249999999999
optimizer,2011-02-07,84879,1.69,0,648,648,160,160,0,488,41.236000000000004,0.0,41.236000000000004
optimizer,2011-02-07,22086,2.95,136,0,136,0,0,0,136,20.060000000000002,0.0,20.060000000000002
optimizer,2011-02-07,47566,4.65,30,232,262,183,183,0,79,18.367500000000003,0.0,18.367500000000003
optimizer,2011-02-07,84347,2.55,48,12,60,11,11,0,49,6.2475,0.0,6.2475
optimizer,2011-02-07,48138,7.49,102,41,143,37,37,0,106,39.697,0.0,39.697
optimizer,2011-02-07,21843,10.95,78,4,82,40,40,0,42,22.995,0.0,22.995
optimizer,2011-02-07,21621,8.5,58,49,107,28,28,0,79,33.575,0.0,33.575
optimizer,2011-02-07,85099F,1.95,0,359,359,70,70,0,289,28.1775,0.0,28.1775
optimizer,2011-02-07,15056N,5.95,138,16,154,197,154,43,0,0.0,76.755,76.755
optimizer,2011-02-07,21232,1.25,232,154,386,101,101,0,285,17.8125,0.0,17.8125
optimizer,2011-02-07,22386,1.95,106,221,327,95,95,0,232,22.62,0.0,22.62
optimizer,2011-02-07,20685,7.49,50,54,104,28,28,0,76,28.462000000000003,0.0,28.462000000000003
optimizer,2011-02-07,85099C,1.95,161,226,387,69,69,0,318,31.005000000000003,0.0,31.005000000000003
optimizer,2011-02-07,20725,1.65,0,320,320,155,155,0,165,13.6125,0.0,13.6125
optimizer,2011-02-07,79321,4.95,117,99,216,192,192,0,24,5.940000000000001,0.0,5.940000000000001
optimizer,2011-02-07,21754,5.95,34,71,105,60,60,0,45,13.387500000000001,0.0,13.387500000000001
optimizer,2011-02-07,21931,1.95,154,116,270,230,230,0,40,3.9000000000000004,0.0,3.9000000000000004
optimizer,2011-02-14,22423,12.75,316,133,449,301,301,0,148,94.35000000000001,0.0,94.35000000000001
optimizer,2011-02-14,85123A,2.95,532,500,1032,327,327,0,705,103.98750000000001,0.0,103.98750000000001
optimizer,2011-02-14,85099B,1.95,627,278,905,973,905,68,0,0.0,39.779999999999994,39.779999999999994
optimizer,2011-02-14,84879,1.69,488,160,648,564,564,0,84,7.098000000000001,0.0,7.098000000000001
optimizer,2011-02-14,22086,2.95,136,0,136,2,2,0,134,19.765,0.0,19.765
optimizer,2011-02-14,47566,4.65,79,183,262,180,180,0,82,19.065,0.0,19.065
optimizer,2011-02-14,84347,2.55,49,11,60,5,5,0,55,7.0125,0.0,7.0125
optimizer,2011-02-14,48138,7.49,106,37,143,67,67,0,76,28.462000000000003,0.0,28.462000000000003
optimizer,2011-02-14,21843,10.95,42,40,82,11,11,0,71,38.8725,0.0,38.8725
optimizer,2011-02-14,21621,8.5,79,28,107,135,107,28,0,0.0,71.39999999999999,71.39999999999999
optimizer,2011-02-14,85099F,1.95,289,70,359,236,236,0,123,11.9925,0.0,11.9925
optimizer,2011-02-14,15056N,5.95,0,157,157,25,25,0,132,39.27,0.0,39.27
optimizer,2011-02-14,21232,1.25,285,101,386,110,110,0,276,17.25,0.0,17.25
optimizer,2011-02-14,22386,1.95,232,95,327,409,327,82,0,0.0,47.97,47.97
optimizer,2011-02-14,20685,7.49,76,28,104,31,31,0,73,27.3385,0.0,27.3385
optimizer,2011-02-14,85099C,1.95,318,69,387,448,387,61,0,0.0,35.685,35.685
optimizer,2011-02-14,20725,1.65,165,155,320,249,249,0,71,5.8575,0.0,5.8575
optimizer,2011-02-14,79321,4.95,24,192,216,233,216,17,0,0.0,25.245,25.245
optimizer,2011-02-14,21754,5.95,45,60,105,46,46,0,59,17.552500000000002,0.0,17.552500000000002
optimizer,2011-02-14,21931,1.95,40,230,270,500,270,230,0,0.0,134.54999999999998,134.54999999999998
optimizer,2011-02-21,22423,12.75,148,301,449,120,120,0,329,209.7375,0.0,209.7375
optimizer,2011-02-21,85123A,2.95,705,329,1034,327,327,0,707,104.28250000000001,0.0,104.28250000000001
optimizer,2011-02-21,85099B,1.95,0,905,905,600,600,0,305,29.7375,0.0,29.7375
optimizer,2011-02-21,84879,1.69,84,564,648,328,328,0,320,27.04,0.0,27.04
optimizer,2011-02-21,22086,2.95,134,2,136,2,2,0,134,19.765,0.0,19.765
optimizer,2011-02-21,47566,4.65,82,180,262,157,157,0,105,24.412500000000005,0.0,24.412500000000005
optimizer,2011-02-21,84347,2.55,55,5,60,6,6,0,54,6.885,0.0,6.885
optimizer,2011-02-21,48138,7.49,76,62,138,57,57,0,81,30.334500000000006,0.0,30.334500000000006
optimizer,2011-02-21,21843,10.95,71,11,82,18,18,0,64,35.04,0.0,35.04
optimizer,2011-02-21,21621,8.5,0,113,113,127,113,14,0,0.0,35.699999999999996,35.699999999999996
optimizer,2011-02-21,85099F,1.95,123,233,356,76,76,0,280,27.3,0.0,27.3
optimizer,2011-02-21,15056N,5.95,132,25,157,18,18,0,139,41.352500000000006,0.0,41.352500000000006
optimizer,2011-02-21,21232,1.25,276,110,386,439,386,53,0,0.0,19.875,19.875
optimizer,2011-02-21,22386,1.95,0,327,327,160,160,0,167,16.2825,0.0,16.2825
optimizer,2011-02-21,20685,7.49,73,29,102,35,35,0,67,25.091500000000003,0.0,25.091500000000003
optimizer,2011-02-21,85099C,1.95,0,387,387,84,84,0,303,29.542500000000004,0.0,29.542500000000004
optimizer,2011-02-21,20725,1.65,71,247,318,259,259,0,59,4.8675,0.0,4.8675
optimizer,2011-02-21,79321,4.95,0,220,220,75,75,0,145,35.8875,0.0,35.8875
optimizer,2011-02-21,21754,5.95,59,46,105,75,75,0,30,8.925,0.0,8.925
optimizer,2011-02-21,21931,1.95,0,270,270,164,164,0,106,10.335,0.0,10.335
optimizer,2011-02-28,22423,12.75,329,120,449,313,313,0,136,86.7,0.0,86.7
optimizer,2011-02-28,85123A,2.95,707,323,1030,368,368,0,662,97.64500000000001,0.0,97.64500000000001
optimizer,2011-02-28,85099B,1.95,305,600,905,574,574,0,331,32.2725,0.0,32.2725
optimizer,2011-02-28,84879,1.69,320,328,648,181,181,0,467,39.4615,0.0,39.4615
optimizer,2011-02-28,22086,2.95,134,2,136,45,45,0,91,13.4225,0.0,13.4225
optimizer,2011-02-28,47566,4.65,105,157,262,241,241,0,21,4.8825,0.0,4.8825
optimizer,2011-02-28,84347,2.55,54,6,60,3,3,0,57,7.2675,0.0,7.2675
optimizer,2011-02-28,48138,7.49,81,57,138,50,50,0,88,32.956,0.0,32.956
optimizer,2011-02-28,21843,10.95,64,17,81,31,31,0,50,27.375,0.0,27.375
optimizer,2011-02-28,21621,8.5,0,125,125,305,125,180,0,0.0,459.0,459.0
optimizer,2011-02-28,85099F,1.95,280,76,356,265,265,0,91,8.8725,0.0,8.8725
optimizer,2011-02-28,15056N,5.95,139,15,154,88,88,0,66,19.635,0.0,19.635
optimizer,2011-02-28,21232,1.25,0,386,386,306,306,0,80,5.0,0.0,5.0
optimizer,2011-02-28,22386,1.95,167,159,326,154,154,0,172,16.77,0.0,16.77
optimizer,2011-02-28,20685,7.49,67,32,99,41,41,0,58,21.721000000000004,0.0,21.721000000000004
optimizer,2011-02-28,85099C,1.95,303,84,387,98,98,0,289,28.1775,0.0,28.1775
optimizer,2011-02-28,20725,1.65,59,259,318,155,155,0,163,13.4475,0.0,13.4475
optimizer,2011-02-28,79321,4.95,145,75,220,39,39,0,181,44.79750000000001,0.0,44.79750000000001
optimizer,2011-02-28,21754,5.95,30,75,105,59,59,0,46,13.685,0.0,13.685
optimizer,2011-02-28,21931,1.95,106,164,270,163,163,0,107,10.432500000000001,0.0,10.432500000000001
optimizer,2011-03-07,22423,12.75,136,313,449,185,185,0,264,168.3,0.0,168.3
optimizer,2011-03-07,85123A,2.95,662,380,1042,430,430,0,612,90.27000000000001,0.0,90.27000000000001
optimizer,2011-03-07,85099B,1.95,331,574,905,698,698,0,207,20.1825,0.0,20.1825
optimizer,2011-03-07,84879,1.69,467,197,664,610,610,0,54,4.563,0.0,4.563
optimizer,2011-03-07,22086,2.95,91,45,136,1,1,0,135,19.9125,0.0,19.9125
optimizer,2011-03-07,47566,4.65,21,241,262,189,189,0,73,16.972500000000004,0.0,16.972500000000004
optimizer,2011-03-07,84347,2.55,57,3,60,2,2,0,58,7.395,0.0,7.395
optimizer,2011-03-07,48138,7.49,88,50,138,73,73,0,65,24.3425,0.0,24.3425
optimizer,2011-03-07,21843,10.95,50,31,81,7,7,0,74,40.515,0.0,40.515
optimizer,2011-03-07,21621,8.5,0,127,127,81,81,0,46,19.55,0.0,19.55
optimizer,2011-03-07,85099F,1.95,91,258,349,381,349,32,0,0.0,18.72,18.72
optimizer,2011-03-07,15056N,5.95,66,82,148,85,85,0,63,18.742500000000003,0.0,18.742500000000003
optimizer,2011-03-07,21232,1.25,80,297,377,304,304,0,73,4.5625,0.0,4.5625
optimizer,2011-03-07,22386,1.95,172,154,326,354,326,28,0,0.0,16.38,16.38
optimizer,2011-03-07,20685,7.49,58,41,99,76,76,0,23,8.6135,0.0,8.6135
optimizer,2011-03-07,85099C,1.95,289,83,372,265,265,0,107,10.432500000000001,0.0,10.432500000000001
optimizer,2011-03-07,20725,1.65,163,155,318,98,98,0,220,18.150000000000002,0.0,18.150000000000002
optimizer,2011-03-07,79321,4.95,181,39,220,234,220,14,0,0.0,20.79,20.79
optimizer,2011-03-07,21754,5.95,46,56,102,60,60,0,42,12.495000000000001,0.0,12.495000000000001
optimizer,2011-03-07,21931,1.95,107,173,280,87,87,0,193,18.8175,0.0,18.8175
optimizer,2011-03-14,22423,12.75,264,185,449,260,260,0,189,120.48750000000001,0.0,120.48750000000001
optimizer,2011-03-14,85123A,2.95,612,430,1042,446,446,0,596,87.91000000000001,0.0,87.91000000000001
optimizer,2011-03-14,85099B,1.95,207,711,918,1546,918,628,0,0.0,367.37999999999994,367.37999999999994
optimizer,2011-03-14,84879,1.69,54,594,648,955,648,307,0,0.0,155.64899999999997,155.64899999999997
optimizer,2011-03-14,22086,2.95,135,1,136,0,0,0,136,20.060000000000002,0.0,20.060000000000002
optimizer,2011-03-14,47566,4.65,73,168,241,594,241,353,0,0.0,492.435,492.435
optimizer,2011-03-14,84347,2.55,58,3,61,5,5,0,56,7.14,0.0,7.14
optimizer,2011-03-14,48138,7.49,65,68,133,72,72,0,61,22.8445,0.0,22.8445
optimizer,2011-03-14,21843,10.95,74,7,81,32,32,0,49,26.8275,0.0,26.8275
optimizer,2011-03-14,21621,8.5,46,81,127,11,11,0,116,49.300000000000004,0.0,49.300000000000004
optimizer,2011-03-14,85099F,1.95,0,359,359,1012,359,653,0,0.0,382.00499999999994,382.00499999999994
optimizer,2011-03-14,15056N,5.95,63,85,148,182,148,34,0,0.0,60.69,60.69
optimizer,2011-03-14,21232,1.25,73,308,381,74,74,0,307,19.1875,0.0,19.1875
optimizer,2011-03-14,22386,1.95,0,331,331,1083,331,752,0,0.0,439.91999999999996,439.91999999999996
optimizer,2011-03-14,20685,7.49,23,76,99,33,33,0,66,24.717000000000002,0.0,24.717000000000002
optimizer,2011-03-14,85099C,1.95,107,280,387,697,387,310,0,0.0,181.35,181.35
optimizer,2011-03-14,20725,1.65,220,95,315,268,268,0,47,3.8775,0.0,3.8775
optimizer,2011-03-14,79321,4.95,0,228,228,108,108,0,120,29.700000000000003,0.0,29.700000000000003
optimizer,2011-03-14,21754,5.95,42,59,101,53,53,0,48,14.280000000000001,0.0,14.280000000000001
optimizer,2011-03-14,21931,1.95,193,77,270,248,248,0,22,2.145,0.0,2.145
optimizer,2011-03-21,22423,12.75,189,260,449,315,315,0,134,85.42500000000001,0.0,85.42500000000001
optimizer,2011-03-21,85123A,2.95,596,408,1004,353,353,0,651,96.02250000000001,0.0,96.02250000000001
optimizer,2011-03-21,85099B,1.95,0,937,937,1348,937,411,0,0.0,240.43499999999997,240.43499999999997
optimizer,2011-03-21,84879,1.69,0,664,664,351,351,0,313,26.448500000000003,0.0,26.448500000000003
optimizer,2011-03-21,22086,2.95,136,0,136,42,42,0,94,13.865000000000002,0.0,13.865000000000002
optimizer,2011-03-21,47566,4.65,0,262,262,313,262,51,0,0.0,71.145,71.145
optimizer,2011-03-21,84347,2.55,56,5,61,0,0,0,61,7.7775,0.0,7.7775
optimizer,2011-03-21,48138,7.49,61,62,123,24,24,0,99,37.0755,0.0,37.0755
optimizer,2011-03-21,21843,10.95,49,32,81,12,12,0,69,37.777499999999996,0.0,37.777499999999996
optimizer,2011-03-21,21621,8.5,116,11,127,8,8,0,119,50.575,0.0,50.575
optimizer,2011-03-21,85099F,1.95,0,374,374,666,374,292,0,0.0,170.82,170.82
optimizer,2011-03-21,15056N,5.95,0,154,154,55,55,0,99,29.452500000000004,0.0,29.452500000000004
optimizer,2011-03-21,21232,1.25,307,61,368,271,271,0,97,6.0625,0.0,6.0625
optimizer,2011-03-21,22386,1.95,0,338,338,576,338,238,0,0.0,139.23,139.23
optimizer,2011-03-21,20685,7.49,66,23,89,36,36,0,53,19.8485,0.0,19.8485
optimizer,2011-03-21,85099C,1.95,0,387,387,437,387,50,0,0.0,29.25,29.25
optimizer,2011-03-21,20725,1.65,47,262,309,336,309,27,0,0.0,13.364999999999998,13.364999999999998
optimizer,2011-03-21,79321,4.95,120,108,228,22,22,0,206,50.98500000000001,0.0,50.98500000000001
optimizer,2011-03-21,21754,5.95,48,53,101,32,32,0,69,20.527500000000003,0.0,20.527500000000003
optimizer,2011-03-21,21931,1.95,22,241,263,400,263,137,0,0.0,80.145,80.145
optimizer,2011-03-28,22423,12.75,134,315,449,210,210,0,239,152.3625,0.0,152.3625
optimizer,2011-03-28,85123A,2.95,651,353,1004,570,570,0,434,64.01500000000001,0.0,64.01500000000001
optimizer,2011-03-28,85099B,1.95,0,937,937,993,937,56,0,0.0,32.76,32.76
optimizer,2011-03-28,84879,1.69,313,351,664,401,401,0,263,22.2235,0.0,22.2235
optimizer,2011-03-28,22086,2.95,94,42,136,3,3,0,133,19.617500000000003,0.0,19.617500000000003
optimizer,2011-03-28,47566,4.65,0,265,265,376,265,111,0,0.0,154.84500000000003,154.84500000000003
optimizer,2011-03-28,84347,2.55,61,0,61,3,3,0,58,7.395,0.0,7.395
optimizer,2011-03-28,48138,7.49,99,20,119,123,119,4,0,0.0,8.988,8.988
optimizer,2011-03-28,21843,10.95,69,12,81,41,41,0,40,21.900000000000002,0.0,21.900000000000002
optimizer,2011-03-28,21621,8.5,119,8,127,230,127,103,0,0.0,262.65,262.65
optimizer,2011-03-28,85099F,1.95,0,374,374,522,374,148,0,0.0,86.57999999999998,86.57999999999998
optimizer,2011-03-28,15056N,5.95,99,55,154,78,78,0,76,22.61,0.0,22.61
optimizer,2011-03-28,21232,1.25,97,271,368,248,248,0,120,7.5,0.0,7.5
optimizer,2011-03-28,22386,1.95,0,333,333,375,333,42,0,0.0,24.569999999999997,24.569999999999997
optimizer,2011-03-28,20685,7.95,53,36,89,40,40,0,49,19.477500000000003,0.0,19.477500000000003
optimizer,2011-03-28,85099C,1.95,0,387,387,357,357,0,30,2.9250000000000003,0.0,2.9250000000000003
optimizer,2011-03-28,20725,1.65,0,315,315,517,315,202,0,0.0,99.98999999999998,99.98999999999998
optimizer,2011-03-28,79321,4.95,206,22,228,85,85,0,143,35.392500000000005,0.0,35.392500000000005
optimizer,2011-03-28,21754,5.95,69,32,101,61,61,0,40,11.9,0.0,11.9
optimizer,2011-03-28,21931,1.95,0,263,263,349,263,86,0,0.0,50.309999999999995,50.309999999999995
optimizer,2011-04-04,22423,12.75,239,210,449,264,264,0,185,117.9375,0.0,117.9375
optimizer,2011-04-04,85123A,2.95,434,560,994,374,374,0,620,91.45,0.0,91.45
optimizer,2011-04-04,85099B,1.95,0,945,945,725,725,0,220,21.450000000000003,0.0,21.450000000000003
optimizer,2011-04-04,84879,1.69,263,382,645,753,645,108,0,0.0,54.75599999999999,54.75599999999999
optimizer,2011-04-04,22086,2.95,133,0,133,9,9,0,124,18.290000000000003,0.0,18.290000000000003
optimizer,2011-04-04,47566,4.65,0,291,291,460,291,169,0,0.0,235.755,235.755
optimizer,2011-04-04,84347,2.55,58,2,60,0,0,0,60,7.65,0.0,7.65
optimizer,2011-04-04,48138,7.49,0,123,123,81,81,0,42,15.729,0.0,15.729
optimizer,2011-04-04,21843,10.95,40,41,81,17,17,0,64,35.04,0.0,35.04
optimizer,2011-04-04,21621,8.5,0,135,135,9,9,0,126,53.550000000000004,0.0,53.550000000000004
optimizer,2011-04-04,85099F,1.95,0,379,379,166,166,0,213,20.7675,0.0,20.7675
optimizer,2011-04-04,15056N,5.95,76,78,154,71,71,0,83,24.692500000000003,0.0,24.692500000000003
optimizer,2011-04-04,21232,1.25,120,239,359,128,128,0,231,14.4375,0.0,14.4375
optimizer,2011-04-04,22386,1.95,0,338,338,105,105,0,233,22.7175,0.0,22.7175
optimizer,2011-04-04,20685,7.95,49,40,89,51,51,0,38,15.105000000000002,0.0,15.105000000000002
optimizer,2011-04-04,85099C,1.95,30,357,387,78,78,0,309,30.127499999999998,0.0,30.127499999999998
optimizer,2011-04-04,20725,1.65,0,309,309,187,187,0,122,10.065,0.0,10.065
optimizer,2011-04-04,79321,4.95,143,77,220,14,14,0,206,50.98500000000001,0.0,50.98500000000001
optimizer,2011-04-04,21754,5.95,40,61,101,32,32,0,69,20.527500000000003,0.0,20.527500000000003
optimizer,2011-04-04,21931,1.95,0,263,263,223,223,0,40,3.9000000000000004,0.0,3.9000000000000004
optimizer,2011-04-11,22423,12.75,185,264,449,342,342,0,107,68.2125,0.0,68.2125
optimizer,2011-04-11,85123A,2.95,620,374,994,468,468,0,526,77.58500000000001,0.0,77.58500000000001
optimizer,2011-04-11,85099B,1.95,220,725,945,606,606,0,339,33.0525,0.0,33.0525
optimizer,2011-04-11,84879,1.69,0,645,645,815,645,170,0,0.0,86.19,86.19
optimizer,2011-04-11,22086,2.95,124,4,128,0,0,0,128,18.880000000000003,0.0,18.880000000000003
optimizer,2011-04-11,47566,4.65,0,313,313,534,313,221,0,0.0,308.295,308.295
optimizer,2011-04-11,84347,2.55,60,0,60,0,0,0,60,7.65,0.0,7.65
optimizer,2011-04-11,48138,7.49,42,77,119,99,99,0,20,7.490000000000001,0.0,7.490000000000001
optimizer,2011-04-11,21843,10.95,64,10,74,17,17,0,57,31.2075,0.0,31.2075
optimizer,2011-04-11,21621,8.5,126,9,135,0,0,0,135,57.375,0.0,57.375
optimizer,2011-04-11,85099F,1.95,213,166,379,166,166,0,213,20.7675,0.0,20.7675
optimizer,2011-04-11,15056N,5.95,83,65,148,30,30,0,118,35.105000000000004,0.0,35.105000000000004
optimizer,2011-04-11,21232,1.25,231,128,359,142,142,0,217,13.5625,0.0,13.5625
optimizer,2011-04-11,22386,1.95,233,105,338,119,119,0,219,21.352500000000003,0.0,21.352500000000003
optimizer,2011-04-11,20685,7.95,38,51,89,31,31,0,58,23.055000000000003,0.0,23.055000000000003
optimizer,2011-04-11,85099C,1.95,309,78,387,178,178,0,209,20.3775,0.0,20.3775
optimizer,2011-04-11,20725,1.65,122,187,309,275,275,0,34,2.8049999999999997,0.0,2.8049999999999997
optimizer,2011-04-11,79321,4.95,206,14,220,5,5,0,215,53.212500000000006,0.0,53.212500000000006
optimizer,2011-04-11,21754,5.95,69,32,101,45,45,0,56,16.66,0.0,16.66
optimizer,2011-04-11,21931,1.95,40,223,263,182,182,0,81,7.8975,0.0,7.8975
optimizer,2011-04-18,22423,12.75,107,342,449,171,171,0,278,177.22500000000002,0.0,177.22500000000002
optimizer,2011-04-18,85123A,2.95,526,468,994,2422,994,1428,0,0.0,1263.78,1263.78
optimizer,2011-04-18,85099B,1.95,339,598,937,519,519,0,418,40.755,0.0,40.755
optimizer,2011-04-18,84879,1.69,0,648,648,540,540,0,108,9.126,0.0,9.126
optimizer,2011-04-18,22086,2.95,128,0,128,1,1,0,127,18.7325,0.0,18.7325
optimizer,2011-04-18,47566,4.65,0,338,338,640,338,302,0,0.0,421.29,421.29
optimizer,2011-04-18,84347,2.55,60,0,60,6,6,0,54,6.885,0.0,6.885
optimizer,2011-04-18,48138,7.49,20,99,119,33,33,0,86,32.207,0.0,32.207
optimizer,2011-04-18,21843,10.95,57,17,74,10,10,0,64,35.04,0.0,35.04
optimizer,2011-04-18,21621,8.5,135,0,135,25,25,0,110,46.75,0.0,46.75
optimizer,2011-04-18,85099F,1.95,213,166,379,6,6,0,373,36.3675,0.0,36.3675
optimizer,2011-04-18,15056N,5.95,118,30,148,23,23,0,125,37.1875,0.0,37.1875
optimizer,2011-04-18,21232,1.25,217,142,359,139,139,0,220,13.75,0.0,13.75
optimizer,2011-04-18,22386,1.95,219,119,338,155,155,0,183,17.842499999999998,0.0,17.842499999999998
optimizer,2011-04-18,20685,7.95,58,31,89,7,7,0,82,32.595,0.0,32.595
optimizer,2011-04-18,85099C,1.95,209,163,372,147,147,0,225,21.9375,0.0,21.9375
optimizer,2011-04-18,20725,1.65,34,270,304,318,304,14,0,0.0,6.929999999999999,6.929999999999999
optimizer,2011-04-18,79321,4.95,215,5,220,4,4,0,216,53.46000000000001,0.0,53.46000000000001
optimizer,2011-04-18,21754,5.95,56,45,101,37,37,0,64,19.040000000000003,0.0,19.040000000000003
optimizer,2011-04-18,21931,1.95,81,182,263,60,60,0,203,19.7925,0.0,19.7925
optimizer,2011-04-25,22423,12.75,278,171,449,289,289,0,160,102.0,0.0,102.0
optimizer,2011-04-25,85123A,2.95,0,1004,1004,366,366,0,638,94.10500000000002,0.0,94.10500000000002
optimizer,2011-04-25,85099B,1.95,418,519,937,375,375,0,562,54.794999999999995,0.0,54.794999999999995
optimizer,2011-04-25,84879,1.69,108,540,648,244,244,0,404,34.138,0.0,34.138
optimizer,2011-04-25,22086,2.95,127,1,128,0,0,0,128,18.880000000000003,0.0,18.880000000000003
optimizer,2011-04-25,47566,4.95,0,351,351,270,270,0,81,20.0475,0.0,20.0475
optimizer,2011-04-25,84347,2.55,54,6,60,0,0,0,60,7.65,0.0,7.65
optimizer,2011-04-25,48138,7.49,86,31,117,33,33,0,84,31.458,0.0,31.458
optimizer,2011-04-25,21843,10.95,64,10,74,9,9,0,65,35.5875,0.0,35.5875
optimizer,2011-04-25,21621,8.5,110,25,135,0,0,0,135,57.375,0.0,57.375
optimizer,2011-04-25,85099F,1.95,373,0,373,100,100,0,273,26.617500000000003,0.0,26.617500000000003
optimizer,2011-04-25,15056N,5.95,125,18,143,50,50,0,93,27.667500000000004,0.0,27.667500000000004
optimizer,2011-04-25,21232,1.25,220,130,350,214,214,0,136,8.5,0.0,8.5
optimizer,2011-04-25,22386,1.95,183,155,338,272,272,0,66,6.435,0.0,6.435
optimizer,2011-04-25,20685,7.95,82,7,89,14,14,0,75,29.8125,0.0,29.8125
optimizer,2011-04-25,85099C,1.95,225,145,370,278,278,0,92,8.97,0.0,8.97
optimizer,2011-04-25,20725,1.65,0,309,309,154,154,0,155,12.787500000000001,0.0,12.787500000000001
optimizer,2011-04-25,79321,4.95,216,4,220,5,5,0,215,53.212500000000006,0.0,53.212500000000006
optimizer,2011-04-25,21754,5.95,64,37,101,55,55,0,46,13.685,0.0,13.685
optimizer,2011-04-25,21931,1.95,203,56,259,109,109,0,150,14.625,0.0,14.625
optimizer,2011-05-02,22423,12.75,160,289,449,161,161,0,288,183.60000000000002,0.0,183.60000000000002
optimizer,2011-05-02,85123A,2.95,638,366,1004,1132,1004,128,0,0.0,113.28,113.28
optimizer,2011-05-02,85099B,1.95,562,375,937,320,320,0,617,60.1575,0.0,60.1575
optimizer,2011-05-02,84879,1.69,404,260,664,522,522,0,142,11.999,0.0,11.999
optimizer,2011-05-02,22086,2.95,128,8,136,4,4,0,132,19.470000000000002,0.0,19.470000000000002
optimizer,2011-05-02,47566,4.95,81,232,313,964,313,651,0,0.0,966.735,966.735
optimizer,2011-05-02,84347,2.55,60,1,61,0,0,0,61,7.7775,0.0,7.7775
optimizer,2011-05-02,48138,7.65,84,31,115,46,46,0,69,26.392500000000002,0.0,26.392500000000002
optimizer,2011-05-02,21843,10.95,65,6,71,23,23,0,48,26.279999999999998,0.0,26.279999999999998
optimizer,2011-05-02,21621,8.5,135,0,135,79,79,0,56,23.8,0.0,23.8
optimizer,2011-05-02,85099F,1.95,273,101,374,0,0,0,374,36.464999999999996,0.0,36.464999999999996
optimizer,2011-05-02,15056N,5.95,93,50,143,176,143,33,0,0.0,58.904999999999994,58.904999999999994
optimizer,2011-05-02,21232,1.25,136,217,353,238,238,0,115,7.1875,0.0,7.1875
optimizer,2011-05-02,22386,1.95,66,278,344,154,154,0,190,18.525000000000002,0.0,18.525000000000002
optimizer,2011-05-02,20685,7.95,75,14,89,34,34,0,55,21.8625,0.0,21.8625
optimizer,2011-05-02,85099C,1.95,92,280,372,248,248,0,124,12.09,0.0,12.09
optimizer,2011-05-02,20725,1.65,155,160,315,219,219,0,96,7.919999999999999,0.0,7.919999999999999
optimizer,2011-05-02,79321,4.95,215,5,220,109,109,0,111,27.472500000000004,0.0,27.472500000000004
optimizer,2011-05-02,21754,5.95,46,55,101,42,42,0,59,17.552500000000002,0.0,17.552500000000002
optimizer,2011-05-02,21931,1.95,150,109,259,171,171,0,88,8.58,0.0,8.58
optimizer,2011-05-09,22423,12.75,288,161,449,310,310,0,139,88.61250000000001,0.0,88.61250000000001
optimizer,2011-05-09,85123A,2.95,0,1042,1042,844,844,0,198,29.205000000000002,0.0,29.205000000000002
optimizer,2011-05-09,85099B,1.95,617,320,937,1076,937,139,0,0.0,81.315,81.315
optimizer,2011-05-09,84879,1.69,142,522,664,905,664,241,0,0.0,122.18699999999998,122.18699999999998
optimizer,2011-05-09,22086,2.95,132,4,136,13,13,0,123,18.142500000000002,0.0,18.142500000000002
optimizer,2011-05-09,47566,4.95,0,313,313,756,313,443,0,0.0,657.8549999999999,657.8549999999999
optimizer,2011-05-09,84347,2.55,61,0,61,48,48,0,13,1.6575,0.0,1.6575
optimizer,2011-05-09,48138,7.95,69,46,115,81,81,0,34,13.515,0.0,13.515
optimizer,2011-05-09,21843,10.95,48,23,71,21,21,0,50,27.375,0.0,27.375
optimizer,2011-05-09,21621,8.5,56,71,127,88,88,0,39,16.575,0.0,16.575
optimizer,2011-05-09,85099F,1.95,374,0,374,428,374,54,0,0.0,31.589999999999996,31.589999999999996
optimizer,2011-05-09,15056N,5.95,0,148,148,29,29,0,119,35.4025,0.0,35.4025
optimizer,2011-05-09,21232,1.25,115,229,344,136,136,0,208,13.0,0.0,13.0
optimizer,2011-05-09,22386,1.95,190,148,338,371,338,33,0,0.0,19.304999999999996,19.304999999999996
optimizer,2011-05-09,20685,7.95,55,32,87,81,81,0,6,2.3850000000000002,0.0,2.3850000000000002
optimizer,2011-05-09,85099C,1.95,124,248,372,246,246,0,126,12.285,0.0,12.285
optimizer,2011-05-09,20725,1.65,96,213,309,470,309,161,0,0.0,79.695,79.695
optimizer,2011-05-09,79321,4.95,111,109,220,187,187,0,33,8.1675,0.0,8.1675
optimizer,2011-05-09,21754,5.95,59,36,95,132,95,37,0,0.0,66.045,66.045
optimizer,2011-05-09,21931,1.95,88,165,253,453,253,200,0,0.0,117.0,117.0
optimizer,2011-05-16,22423,12.75,139,310,449,226,226,0,223,142.1625,0.0,142.1625
optimizer,2011-05-16,85123A,2.95,198,806,1004,762,762,0,242,35.69500000000001,0.0,35.69500000000001
optimizer,2011-05-16,85099B,1.95,0,937,937,868,868,0,69,6.727499999999999,0.0,6.727499999999999
optimizer,2011-05-16,84879,1.69,0,664,664,563,563,0,101,8.5345,0.0,8.5345
optimizer,2011-05-16,22086,2.95,123,13,136,0,0,0,136,20.060000000000002,0.0,20.060000000000002
optimizer,2011-05-16,47566,4.95,0,340,340,584,340,244,0,0.0,362.34,362.34
optimizer,2011-05-16,84347,2.55,13,48,61,0,0,0,61,7.7775,0.0,7.7775
optimizer,2011-05-16,48138,7.95,34,81,115,141,115,26,0,0.0,62.010000000000005,62.010000000000005
optimizer,2011-05-16,21843,10.95,50,21,71,38,38,0,33,18.0675,0.0,18.0675
optimizer,2011-05-16,21621,8.5,39,88,127,92,92,0,35,14.875,0.0,14.875
optimizer,2011-05-16,85099F,1.95,0,374,374,142,142,0,232,22.62,0.0,22.62
optimizer,2011-05-16,15056N,5.95,119,24,143,17,17,0,126,37.48500000000001,0.0,37.48500000000001
optimizer,2011-05-16,21232,1.25,208,142,350,233,233,0,117,7.3125,0.0,7.3125
optimizer,2011-05-16,22386,1.95,0,344,344,179,179,0,165,16.087500000000002,0.0,16.087500000000002
optimizer,2011-05-16,20685,7.95,6,79,85,271,85,186,0,0.0,443.61,443.61
optimizer,2011-05-16,85099C,1.95,126,240,366,302,302,0,64,6.24,0.0,6.24
optimizer,2011-05-16,20725,1.65,0,315,315,335,315,20,0,0.0,9.9,9.9
optimizer,2011-05-16,79321,4.95,33,187,220,40,40,0,180,44.550000000000004,0.0,44.550000000000004
optimizer,2011-05-16,21754,5.95,0,95,95,86,86,0,9,2.6775,0.0,2.6775
optimizer,2011-05-16,21931,1.95,0,259,259,176,176,0,83,8.0925,0.0,8.0925
optimizer,2011-05-23,22423,12.75,223,226,449,126,126,0,323,205.91250000000002,0.0,205.91250000000002
optimizer,2011-05-23,85123A,2.95,242,752,994,1020,994,26,0,0.0,23.01,23.01
optimizer,2011-05-23,85099B,1.95,69,868,937,923,923,0,14,1.3650000000000002,0.0,1.3650000000000002
optimizer,2011-05-23,84879,1.69,101,563,664,381,381,0,283,23.9135,0.0,23.9135
optimizer,2011-05-23,22086,2.95,136,0,136,0,0,0,136,20.060000000000002,0.0,20.060000000000002
optimizer,2011-05-23,47566,4.95,0,351,351,831,351,480,0,0.0,712.8,712.8
optimizer,2011-05-23,84347,2.55,61,0,61,12,12,0,49,6.2475,0.0,6.2475
optimizer,2011-05-23,48138,7.95,0,115,115,42,42,0,73,29.017500000000002,0.0,29.017500000000002
optimizer,2011-05-23,21843,10.95,33,38,71,9,9,0,62,33.945,0.0,33.945
optimizer,2011-05-23,21621,8.5,35,92,127,69,69,0,58,24.650000000000002,0.0,24.650000000000002
optimizer,2011-05-23,85099F,1.95,232,142,374,413,374,39,0,0.0,22.814999999999998,22.814999999999998
optimizer,2011-05-23,15056N,5.95,126,17,143,37,37,0,106,31.535000000000004,0.0,31.535000000000004
optimizer,2011-05-23,21232,1.25,117,233,350,126,126,0,224,14.0,0.0,14.0
optimizer,2011-05-23,22386,1.95,165,173,338,560,338,222,0,0.0,129.86999999999998,129.86999999999998
optimizer,2011-05-23,20685,7.95,0,87,87,26,26,0,61,24.247500000000002,0.0,24.247500000000002
optimizer,2011-05-23,85099C,1.95,64,302,366,387,366,21,0,0.0,12.284999999999998,12.284999999999998
optimizer,2011-05-23,20725,1.65,0,318,318,424,318,106,0,0.0,52.46999999999999,52.46999999999999
optimizer,2011-05-23,79321,4.95,180,40,220,72,72,0,148,36.63,0.0,36.63
optimizer,2011-05-23,21754,5.95,9,86,95,33,33,0,62,18.445000000000004,0.0,18.445000000000004
optimizer,2011-05-23,21931,1.95,83,176,259,251,251,0,8,0.78,0.0,0.78
optimizer,2011-05-30,22423,12.75,323,126,449,235,235,0,214,136.425,0.0,136.425
optimizer,2011-05-30,85123A,2.95,0,1004,1004,629,629,0,375,55.3125,0.0,55.3125
optimizer,2011-05-30,85099B,1.95,14,923,937,261,261,0,676,65.91000000000001,0.0,65.91000000000001
optimizer,2011-05-30,84879,1.69,283,381,664,328,328,0,336,28.392000000000003,0.0,28.392000000000003
optimizer,2011-05-30,22086,2.95,136,0,136,0,0,0,136,20.060000000000002,0.0,20.060000000000002
optimizer,2011-05-30,47566,4.95,0,351,351,426,351,75,0,0.0,111.375,111.375
optimizer,2011-05-30,84347,2.55,49,12,61,1,1,0,60,7.65,0.0,7.65
optimizer,2011-05-30,48138,7.95,73,40,113,58,58,0,55,21.8625,0.0,21.8625
optimizer,2011-05-30,21843,10.95,62,2,64,18,18,0,46,25.185000000000002,0.0,25.185000000000002
optimizer,2011-05-30,21621,8.5,58,55,113,52,52,0,61,25.925,0.0,25.925
optimizer,2011-05-30,85099F,1.95,0,374,374,403,374,29,0,0.0,16.965,16.965
optimizer,2011-05-30,15056N,5.95,106,37,143,55,55,0,88,26.180000000000003,0.0,26.180000000000003
optimizer,2011-05-30,21232,1.25,224,119,343,110,110,0,233,14.5625,0.0,14.5625
optimizer,2011-05-30,22386,1.95,0,344,344,407,344,63,0,0.0,36.855,36.855
optimizer,2011-05-30,20685,7.95,61,26,87,31,31,0,56,22.26,0.0,22.26
optimizer,2011-05-30,85099C,1.95,0,372,372,200,200,0,172,16.77,0.0,16.77
optimizer,2011-05-30,20725,1.65,0,318,318,171,171,0,147,12.1275,0.0,12.1275
optimizer,2011-05-30,79321,4.95,148,80,228,27,27,0,201,49.7475,0.0,49.7475
optimizer,2011-05-30,21754,5.95,62,33,95,44,44,0,51,15.1725,0.0,15.1725
optimizer,2011-05-30,21931,1.95,8,251,259,114,114,0,145,14.137500000000001,0.0,14.137500000000001
optimizer,2011-06-06,22423,12.75,214,235,449,178,178,0,271,172.76250000000002,0.0,172.76250000000002
optimizer,2011-06-06,85123A,2.95,375,629,1004,352,352,0,652,96.17000000000002,0.0,96.17000000000002
optimizer,2011-06-06,85099B,1.95,676,261,937,773,773,0,164,15.990000000000002,0.0,15.990000000000002
optimizer,2011-06-06,84879,1.69,336,328,664,292,292,0,372,31.433999999999997,0.0,31.433999999999997
optimizer,2011-06-06,22086,2.95,136,0,136,2,2,0,134,19.765,0.0,19.765
optimizer,2011-06-06,47566,4.95,0,354,354,551,354,197,0,0.0,292.545,292.545
optimizer,2011-06-06,84347,2.55,60,1,61,0,0,0,61,7.7775,0.0,7.7775
optimizer,2011-06-06,48138,7.95,55,46,101,511,101,410,0,0.0,977.8499999999999,977.8499999999999
optimizer,2011-06-06,21843,10.95,46,18,64,8,8,0,56,30.659999999999997,0.0,30.659999999999997
optimizer,2011-06-06,21621,8.5,61,52,113,43,43,0,70,29.75,0.0,29.75
optimizer,2011-06-06,85099F,1.95,0,381,381,423,381,42,0,0.0,24.569999999999997,24.569999999999997
optimizer,2011-06-06,15056N,5.95,88,55,143,92,92,0,51,15.1725,0.0,15.1725
optimizer,2011-06-06,21232,1.25,233,110,343,171,171,0,172,10.75,0.0,10.75
optimizer,2011-06-06,22386,1.95,0,354,354,408,354,54,0,0.0,31.589999999999996,31.589999999999996
optimizer,2011-06-06,20685,7.95,56,31,87,526,87,439,0,0.0,1047.015,1047.015
optimizer,2011-06-06,85099C,1.95,172,200,372,141,141,0,231,22.5225,0.0,22.5225
optimizer,2011-06-06,20725,1.65,147,171,318,565,318,247,0,0.0,122.26499999999999,122.26499999999999
optimizer,2011-06-06,79321,4.95,201,19,220,91,91,0,129,31.927500000000006,0.0,31.927500000000006
optimizer,2011-06-06,21754,5.95,51,44,95,47,47,0,48,14.280000000000001,0.0,14.280000000000001
optimizer,2011-06-06,21931,1.95,145,114,259,230,230,0,29,2.8275,0.0,2.8275
optimizer,2011-06-13,22423,12.75,271,178,449,88,88,0,361,230.13750000000002,0.0,230.13750000000002
optimizer,2011-06-13,85123A,2.95,652,342,994,391,391,0,603,88.94250000000001,0.0,88.94250000000001
optimizer,2011-06-13,85099B,1.95,164,781,945,829,829,0,116,11.31,0.0,11.31
optimizer,2011-06-13,84879,1.69,372,297,669,270,270,0,399,33.7155,0.0,33.7155
optimizer,2011-06-13,22086,2.95,134,2,136,1,1,0,135,19.9125,0.0,19.9125
optimizer,2011-06-13,47566,4.95,0,376,376,491,376,115,0,0.0,170.775,170.775
optimizer,2011-06-13,84347,2.55,61,0,61,2,2,0,59,7.5225,0.0,7.5225
optimizer,2011-06-13,48138,7.95,0,101,101,16,16,0,85,33.7875,0.0,33.7875
optimizer,2011-06-13,21843,10.95,56,0,56,15,15,0,41,22.4475,0.0,22.4475
optimizer,2011-06-13,21621,8.5,70,43,113,26,26,0,87,36.975,0.0,36.975
optimizer,2011-06-13,85099F,1.95,0,381,381,224,224,0,157,15.3075,0.0,15.3075
optimizer,2011-06-13,15056N,5.95,51,67,118,142,118,24,0,0.0,42.84,42.84
optimizer,2011-06-13,21232,1.25,172,140,312,74,74,0,238,14.875,0.0,14.875
optimizer,2011-06-13,22386,1.95,0,368,368,233,233,0,135,13.162500000000001,0.0,13.162500000000001
optimizer,2011-06-13,20685,7.95,0,89,89,5,5,0,84,33.39000000000001,0.0,33.39000000000001
optimizer,2011-06-13,85099C,1.95,231,145,376,265,265,0,111,10.8225,0.0,10.8225
optimizer,2011-06-13,20725,1.65,0,318,318,186,186,0,132,10.89,0.0,10.89
optimizer,2011-06-13,79321,4.95,129,99,228,109,109,0,119,29.452500000000004,0.0,29.452500000000004
optimizer,2011-06-13,21754,5.95,48,47,95,30,30,0,65,19.337500000000002,0.0,19.337500000000002
optimizer,2011-06-13,21931,1.95,29,241,270,93,93,0,177,17.2575,0.0,17.2575
optimizer,2011-06-20,22423,12.75,361,88,449,130,130,0,319,203.3625,0.0,203.3625
optimizer,2011-06-20,85123A,2.95,603,391,994,224,224,0,770,113.575,0.0,113.575
optimizer,2011-06-20,85099B,1.95,116,807,923,791,791,0,132,12.87,0.0,12.87
optimizer,2011-06-20,84879,1.69,399,270,669,262,262,0,407,34.3915,0.0,34.3915
optimizer,2011-06-20,22086,2.95,135,1,136,6,6,0,130,19.175,0.0,19.175
optimizer,2011-06-20,47566,4.95,0,426,426,586,426,160,0,0.0,237.6,237.6
optimizer,2011-06-20,84347,2.55,59,2,61,1,1,0,60,7.65,0.0,7.65
optimizer,2011-06-20,48138,7.95,85,16,101,19,19,0,82,32.595,0.0,32.595
optimizer,2011-06-20,21843,10.95,41,14,55,17,17,0,38,20.805,0.0,20.805
optimizer,2011-06-20,21621,8.5,87,13,100,18,18,0,82,34.85,0.0,34.85
optimizer,2011-06-20,85099F,1.95,157,224,381,605,381,224,0,0.0,131.04,131.04
optimizer,2011-06-20,15056N,5.95,0,118,118,87,87,0,31,9.222500000000002,0.0,9.222500000000002
optimizer,2011-06-20,21232,1.25,238,70,308,117,117,0,191,11.9375,0.0,11.9375
optimizer,2011-06-20,22386,1.95,135,227,362,551,362,189,0,0.0,110.565,110.565
optimizer,2011-06-20,20685,7.95,84,5,89,45,45,0,44,17.490000000000002,0.0,17.490000000000002
optimizer,2011-06-20,85099C,1.95,111,261,372,83,83,0,289,28.1775,0.0,28.1775
optimizer,2011-06-20,20725,1.65,132,186,318,218,218,0,100,8.25,0.0,8.25
optimizer,2011-06-20,79321,4.95,119,109,228,48,48,0,180,44.550000000000004,0.0,44.550000000000004
optimizer,2011-06-20,21754,5.95,65,30,95,30,30,0,65,19.337500000000002,0.0,19.337500000000002
optimizer,2011-06-20,21931,1.95,177,93,270,244,244,0,26,2.535,0.0,2.535
optimizer,2011-06-27,22423,12.75,319,130,449,84,84,0,365,232.6875,0.0,232.6875
optimizer,2011-06-27,85123A,2.95,770,224,994,252,252,0,742,109.44500000000001,0.0,109.44500000000001
optimizer,2011-06-27,85099B,1.95,132,791,923,595,595,0,328,31.980000000000004,0.0,31.980000000000004
optimizer,2011-06-27,84879,1.69,407,257,664,276,276,0,388,32.786,0.0,32.786
optimizer,2011-06-27,22086,2.95,130,0,130,365,130,235,0,0.0,207.975,207.975
optimizer,2011-06-27,47566,4.95,0,460,460,248,248,0,212,52.470000000000006,0.0,52.470000000000006
optimizer,2011-06-27,84347,2.55,60,1,61,3,3,0,58,7.395,0.0,7.395
optimizer,2011-06-27,48138,7.95,82,17,99,8,8,0,91,36.17250000000001,0.0,36.17250000000001
optimizer,2011-06-27,21843,10.95,38,17,55,16,16,0,39,21.3525,0.0,21.3525
optimizer,2011-06-27,21621,8.5,82,18,100,33,33,0,67,28.475,0.0,28.475
optimizer,2011-06-27,85099F,1.95,0,381,381,251,251,0,130,12.675,0.0,12.675
optimizer,2011-06-27,15056N,5.95,31,87,118,7,7,0,111,33.0225,0.0,33.0225
optimizer,2011-06-27,21232,1.25,191,115,306,104,104,0,202,12.625,0.0,12.625
optimizer,2011-06-27,22386,1.95,0,368,368,356,356,0,12,1.17,0.0,1.17
optimizer,2011-06-27,20685,7.95,44,43,87,22,22,0,65,25.837500000000002,0.0,25.837500000000002
optimizer,2011-06-27,85099C,1.95,289,83,372,181,181,0,191,18.6225,0.0,18.6225
optimizer,2011-06-27,20725,1.65,100,215,315,183,183,0,132,10.89,0.0,10.89
optimizer,2011-06-27,79321,4.95,180,39,219,113,113,0,106,26.235000000000003,0.0,26.235000000000003
optimizer,2011-06-27,21754,5.95,65,30,95,31,31,0,64,19.040000000000003,0.0,19.040000000000003
optimizer,2011-06-27,21931,1.95,26,233,259,427,259,168,0,0.0,98.27999999999999,98.27999999999999
optimizer,2011-07-04,22423,12.75,365,84,449,105,105,0,344,219.3,0.0,219.3
optimizer,2011-07-04,85123A,2.95,742,252,994,264,264,0,730,107.67500000000001,0.0,107.67500000000001
optimizer,2011-07-04,85099B,1.95,328,590,918,1324,918,406,0,0.0,237.50999999999996,237.50999999999996
optimizer,2011-07-04,84879,1.69,388,281,669,444,444,0,225,19.0125,0.0,19.0125
optimizer,2011-07-04,22086,2.95,0,136,136,18,18,0,118,17.405,0.0,17.405
optimizer,2011-07-04,47566,4.95,212,248,460,881,460,421,0,0.0,625.1850000000001,625.1850000000001
optimizer,2011-07-04,84347,2.55,58,3,61,120,61,59,0,0.0,45.135,45.135
optimizer,2011-07-04,48138,7.95,91,5,96,56,56,0,40,15.9,0.0,15.9
optimizer,2011-07-04,21843,10.95,39,16,55,6,6,0,49,26.8275,0.0,26.8275
optimizer,2011-07-04,21621,8.5,67,33,100,48,48,0,52,22.1,0.0,22.1
optimizer,2011-07-04,85099F,1.95,130,251,381,513,381,132,0,0.0,77.21999999999998,77.21999999999998
optimizer,2011-07-04,15056N,5.95,111,4,115,259,115,144,0,0.0,257.04,257.04
optimizer,2011-07-04,21232,1.25,202,102,304,65,65,0,239,14.9375,0.0,14.9375
optimizer,2011-07-04,22386,1.95,12,350,362,444,362,82,0,0.0,47.97,47.97
optimizer,2011-07-04,20685,7.95,65,22,87,418,87,331,0,0.0,789.4350000000001,789.4350000000001
optimizer,2011-07-04,85099C,1.95,191,175,366,324,324,0,42,4.095,0.0,4.095
optimizer,2011-07-04,20725,1.65,132,177,309,293,293,0,16,1.32,0.0,1.32
optimizer,2011-07-04,79321,4.95,106,122,228,23,23,0,205,50.737500000000004,0.0,50.737500000000004
optimizer,2011-07-04,21754,5.95,64,31,95,22,22,0,73,21.7175,0.0,21.7175
optimizer,2011-07-04,21931,1.95,0,270,270,351,270,81,0,0.0,47.385,47.385
optimizer,2011-07-11,22423,12.75,344,105,449,206,206,0,243,154.91250000000002,0.0,154.91250000000002
optimizer,2011-07-11,85123A,2.95,730,264,994,1172,994,178,0,0.0,157.53,157.53
optimizer,2011-07-11,85099B,1.95,0,923,923,411,411,0,512,49.92,0.0,49.92
optimizer,2011-07-11,84879,1.69,225,423,648,362,362,0,286,24.167,0.0,24.167
optimizer,2011-07-11,22086,2.95,118,18,136,4,4,0,132,19.470000000000002,0.0,19.470000000000002
optimizer,2011-07-11,47566,4.95,0,483,483,346,346,0,137,33.9075,0.0,33.9075
optimizer,2011-07-11,84347,2.55,0,120,120,0,0,0,120,15.3,0.0,15.3
optimizer,2011-07-11,48138,7.95,40,56,96,34,34,0,62,24.645000000000003,0.0,24.645000000000003
optimizer,2011-07-11,21843,10.95,49,6,55,7,7,0,48,26.279999999999998,0.0,26.279999999999998
optimizer,2011-07-11,21621,8.5,52,36,88,6,6,0,82,34.85,0.0,34.85
optimizer,2011-07-11,85099F,1.95,0,381,381,29,29,0,352,34.32,0.0,34.32
optimizer,2011-07-11,15056N,5.95,0,115,115,83,83,0,32,9.520000000000001,0.0,9.520000000000001
optimizer,2011-07-11,21232,1.25,239,32,271,121,121,0,150,9.375,0.0,9.375
optimizer,2011-07-11,22386,1.95,0,371,371,315,315,0,56,5.460000000000001,0.0,5.460000000000001
optimizer,2011-07-11,20685,7.95,0,89,89,46,46,0,43,17.0925,0.0,17.0925
optimizer,2011-07-11,85099C,1.95,42,315,357,93,93,0,264,25.74,0.0,25.74
optimizer,2011-07-11,20725,1.65,16,293,309,201,201,0,108,8.91,0.0,8.91
optimizer,2011-07-11,79321,4.95,205,0,205,33,33,0,172,42.57,0.0,42.57
optimizer,2011-07-11,21754,5.95,73,22,95,33,33,0,62,18.445000000000004,0.0,18.445000000000004
optimizer,2011-07-11,21931,1.95,0,270,270,156,156,0,114,11.115,0.0,11.115
optimizer,2011-07-18,22423,12.75,243,206,449,306,306,0,143,91.16250000000001,0.0,91.16250000000001
optimizer,2011-07-18,85123A,2.95,0,994,994,697,697,0,297,43.807500000000005,0.0,43.807500000000005
optimizer,2011-07-18,85099B,1.95,512,411,923,712,712,0,211,20.5725,0.0,20.5725
optimizer,2011-07-18,84879,1.69,286,378,664,511,511,0,153,12.9285,0.0,12.9285
optimizer,2011-07-18,22086,2.95,132,4,136,14,14,0,122,17.995,0.0,17.995
optimizer,2011-07-18,47566,4.95,137,354,491,843,491,352,0,0.0,522.72,522.72
optimizer,2011-07-18,84347,2.55,120,0,120,1,1,0,119,15.1725,0.0,15.1725
optimizer,2011-07-18,48138,7.95,62,31,93,50,50,0,43,17.0925,0.0,17.0925
optimizer,2011-07-18,21843,10.95,48,7,55,13,13,0,42,22.995,0.0,22.995
optimizer,2011-07-18,21621,8.5,82,6,88,26,26,0,62,26.35,0.0,26.35
optimizer,2011-07-18,85099F,1.95,352,29,381,120,120,0,261,25.4475,0.0,25.4475
optimizer,2011-07-18,15056N,5.95,32,83,115,319,115,204,0,0.0,364.14,364.14
optimizer,2011-07-18,21232,1.25,150,98,248,141,141,0,107,6.6875,0.0,6.6875
optimizer,2011-07-18,22386,1.95,56,315,371,287,287,0,84,8.19,0.0,8.19
optimizer,2011-07-18,20685,7.95,43,46,89,89,89,0,0,0.0,0.0,0.0
optimizer,2011-07-18,85099C,1.95,264,93,357,210,210,0,147,14.3325,0.0,14.3325
optimizer,2011-07-18,20725,1.65,108,185,293,315,293,22,0,0.0,10.889999999999999,10.889999999999999
optimizer,2011-07-18,79321,4.95,172,56,228,129,129,0,99,24.5025,0.0,24.5025
optimizer,2011-07-18,21754,5.95,62,33,95,45,45,0,50,14.875,0.0,14.875
optimizer,2011-07-18,21931,1.95,114,151,265,257,257,0,8,0.78,0.0,0.78
optimizer,2011-07-25,22423,12.75,143,249,392,275,275,0,117,74.5875,0.0,74.5875
optimizer,2011-07-25,85123A,2.95,297,670,967,756,756,0,211,31.122500000000002,0.0,31.122500000000002
optimizer,2011-07-25,85099B,1.95,211,712,923,540,540,0,383,37.3425,0.0,37.3425
optimizer,2011-07-25,84879,1.69,153,495,648,400,400,0,248,20.956000000000003,0.0,20.956000000000003
optimizer,2011-07-25,22086,2.95,122,88,210,167,167,0,43,6.342500000000001,0.0,6.342500000000001
optimizer,2011-07-25,47566,4.95,0,534,534,466,466,0,68,16.830000000000002,0.0,16.830000000000002
optimizer,2011-07-25,84347,2.55,119,1,120,6,6,0,114,14.535,0.0,14.535
optimizer,2011-07-25,48138,7.95,43,50,93,30,30,0,63,25.042500000000004,0.0,25.042500000000004
optimizer,2011-07-25,21843,10.95,42,9,51,7,7,0,44,24.09,0.0,24.09
optimizer,2011-07-25,21621,8.5,62,26,88,19,19,0,69,29.325000000000003,0.0,29.325000000000003
optimizer,2011-07-25,85099F,1.95,261,120,381,434,381,53,0,0.0,31.004999999999995,31.004999999999995
optimizer,2011-07-25,15056N,5.95,0,118,118,25,25,0,93,27.667500000000004,0.0,27.667500000000004
optimizer,2011-07-25,21232,1.25,107,131,238,95,95,0,143,8.9375,0.0,8.9375
optimizer,2011-07-25,22386,1.95,84,287,371,403,371,32,0,0.0,18.72,18.72
optimizer,2011-07-25,20685,7.95,0,89,89,18,18,0,71,28.222500000000004,0.0,28.222500000000004
optimizer,2011-07-25,85099C,1.95,147,210,357,164,164,0,193,18.8175,0.0,18.8175
optimizer,2011-07-25,20725,1.65,0,293,293,345,293,52,0,0.0,25.74,25.74
optimizer,2011-07-25,79321,4.95,99,129,228,651,228,423,0,0.0,628.155,628.155
optimizer,2011-07-25,21754,5.95,50,45,95,35,35,0,60,17.85,0.0,17.85
optimizer,2011-07-25,21931,2.08,8,251,259,230,230,0,29,3.016,0.0,3.016
optimizer,2011-08-01,22423,12.75,117,253,370,132,132,0,238,151.725,0.0,151.725
optimizer,2011-08-01,85123A,2.95,211,756,967,423,423,0,544,80.24000000000001,0.0,80.24000000000001
optimizer,2011-08-01,85099B,1.95,383,540,923,1026,923,103,0,0.0,60.254999999999995,60.254999999999995
optimizer,2011-08-01,84879,1.69,248,400,648,3792,648,3144,0,0.0,1594.0079999999998,1594.0079999999998
optimizer,2011-08-01,22086,2.95,43,197,240,155,155,0,85,12.537500000000001,0.0,12.537500000000001
optimizer,2011-08-01,47566,4.95,68,466,534,431,431,0,103,25.492500000000003,0.0,25.492500000000003
optimizer,2011-08-01,84347,2.55,114,6,120,12,12,0,108,13.77,0.0,13.77
optimizer,2011-08-01,48138,7.95,63,24,87,37,37,0,50,19.875,0.0,19.875
optimizer,2011-08-01,21843,10.95,44,1,45,27,27,0,18,9.855,0.0,9.855
optimizer,2011-08-01,21621,8.5,69,19,88,150,88,62,0,0.0,158.1,158.1
optimizer,2011-08-01,85099F,1.95,0,381,381,537,381,156,0,0.0,91.25999999999999,91.25999999999999
optimizer,2011-08-01,15056N,5.95,93,25,118,102,102,0,16,4.760000000000001,0.0,4.760000000000001
optimizer,2011-08-01,21232,1.25,143,90,233,141,141,0,92,5.75,0.0,5.75
optimizer,2011-08-01,22386,1.95,0,375,375,362,362,0,13,1.2675,0.0,1.2675
optimizer,2011-08-01,20685,7.95,71,18,89,38,38,0,51,20.2725,0.0,20.2725
optimizer,2011-08-01,85099C,1.95,193,164,357,264,264,0,93,9.0675,0.0,9.0675
optimizer,2011-08-01,20725,1.65,0,293,293,583,293,290,0,0.0,143.54999999999998,143.54999999999998
optimizer,2011-08-01,79321,4.95,0,233,233,87,87,0,146,36.135000000000005,0.0,36.135000000000005
optimizer,2011-08-01,21754,5.95,60,35,95,28,28,0,67,19.932500000000005,0.0,19.932500000000005
optimizer,2011-08-01,21931,2.08,29,230,259,383,259,124,0,0.0,77.376,77.376
optimizer,2011-08-08,22423,12.75,238,132,370,122,122,0,248,158.10000000000002,0.0,158.10000000000002
optimizer,2011-08-08,85123A,2.95,544,423,967,401,401,0,566,83.48500000000001,0.0,83.48500000000001
optimizer,2011-08-08,85099B,1.95,0,945,945,1123,945,178,0,0.0,104.12999999999998,104.12999999999998
optimizer,2011-08-08,84879,1.69,0,664,664,1315,664,651,0,0.0,330.057,330.057
optimizer,2011-08-08,22086,2.95,85,82,167,22,22,0,145,21.387500000000003,0.0,21.387500000000003
optimizer,2011-08-08,47566,4.95,103,431,534,272,272,0,262,64.84500000000001,0.0,64.84500000000001
optimizer,2011-08-08,84347,2.55,108,12,120,0,0,0,120,15.3,0.0,15.3
optimizer,2011-08-08,48138,7.95,50,37,87,7,7,0,80,31.8,0.0,31.8
optimizer,2011-08-08,21843,10.95,18,27,45,8,8,0,37,20.2575,0.0,20.2575
optimizer,2011-08-08,21621,8.5,0,92,92,17,17,0,75,31.875,0.0,31.875
optimizer,2011-08-08,85099F,1.95,0,401,401,310,310,0,91,8.8725,0.0,8.8725
optimizer,2011-08-08,15056N,5.95,16,102,118,37,37,0,81,24.0975,0.0,24.0975
optimizer,2011-08-08,21232,1.25,92,141,233,119,119,0,114,7.125,0.0,7.125
optimizer,2011-08-08,22386,2.08,13,362,375,361,361,0,14,1.4560000000000002,0.0,1.4560000000000002
optimizer,2011-08-08,20685,7.95,51,38,89,29,29,0,60,23.85,0.0,23.85
optimizer,2011-08-08,85099C,1.95,93,264,357,252,252,0,105,10.2375,0.0,10.2375
optimizer,2011-08-08,20725,1.65,0,293,293,575,293,282,0,0.0,139.58999999999997,139.58999999999997
optimizer,2011-08-08,79321,4.95,146,87,233,135,135,0,98,24.255000000000003,0.0,24.255000000000003
optimizer,2011-08-08,21754,5.95,67,28,95,17,17,0,78,23.205000000000002,0.0,23.205000000000002
optimizer,2011-08-08,21931,2.08,0,270,270,297,270,27,0,0.0,16.848,16.848
optimizer,2011-08-15,22423,12.75,248,122,370,147,147,0,223,142.1625,0.0,142.1625
optimizer,2011-08-15,85123A,2.95,566,401,967,265,265,0,702,103.54500000000002,0.0,103.54500000000002
optimizer,2011-08-15,85099B,1.95,0,954,954,976,954,22,0,0.0,12.87,12.87
optimizer,2011-08-15,84879,1.69,0,664,664,556,556,0,108,9.126,0.0,9.126
optimizer,2011-08-15,22086,2.95,145,90,235,24,24,0,211,31.122500000000002,0.0,31.122500000000002
optimizer,2011-08-15,47566,4.95,262,272,534,286,286,0,248,61.38000000000001,0.0,61.38000000000001
optimizer,2011-08-15,84347,2.55,120,0,120,17,17,0,103,13.1325,0.0,13.1325
optimizer,2011-08-15,48138,7.95,80,7,87,57,57,0,30,11.925,0.0,11.925
optimizer,2011-08-15,21843,10.95,37,8,45,17,17,0,28,15.329999999999998,0.0,15.329999999999998
optimizer,2011-08-15,21621,8.5,75,17,92,19,19,0,73,31.025000000000002,0.0,31.025000000000002
optimizer,2011-08-15,85099F,1.95,91,290,381,328,328,0,53,5.1675,0.0,5.1675
optimizer,2011-08-15,15056N,5.95,81,37,118,138,118,20,0,0.0,35.699999999999996,35.699999999999996
optimizer,2011-08-15,21232,1.25,114,100,214,76,76,0,138,8.625,0.0,8.625
optimizer,2011-08-15,22386,2.08,14,357,371,366,366,0,5,0.52,0.0,0.52
optimizer,2011-08-15,20685,7.95,60,29,89,38,38,0,51,20.2725,0.0,20.2725
optimizer,2011-08-15,85099C,1.95,105,219,324,113,113,0,211,20.5725,0.0,20.5725
optimizer,2011-08-15,20725,1.65,0,293,293,373,293,80,0,0.0,39.6,39.6
optimizer,2011-08-15,79321,4.95,98,135,233,62,62,0,171,42.322500000000005,0.0,42.322500000000005
optimizer,2011-08-15,21754,5.95,78,16,94,67,67,0,27,8.0325,0.0,8.0325
optimizer,2011-08-15,21931,2.08,0,270,270,395,270,125,0,0.0,78.0,78.0
optimizer,2011-08-22,22423,12.75,223,147,370,149,149,0,221,140.88750000000002,0.0,140.88750000000002
optimizer,2011-08-22,85123A,2.95,702,265,967,763,763,0,204,30.090000000000003,0.0,30.090000000000003
optimizer,2011-08-22,85099B,1.95,0,965,965,1458,965,493,0,0.0,288.405,288.405
optimizer,2011-08-22,84879,1.69,108,506,614,810,614,196,0,0.0,99.372,99.372
optimizer,2011-08-22,22086,2.95,211,133,344,28,28,0,316,46.61000000000001,0.0,46.61000000000001
optimizer,2011-08-22,47566,4.95,248,286,534,436,436,0,98,24.255000000000003,0.0,24.255000000000003
optimizer,2011-08-22,84347,2.55,103,17,120,18,18,0,102,13.004999999999999,0.0,13.004999999999999
optimizer,2011-08-22,48138,7.95,30,57,87,12,12,0,75,29.8125,0.0,29.8125
optimizer,2011-08-22,21843,10.95,28,17,45,12,12,0,33,18.0675,0.0,18.0675
optimizer,2011-08-22,21621,8.5,73,15,88,19,19,0,69,29.325000000000003,0.0,29.325000000000003
optimizer,2011-08-22,85099F,1.95,53,328,381,862,381,481,0,0.0,281.385,281.385
optimizer,2011-08-22,15056N,5.95,0,118,118,146,118,28,0,0.0,49.98,49.98
optimizer,2011-08-22,21232,1.25,138,33,171,101,101,0,70,4.375,0.0,4.375
optimizer,2011-08-22,22386,2.08,5,361,366,609,366,243,0,0.0,151.632,151.632
optimizer,2011-08-22,20685,7.95,51,38,89,34,34,0,55,21.8625,0.0,21.8625
optimizer,2011-08-22,85099C,1.95,211,91,302,132,132,0,170,16.575,0.0,16.575
optimizer,2011-08-22,20725,1.65,0,297,297,281,281,0,16,1.32,0.0,1.32
optimizer,2011-08-22,79321,4.95,171,62,233,110,110,0,123,30.442500000000003,0.0,30.442500000000003
optimizer,2011-08-22,21754,5.95,27,67,94,41,41,0,53,15.767500000000002,0.0,15.767500000000002
optimizer,2011-08-22,21931,2.08,0,270,270,356,270,86,0,0.0,53.663999999999994,53.663999999999994
optimizer,2011-08-29,22423,12.75,221,149,370,89,89,0,281,179.13750000000002,0.0,179.13750000000002
optimizer,2011-08-29,85123A,2.95,204,735,939,394,394,0,545,80.3875,0.0,80.3875
optimizer,2011-08-29,85099B,1.95,0,973,973,677,677,0,296,28.86,0.0,28.86
optimizer,2011-08-29,84879,1.69,0,614,614,200,200,0,414,34.983,0.0,34.983
optimizer,2011-08-29,22086,2.95,316,28,344,192,192,0,152,22.42,0.0,22.42
optimizer,2011-08-29,47566,4.95,98,436,534,187,187,0,347,85.88250000000001,0.0,85.88250000000001
optimizer,2011-08-29,84347,2.55,102,44,146,4,4,0,142,18.105,0.0,18.105
optimizer,2011-08-29,48138,7.95,75,12,87,21,21,0,66,26.235000000000003,0.0,26.235000000000003
optimizer,2011-08-29,21843,10.95,33,9,42,9,9,0,33,18.0675,0.0,18.0675
optimizer,2011-08-29,21621,8.5,69,19,88,40,40,0,48,20.400000000000002,0.0,20.400000000000002
optimizer,2011-08-29,85099F,1.95,0,381,381,278,278,0,103,10.0425,0.0,10.0425
optimizer,2011-08-29,15056N,5.95,0,118,118,26,26,0,92,27.37,0.0,27.37
optimizer,2011-08-29,21232,1.25,70,88,158,74,74,0,84,5.25,0.0,5.25
optimizer,2011-08-29,22386,2.08,0,375,375,238,238,0,137,14.248000000000003,0.0,14.248000000000003
optimizer,2011-08-29,20685,7.95,55,34,89,33,33,0,56,22.26,0.0,22.26
optimizer,2011-08-29,85099C,2.08,170,132,302,264,264,0,38,3.9520000000000004,0.0,3.9520000000000004
optimizer,2011-08-29,20725,1.65,16,277,293,192,192,0,101,8.3325,0.0,8.3325
optimizer,2011-08-29,79321,4.95,123,110,233,210,210,0,23,5.692500000000001,0.0,5.692500000000001
optimizer,2011-08-29,21754,5.95,53,35,88,17,17,0,71,21.122500000000002,0.0,21.122500000000002
optimizer,2011-08-29,21931,2.08,0,281,281,302,281,21,0,0.0,13.104,13.104
optimizer,2011-09-05,22423,12.75,281,89,370,105,105,0,265,168.9375,0.0,168.9375
optimizer,2011-09-05,85123A,2.95,545,394,939,407,407,0,532,78.47000000000001,0.0,78.47000000000001
optimizer,2011-09-05,85099B,1.95,296,669,965,536,536,0,429,41.8275,0.0,41.8275
optimizer,2011-09-05,84879,1.69,414,200,614,384,384,0,230,19.435000000000002,0.0,19.435000000000002
optimizer,2011-09-05,22086,2.95,152,192,344,495,344,151,0,0.0,133.63500000000002,133.63500000000002
optimizer,2011-09-05,47566,4.95,347,187,534,224,224,0,310,76.72500000000001,0.0,76.72500000000001
optimizer,2011-09-05,84347,2.55,142,0,142,38,38,0,104,13.26,0.0,13.26
optimizer,2011-09-05,48138,7.95,66,21,87,29,29,0,58,23.055000000000003,0.0,23.055000000000003
optimizer,2011-09-05,21843,10.95,33,9,42,3,3,0,39,21.3525,0.0,21.3525
optimizer,2011-09-05,21621,8.5,48,33,81,54,54,0,27,11.475000000000001,0.0,11.475000000000001
optimizer,2011-09-05,85099F,2.08,103,278,381,189,189,0,192,19.968000000000004,0.0,19.968000000000004
optimizer,2011-09-05,15056N,5.95,92,46,138,98,98,0,40,11.9,0.0,11.9
optimizer,2011-09-05,21232,1.25,84,83,167,287,167,120,0,0.0,45.0,45.0
optimizer,2011-09-05,22386,2.08,137,234,371,617,371,246,0,0.0,153.504,153.504
optimizer,2011-09-05,20685,7.95,56,33,89,20,20,0,69,27.427500000000006,0.0,27.427500000000006
optimizer,2011-09-05,85099C,2.08,38,252,290,439,290,149,0,0.0,92.976,92.976
optimizer,2011-09-05,20725,1.65,101,192,293,304,293,11,0,0.0,5.444999999999999,5.444999999999999
optimizer,2011-09-05,79321,4.95,23,210,233,71,71,0,162,40.095,0.0,40.095
optimizer,2011-09-05,21754,5.95,71,23,94,56,56,0,38,11.305,0.0,11.305
optimizer,2011-09-05,21931,2.08,0,281,281,276,276,0,5,0.52,0.0,0.52
optimizer,2011-09-12,22423,12.75,265,105,370,197,197,0,173,110.28750000000001,0.0,110.28750000000001
optimizer,2011-09-12,85123A,2.95,532,411,943,657,657,0,286,42.185,0.0,42.185
optimizer,2011-09-12,85099B,2.08,429,544,973,743,743,0,230,23.92,0.0,23.92
optimizer,2011-09-12,84879,1.69,230,384,614,740,614,126,0,0.0,63.882,63.882
optimizer,2011-09-12,22086,2.95,0,365,365,481,365,116,0,0.0,102.66000000000001,102.66000000000001
optimizer,2011-09-12,47566,4.95,310,224,534,334,334,0,200,49.5,0.0,49.5
optimizer,2011-09-12,84347,2.55,104,0,104,294,104,190,0,0.0,145.34999999999997,145.34999999999997
optimizer,2011-09-12,48138,7.95,58,29,87,544,87,457,0,0.0,1089.945,1089.945
optimizer,2011-09-12,21843,10.95,39,3,42,29,29,0,13,7.1175,0.0,7.1175
optimizer,2011-09-12,21621,8.5,27,54,81,19,19,0,62,26.35,0.0,26.35
optimizer,2011-09-12,85099F,2.08,192,189,381,302,302,0,79,8.216,0.0,8.216
optimizer,2011-09-12,15056N,5.95,40,78,118,114,114,0,4,1.1900000000000002,0.0,1.1900000000000002
optimizer,2011-09-12,21232,1.25,0,171,171,133,133,0,38,2.375,0.0,2.375
optimizer,2011-09-12,22386,2.08,0,375,375,478,375,103,0,0.0,64.272,64.272
optimizer,2011-09-12,20685,7.95,69,20,89,14,14,0,75,29.8125,0.0,29.8125
optimizer,2011-09-12,85099C,2.08,0,302,302,109,109,0,193,20.072000000000003,0.0,20.072000000000003
optimizer,2011-09-12,20725,1.65,0,304,304,299,299,0,5,0.41250000000000003,0.0,0.41250000000000003
optimizer,2011-09-12,79321,4.95,162,71,233,262,233,29,0,0.0,43.065000000000005,43.065000000000005
optimizer,2011-09-12,21754,5.95,38,50,88,45,45,0,43,12.7925,0.0,12.7925
optimizer,2011-09-12,21931,2.08,5,276,281,331,281,50,0,0.0,31.2,31.2
optimizer,2011-09-19,22423,12.75,173,197,370,100,100,0,270,172.125,0.0,172.125
optimizer,2011-09-19,85123A,2.95,286,649,935,660,660,0,275,40.5625,0.0,40.5625
optimizer,2011-09-19,85099B,2.08,230,735,965,1387,965,422,0,0.0,263.328,263.328
optimizer,2011-09-19,84879,1.69,0,650,650,629,629,0,21,1.7745000000000002,0.0,1.7745000000000002
optimizer,2011-09-19,22086,2.95,0,365,365,584,365,219,0,0.0,193.81500000000003,193.81500000000003
optimizer,2011-09-19,47566,4.95,200,334,534,127,127,0,407,100.73250000000002,0.0,100.73250000000002
optimizer,2011-09-19,84347,2.55,0,120,120,367,120,247,0,0.0,188.95499999999996,188.95499999999996
optimizer,2011-09-19,48138,7.95,0,93,93,23,23,0,70,27.825000000000003,0.0,27.825000000000003
optimizer,2011-09-19,21843,10.95,13,29,42,38,38,0,4,2.19,0.0,2.19
optimizer,2011-09-19,21621,8.5,62,19,81,46,46,0,35,14.875,0.0,14.875
optimizer,2011-09-19,85099F,2.08,79,302,381,509,381,128,0,0.0,79.872,79.872
optimizer,2011-09-19,15056N,5.95,4,114,118,28,28,0,90,26.775000000000002,0.0,26.775000000000002
optimizer,2011-09-19,21232,1.25,38,116,154,207,154,53,0,0.0,19.875,19.875
optimizer,2011-09-19,22386,2.08,0,375,375,599,375,224,0,0.0,139.776,139.776
optimizer,2011-09-19,20685,7.95,75,14,89,11,11,0,78,31.005000000000003,0.0,31.005000000000003
optimizer,2011-09-19,85099C,2.08,193,89,282,440,282,158,0,0.0,98.592,98.592
optimizer,2011-09-19,20725,1.65,5,294,299,212,212,0,87,7.177499999999999,0.0,7.177499999999999
optimizer,2011-09-19,79321,4.95,0,233,233,28,28,0,205,50.737500000000004,0.0,50.737500000000004
optimizer,2011-09-19,21754,5.95,43,45,88,17,17,0,71,21.122500000000002,0.0,21.122500000000002
optimizer,2011-09-19,21931,2.08,0,281,281,278,278,0,3,0.31200000000000006,0.0,0.31200000000000006
optimizer,2011-09-26,22423,12.75,270,88,358,137,137,0,221,140.88750000000002,0.0,140.88750000000002
optimizer,2011-09-26,85123A,2.95,275,660,935,408,408,0,527,77.73250000000002,0.0,77.73250000000002
optimizer,2011-09-26,85099B,2.08,0,965,965,889,889,0,76,7.904000000000001,0.0,7.904000000000001
optimizer,2011-09-26,84879,1.69,21,593,614,799,614,185,0,0.0,93.79499999999999,93.79499999999999
optimizer,2011-09-26,22086,2.95,0,400,400,347,347,0,53,7.817500000000002,0.0,7.817500000000002
optimizer,2011-09-26,47566,4.95,407,127,534,197,197,0,337,83.40750000000001,0.0,83.40750000000001
optimizer,2011-09-26,84347,2.55,0,120,120,40,40,0,80,10.200000000000001,0.0,10.200000000000001
optimizer,2011-09-26,48138,7.95,70,17,87,176,87,89,0,0.0,212.26500000000001,212.26500000000001
optimizer,2011-09-26,21843,10.95,4,38,42,5,5,0,37,20.2575,0.0,20.2575
optimizer,2011-09-26,21621,8.5,35,46,81,22,22,0,59,25.075000000000003,0.0,25.075000000000003
optimizer,2011-09-26,85099F,2.08,0,381,381,206,206,0,175,18.2,0.0,18.2
optimizer,2011-09-26,15056N,5.95,90,28,118,46,46,0,72,21.42,0.0,21.42
optimizer,2011-09-26,21232,1.25,0,154,154,214,154,60,0,0.0,22.5,22.5
optimizer,2011-09-26,22386,2.08,0,403,403,665,403,262,0,0.0,163.488,163.488
optimizer,2011-09-26,20685,7.95,78,11,89,95,89,6,0,0.0,14.31,14.31
optimizer,2011-09-26,85099C,2.08,0,282,282,398,282,116,0,0.0,72.384,72.384
optimizer,2011-09-26,20725,1.65,87,206,293,228,228,0,65,5.362500000000001,0.0,5.362500000000001
optimizer,2011-09-26,79321,4.95,205,28,233,162,162,0,71,17.5725,0.0,17.5725
optimizer,2011-09-26,21754,5.95,71,17,88,33,33,0,55,16.3625,0.0,16.3625
optimizer,2011-09-26,21931,2.08,3,275,278,260,260,0,18,1.8719999999999999,0.0,1.8719999999999999
optimizer,2011-10-03,22423,12.75,221,137,358,298,298,0,60,38.25,0.0,38.25
optimizer,2011-10-03,85123A,2.95,527,408,935,157,157,0,778,114.75500000000002,0.0,114.75500000000002
optimizer,2011-10-03,85099B,2.08,76,889,965,2496,965,1531,0,0.0,955.3439999999999,955.3439999999999
optimizer,2011-10-03,84879,1.69,0,669,669,573,573,0,96,8.112,0.0,8.112
optimizer,2011-10-03,22086,2.95,53,333,386,953,386,567,0,0.0,501.795,501.795
optimizer,2011-10-03,47566,4.95,337,154,491,170,170,0,321,79.4475,0.0,79.4475
optimizer,2011-10-03,84347,2.55,80,0,80,178,80,98,0,0.0,74.96999999999998,74.96999999999998
optimizer,2011-10-03,48138,7.95,0,96,96,30,30,0,66,26.235000000000003,0.0,26.235000000000003
optimizer,2011-10-03,21843,10.95,37,4,41,4,4,0,37,20.2575,0.0,20.2575
optimizer,2011-10-03,21621,8.5,59,20,79,30,30,0,49,20.825000000000003,0.0,20.825000000000003
optimizer,2011-10-03,85099F,2.08,175,228,403,1052,403,649,0,0.0,404.976,404.976
optimizer,2011-10-03,15056N,5.95,72,46,118,22,22,0,96,28.560000000000002,0.0,28.560000000000002
optimizer,2011-10-03,21232,1.25,0,158,158,67,67,0,91,5.6875,0.0,5.6875
optimizer,2011-10-03,22386,2.08,0,407,407,1539,407,1132,0,0.0,706.3679999999999,706.3679999999999
optimizer,2011-10-03,20685,7.95,0,89,89,36,36,0,53,21.067500000000003,0.0,21.067500000000003
optimizer,2011-10-03,85099C,2.08,0,290,290,146,146,0,144,14.975999999999999,0.0,14.975999999999999
optimizer,2011-10-03,20725,1.65,65,228,293,278,278,0,15,1.2375,0.0,1.2375
optimizer,2011-10-03,79321,4.95,71,162,233,47,47,0,186,46.035000000000004,0.0,46.035000000000004
optimizer,2011-10-03,21754,5.95,55,31,86,44,44,0,42,12.495000000000001,0.0,12.495000000000001
optimizer,2011-10-03,21931,2.08,18,260,278,444,278,166,0,0.0,103.584,103.584
optimizer,2011-10-10,22423,12.75,60,282,342,127,127,0,215,137.0625,0.0,137.0625
optimizer,2011-10-10,85123A,2.95,778,157,935,599,599,0,336,49.56,0.0,49.56
optimizer,2011-10-10,85099B,2.08,0,973,973,547,547,0,426,44.304,0.0,44.304
optimizer,2011-10-10,84879,1.69,96,573,669,412,412,0,257,21.7165,0.0,21.7165
optimizer,2011-10-10,22086,2.95,0,400,400,739,400,339,0,0.0,300.015,300.015
optimizer,2011-10-10,47566,4.95,321,170,491,102,102,0,389,96.27750000000002,0.0,96.27750000000002
optimizer,2011-10-10,84347,2.55,0,96,96,469,96,373,0,0.0,285.34499999999997,285.34499999999997
optimizer,2011-10-10,48138,7.95,66,30,96,39,39,0,57,22.657500000000002,0.0,22.657500000000002
optimizer,2011-10-10,21843,10.95,37,3,40,23,23,0,17,9.3075,0.0,9.3075
optimizer,2011-10-10,21621,8.5,49,30,79,17,17,0,62,26.35,0.0,26.35
optimizer,2011-10-10,85099F,2.08,0,403,403,51,51,0,352,36.608000000000004,0.0,36.608000000000004
optimizer,2011-10-10,15056N,5.95,96,22,118,32,32,0,86,25.585,0.0,25.585
optimizer,2011-10-10,21232,1.25,91,63,154,358,154,204,0,0.0,76.5,76.5
optimizer,2011-10-10,22386,2.08,0,408,408,197,197,0,211,21.944000000000003,0.0,21.944000000000003
optimizer,2011-10-10,20685,7.95,53,36,89,39,39,0,50,19.875,0.0,19.875
optimizer,2011-10-10,85099C,2.08,144,138,282,210,210,0,72,7.4879999999999995,0.0,7.4879999999999995
optimizer,2011-10-10,20725,1.65,15,278,293,383,293,90,0,0.0,44.55,44.55
optimizer,2011-10-10,79321,4.95,186,42,228,150,150,0,78,19.305000000000003,0.0,19.305000000000003
optimizer,2011-10-10,21754,5.95,42,36,78,18,18,0,60,17.85,0.0,17.85
optimizer,2011-10-10,21931,2.08,0,281,281,143,143,0,138,14.352000000000002,0.0,14.352000000000002
optimizer,2011-10-17,22423,12.75,215,127,342,89,89,0,253,161.28750000000002,0.0,161.28750000000002
optimizer,2011-10-17,85123A,2.95,336,511,847,152,152,0,695,102.5125,0.0,102.5125
optimizer,2011-10-17,85099B,2.08,426,547,973,725,725,0,248,25.792,0.0,25.792
optimizer,2011-10-17,84879,1.69,257,395,652,740,652,88,0,0.0,44.616,44.616
optimizer,2011-10-17,22086,2.95,0,400,400,698,400,298,0,0.0,263.73,263.73
optimizer,2011-10-17,47566,4.95,389,145,534,203,203,0,331,81.92250000000001,0.0,81.92250000000001
optimizer,2011-10-17,84347,2.55,0,120,120,400,120,280,0,0.0,214.2,214.2
optimizer,2011-10-17,48138,7.95,57,36,93,16,16,0,77,30.6075,0.0,30.6075
optimizer,2011-10-17,21843,10.95,17,23,40,4,4,0,36,19.71,0.0,19.71
optimizer,2011-10-17,21621,8.5,62,17,79,35,35,0,44,18.7,0.0,18.7
optimizer,2011-10-17,85099F,2.08,352,51,403,433,403,30,0,0.0,18.720000000000002,18.720000000000002
optimizer,2011-10-17,15056N,5.95,86,32,118,19,19,0,99,29.452500000000004,0.0,29.452500000000004
optimizer,2011-10-17,21232,1.25,0,171,171,139,139,0,32,2.0,0.0,2.0
optimizer,2011-10-17,22386,2.08,211,197,408,334,334,0,74,7.6960000000000015,0.0,7.6960000000000015
optimizer,2011-10-17,20685,7.95,50,39,89,12,12,0,77,30.6075,0.0,30.6075
optimizer,2011-10-17,85099C,2.08,72,210,282,200,200,0,82,8.528,0.0,8.528
optimizer,2011-10-17,20725,1.65,0,299,299,146,146,0,153,12.6225,0.0,12.6225
optimizer,2011-10-17,79321,5.75,78,155,233,109,109,0,124,35.65,0.0,35.65
optimizer,2011-10-17,21754,5.95,60,15,75,34,34,0,41,12.197500000000002,0.0,12.197500000000002
optimizer,2011-10-17,21931,2.08,138,159,297,140,140,0,157,16.328,0.0,16.328
optimizer,2011-10-24,22423,12.75,253,62,315,121,121,0,194,123.67500000000001,0.0,123.67500000000001
optimizer,2011-10-24,85123A,2.95,695,152,847,369,369,0,478,70.50500000000001,0.0,70.50500000000001
optimizer,2011-10-24,85099B,2.08,248,725,973,490,490,0,483,50.232,0.0,50.232
optimizer,2011-10-24,84879,1.69,0,639,639,745,639,106,0,0.0,53.742,53.742
optimizer,2011-10-24,22086,2.95,0,457,457,632,457,175,0,0.0,154.875,154.875
optimizer,2011-10-24,47566,4.95,331,203,534,78,78,0,456,112.86000000000001,0.0,112.86000000000001
optimizer,2011-10-24,84347,2.55,0,120,120,677,120,557,0,0.0,426.10499999999996,426.10499999999996
optimizer,2011-10-24,48138,7.95,77,16,93,20,20,0,73,29.017500000000002,0.0,29.017500000000002
optimizer,2011-10-24,21843,10.95,36,2,38,13,13,0,25,13.6875,0.0,13.6875
optimizer,2011-10-24,21621,8.5,44,35,79,12,12,0,67,28.475,0.0,28.475
optimizer,2011-10-24,85099F,2.08,0,413,413,30,30,0,383,39.832,0.0,39.832
optimizer,2011-10-24,15056N,5.95,99,15,114,107,107,0,7,2.0825,0.0,2.0825
optimizer,2011-10-24,21232,1.25,32,126,158,137,137,0,21,1.3125,0.0,1.3125
optimizer,2011-10-24,22386,2.08,74,334,408,343,343,0,65,6.760000000000002,0.0,6.760000000000002
optimizer,2011-10-24,20685,7.95,77,12,89,52,52,0,37,14.707500000000003,0.0,14.707500000000003
optimizer,2011-10-24,85099C,2.08,82,196,278,391,278,113,0,0.0,70.512,70.512
optimizer,2011-10-24,20725,1.65,153,146,299,234,234,0,65,5.362500000000001,0.0,5.362500000000001
optimizer,2011-10-24,79321,5.75,124,109,233,431,233,198,0,0.0,341.55,341.55
optimizer,2011-10-24,21754,5.95,41,30,71,48,48,0,23,6.8425,0.0,6.8425
optimizer,2011-10-24,21931,2.08,157,140,297,242,242,0,55,5.720000000000001,0.0,5.720000000000001
optimizer,2011-10-31,22423,12.75,194,119,313,236,236,0,77,49.087500000000006,0.0,49.087500000000006
optimizer,2011-10-31,85123A,2.95,478,366,844,1691,844,847,0,0.0,749.595,749.595
optimizer,2011-10-31,85099B,2.08,483,490,973,823,823,0,150,15.600000000000001,0.0,15.600000000000001
optimizer,2011-10-31,84879,1.69,0,629,629,912,629,283,0,0.0,143.481,143.481
optimizer,2011-10-31,22086,2.95,0,481,481,1717,481,1236,0,0.0,1093.8600000000001,1093.8600000000001
optimizer,2011-10-31,47566,4.95,456,78,534,102,102,0,432,106.92000000000002,0.0,106.92000000000002
optimizer,2011-10-31,84347,2.55,0,120,120,319,120,199,0,0.0,152.23499999999999,152.23499999999999
optimizer,2011-10-31,48138,7.95,73,20,93,32,32,0,61,24.247500000000002,0.0,24.247500000000002
optimizer,2011-10-31,21843,10.95,25,13,38,34,34,0,4,2.19,0.0,2.19
optimizer,2011-10-31,21621,8.5,67,12,79,20,20,0,59,25.075000000000003,0.0,25.075000000000003
optimizer,2011-10-31,85099F,2.08,383,20,403,193,193,0,210,21.840000000000003,0.0,21.840000000000003
optimizer,2011-10-31,15056N,5.95,7,107,114,10,10,0,104,30.940000000000005,0.0,30.940000000000005
optimizer,2011-10-31,21232,1.25,21,133,154,201,154,47,0,0.0,17.625,17.625
optimizer,2011-10-31,22386,2.08,65,343,408,293,293,0,115,11.96,0.0,11.96
optimizer,2011-10-31,20685,7.95,37,52,89,90,89,1,0,0.0,2.385,2.385
optimizer,2011-10-31,85099C,2.08,0,282,282,90,90,0,192,19.968000000000004,0.0,19.968000000000004
optimizer,2011-10-31,20725,1.65,65,234,299,223,223,0,76,6.27,0.0,6.27
optimizer,2011-10-31,79321,5.75,0,234,234,166,166,0,68,19.55,0.0,19.55
optimizer,2011-10-31,21754,5.95,23,48,71,58,58,0,13,3.8675000000000006,0.0,3.8675000000000006
optimizer,2011-10-31,21931,2.08,55,242,297,245,245,0,52,5.408,0.0,5.408
optimizer,2011-11-07,22423,12.75,77,236,313,157,157,0,156,99.45,0.0,99.45
optimizer,2011-11-07,85123A,2.95,0,844,844,524,524,0,320,47.2,0.0,47.2
optimizer,2011-11-07,85099B,2.08,150,823,973,2060,973,1087,0,0.0,678.288,678.288
optimizer,2011-11-07,84879,1.69,0,630,630,1740,630,1110,0,0.0,562.77,562.77
optimizer,2011-11-07,22086,2.95,0,481,481,1273,481,792,0,0.0,700.92,700.92
optimizer,2011-11-07,47566,4.95,432,102,534,135,135,0,399,98.75250000000001,0.0,98.75250000000001
optimizer,2011-11-07,84347,2.55,0,120,120,584,120,464,0,0.0,354.9599999999999,354.9599999999999
optimizer,2011-11-07,48138,7.95,61,26,87,33,33,0,54,21.465000000000003,0.0,21.465000000000003
optimizer,2011-11-07,21843,10.95,4,34,38,27,27,0,11,6.0225,0.0,6.0225
optimizer,2011-11-07,21621,8.5,59,20,79,32,32,0,47,19.975,0.0,19.975
optimizer,2011-11-07,85099F,2.08,210,203,413,301,301,0,112,11.648000000000001,0.0,11.648000000000001
optimizer,2011-11-07,15056N,5.95,104,3,107,29,29,0,78,23.205000000000002,0.0,23.205000000000002
optimizer,2011-11-07,21232,1.25,0,154,154,135,135,0,19,1.1875,0.0,1.1875
optimizer,2011-11-07,22386,2.08,115,293,408,416,408,8,0,0.0,4.992,4.992
optimizer,2011-11-07,20685,7.95,0,90,90,36,36,0,54,21.465000000000003,0.0,21.465000000000003
optimizer,2011-11-07,85099C,2.08,192,98,290,253,253,0,37,3.8480000000000008,0.0,3.8480000000000008
optimizer,2011-11-07,20725,1.65,76,217,293,526,293,233,0,0.0,115.335,115.335
optimizer,2011-11-07,79321,5.75,68,166,234,482,234,248,0,0.0,427.8,427.8
optimizer,2011-11-07,21754,5.95,13,57,70,30,30,0,40,11.9,0.0,11.9
optimizer,2011-11-07,21931,2.08,52,245,297,404,297,107,0,0.0,66.768,66.768
optimizer,2011-11-14,22423,12.75,156,154,310,148,148,0,162,103.275,0.0,103.275
optimizer,2011-11-14,85123A,2.95,320,443,763,1172,763,409,0,0.0,361.96500000000003,361.96500000000003
optimizer,2011-11-14,85099B,2.08,0,973,973,1562,973,589,0,0.0,367.536,367.536
optimizer,2011-11-14,84879,1.69,0,669,669,1102,669,433,0,0.0,219.53099999999998,219.53099999999998
optimizer,2011-11-14,22086,2.95,0,490,490,2149,490,1659,0,0.0,1468.215,1468.215
optimizer,2011-11-14,47566,4.95,399,135,534,109,109,0,425,105.1875,0.0,105.1875
optimizer,2011-11-14,84347,2.55,0,178,178,735,178,557,0,0.0,426.10499999999996,426.10499999999996
optimizer,2011-11-14,48138,7.95,54,27,81,39,39,0,42,16.695000000000004,0.0,16.695000000000004
optimizer,2011-11-14,21843,10.95,11,23,34,4,4,0,30,16.425,0.0,16.425
optimizer,2011-11-14,21621,8.5,47,32,79,16,16,0,63,26.775000000000002,0.0,26.775000000000002
optimizer,2011-11-14,85099F,2.08,112,291,403,196,196,0,207,21.528000000000002,0.0,21.528000000000002
optimizer,2011-11-14,15056N,5.95,78,29,107,97,97,0,10,2.975,0.0,2.975
optimizer,2011-11-14,21232,1.25,19,135,154,733,154,579,0,0.0,217.125,217.125
optimizer,2011-11-14,22386,2.08,0,408,408,472,408,64,0,0.0,39.936,39.936
optimizer,2011-11-14,20685,7.95,54,35,89,26,26,0,63,25.042500000000004,0.0,25.042500000000004
optimizer,2011-11-14,85099C,2.08,37,241,278,620,278,342,0,0.0,213.408,213.408
optimizer,2011-11-14,20725,1.65,0,304,304,449,304,145,0,0.0,71.77499999999999,71.77499999999999
optimizer,2011-11-14,79321,5.75,0,234,234,381,234,147,0,0.0,253.575,253.575
optimizer,2011-11-14,21754,5.95,40,30,70,58,58,0,12,3.5700000000000003,0.0,3.5700000000000003
optimizer,2011-11-14,21931,2.08,0,297,297,149,149,0,148,15.392000000000003,0.0,15.392000000000003
optimizer,2011-11-21,22423,12.75,162,144,306,173,173,0,133,84.78750000000001,0.0,84.78750000000001
optimizer,2011-11-21,85123A,2.95,0,778,778,558,558,0,220,32.45,0.0,32.45
optimizer,2011-11-21,85099B,2.08,0,976,976,727,727,0,249,25.896000000000004,0.0,25.896000000000004
optimizer,2011-11-21,84879,1.69,0,669,669,957,669,288,0,0.0,146.016,146.016
optimizer,2011-11-21,22086,2.95,0,495,495,1660,495,1165,0,0.0,1031.0249999999999,1031.0249999999999
optimizer,2011-11-21,47566,4.95,425,109,534,451,451,0,83,20.542500000000004,0.0,20.542500000000004
optimizer,2011-11-21,84347,2.55,0,178,178,1144,178,966,0,0.0,738.9899999999999,738.9899999999999
optimizer,2011-11-21,48138,7.95,42,39,81,89,81,8,0,0.0,19.08,19.08
optimizer,2011-11-21,21843,10.95,30,2,32,104,32,72,0,0.0,236.51999999999998,236.51999999999998
optimizer,2011-11-21,21621,8.5,63,16,79,25,25,0,54,22.950000000000003,0.0,22.950000000000003
optimizer,2011-11-21,85099F,2.08,207,196,403,52,52,0,351,36.504000000000005,0.0,36.504000000000005
optimizer,2011-11-21,15056N,5.95,10,97,107,8,8,0,99,29.452500000000004,0.0,29.452500000000004
optimizer,2011-11-21,21232,1.25,0,154,154,165,154,11,0,0.0,4.125,4.125
optimizer,2011-11-21,22386,2.08,0,408,408,253,253,0,155,16.12,0.0,16.12
optimizer,2011-11-21,20685,7.95,63,26,89,96,89,7,0,0.0,16.695,16.695
optimizer,2011-11-21,85099C,2.08,0,278,278,203,203,0,75,7.800000000000001,0.0,7.800000000000001
optimizer,2011-11-21,20725,1.65,0,304,304,256,256,0,48,3.9599999999999995,0.0,3.9599999999999995
optimizer,2011-11-21,79321,5.75,0,234,234,959,234,725,0,0.0,1250.625,1250.625
optimizer,2011-11-21,21754,5.95,12,57,69,58,58,0,11,3.2725000000000004,0.0,3.2725000000000004
optimizer,2011-11-21,21931,2.08,148,133,281,209,209,0,72,7.4879999999999995,0.0,7.4879999999999995
optimizer,2011-11-28,22423,12.75,133,168,301,197,197,0,104,66.3,0.0,66.3
optimizer,2011-11-28,85123A,2.95,220,543,763,655,655,0,108,15.930000000000001,0.0,15.930000000000001
optimizer,2011-11-28,85099B,2.08,249,724,973,1009,973,36,0,0.0,22.464,22.464
optimizer,2011-11-28,84879,1.69,0,689,689,953,689,264,0,0.0,133.84799999999998,133.84799999999998
optimizer,2011-11-28,22086,2.95,0,495,495,1518,495,1023,0,0.0,905.3550000000001,905.3550000000001
optimizer,2011-11-28,47566,4.95,83,451,534,101,101,0,433,107.1675,0.0,107.1675
optimizer,2011-11-28,84347,2.55,0,178,178,687,178,509,0,0.0,389.38499999999993,389.38499999999993
optimizer,2011-11-28,48138,7.95,0,87,87,35,35,0,52,20.67,0.0,20.67
optimizer,2011-11-28,21843,10.95,0,34,34,42,34,8,0,0.0,26.279999999999998,26.279999999999998
optimizer,2011-11-28,21621,8.5,54,25,79,33,33,0,46,19.55,0.0,19.55
optimizer,2011-11-28,85099F,2.08,351,52,403,426,403,23,0,0.0,14.352,14.352
optimizer,2011-11-28,15056N,5.95,99,8,107,30,30,0,77,22.907500000000002,0.0,22.907500000000002
optimizer,2011-11-28,21232,1.25,0,154,154,379,154,225,0,0.0,84.375,84.375
optimizer,2011-11-28,22386,2.08,155,253,408,416,408,8,0,0.0,4.992,4.992
optimizer,2011-11-28,20685,7.95,0,89,89,95,89,6,0,0.0,14.31,14.31
optimizer,2011-11-28,85099C,2.08,75,203,278,384,278,106,0,0.0,66.144,66.144
optimizer,2011-11-28,20725,1.65,48,256,304,321,304,17,0,0.0,8.415,8.415
optimizer,2011-11-28,79321,5.75,0,234,234,314,234,80,0,0.0,138.0,138.0
optimizer,2011-11-28,21754,5.95,11,56,67,52,52,0,15,4.4625,0.0,4.4625
optimizer,2011-11-28,21931,2.08,72,206,278,257,257,0,21,2.184,0.0,2.184
optimizer_unit,2010-12-06,22423,12.75,0,300,300,785,300,485,0,0.0,1855.125,1855.125
optimizer_unit,2010-12-06,85123A,2.95,0,1042,1042,1121,1042,79,0,0.0,69.915,69.915
optimizer_unit,2010-12-06,85099B,1.95,0,954,954,842,842,0,112,10.920000000000002,0.0,10.920000000000002
optimizer_unit,2010-12-06,84879,1.69,0,737,737,669,669,0,68,5.746,0.0,5.746
optimizer_unit,2010-12-06,22086,2.95,0,128,128,1048,128,920,0,0.0,814.1999999999999,814.1999999999999
optimizer_unit,2010-12-06,47566,4.65,0,205,205,144,144,0,61,14.182500000000003,0.0,14.182500000000003
optimizer_unit,2010-12-06,84347,2.55,0,36,36,661,36,625,0,0.0,478.125,478.125
optimizer_unit,2010-12-06,48138,7.49,0,125,125,87,87,0,38,14.231000000000002,0.0,14.231000000000002
optimizer_unit,2010-12-06,21843,10.95,0,74,74,96,74,22,0,0.0,72.27,72.27
optimizer_unit,2010-12-06,21621,8.5,0,96,96,23,23,0,73,31.025000000000002,0.0,31.025000000000002
optimizer_unit,2010-12-06,85099F,1.95,0,379,379,162,162,0,217,21.1575,0.0,21.1575
optimizer_unit,2010-12-06,15056N,5.95,0,118,118,29,29,0,89,26.477500000000006,0.0,26.477500000000006
optimizer_unit,2010-12-06,21232,1.25,0,502,502,377,377,0,125,7.8125,0.0,7.8125
optimizer_unit,2010-12-06,22386,1.95,0,344,344,260,260,0,84,8.19,0.0,8.19
optimizer_unit,2010-12-06,20685,7.49,0,87,87,145,87,58,0,0.0,130.326,130.326
optimizer_unit,2010-12-06,85099C,1.95,0,405,405,449,405,44,0,0.0,25.74,25.74
optimizer_unit,2010-12-06,20725,1.65,0,368,368,233,233,0,135,11.137500000000001,0.0,11.137500000000001
optimizer_unit,2010-12-06,79321,4.95,0,110,110,337,110,227,0,0.0,337.095,337.095
optimizer_unit,2010-12-06,21754,5.95,0,101,101,127,101,26,0,0.0,46.410000000000004,46.410000000000004
optimizer_unit,2010-12-06,21931,1.95,0,344,344,209,209,0,135,13.162500000000001,0.0,13.162500000000001
optimizer_unit,2010-12-13,22423,12.75,0,314,314,370,314,56,0,0.0,214.2,214.2
optimizer_unit,2010-12-13,85123A,2.95,0,1042,1042,935,935,0,107,15.782500000000002,0.0,15.782500000000002
optimizer_unit,2010-12-13,85099B,1.95,112,841,953,407,407,0,546,53.23500000000001,0.0,53.23500000000001
optimizer_unit,2010-12-13,84879,1.69,68,669,737,614,614,0,123,10.393500000000001,0.0,10.393500000000001
optimizer_unit,2010-12-13,22086,2.95,0,128,128,597,128,469,0,0.0,415.06500000000005,415.06500000000005
optimizer_unit,2010-12-13,47566,4.65,61,146,207,28,28,0,179,41.61750000000001,0.0,41.61750000000001
optimizer_unit,2010-12-13,84347,2.55,0,47,47,765,47,718,0,0.0,549.27,549.27
optimizer_unit,2010-12-13,48138,7.49,38,95,133,51,51,0,82,30.709000000000003,0.0,30.709000000000003
optimizer_unit,2010-12-13,21843,10.95,0,74,74,51,51,0,23,12.592500000000001,0.0,12.592500000000001
optimizer_unit,2010-12-13,21621,8.5,73,23,96,21,21,0,75,31.875,0.0,31.875
optimizer_unit,2010-12-13,85099F,1.95,217,157,374,229,229,0,145,14.137500000000001,0.0,14.137500000000001
optimizer_unit,2010-12-13,15056N,5.95,89,27,116,14,14,0,102,30.345,0.0,30.345
optimizer_unit,2010-12-13,21232,1.25,125,344,469,312,312,0,157,9.8125,0.0,9.8125
optimizer_unit,2010-12-13,22386,1.95,84,260,344,97,97,0,247,24.0825,0.0,24.0825
optimizer_unit,2010-12-13,20685,7.49,0,87,87,58,58,0,29,10.860500000000002,0.0,10.860500000000002
optimizer_unit,2010-12-13,85099C,1.95,0,405,405,127,127,0,278,27.105000000000004,0.0,27.105000000000004
optimizer_unit,2010-12-13,20725,1.65,135,233,368,177,177,0,191,15.7575,0.0,15.7575
optimizer_unit,2010-12-13,79321,4.95,0,116,116,589,116,473,0,0.0,702.405,702.405
optimizer_unit,2010-12-13,21754,5.95,0,101,101,69,69,0,32,9.520000000000001,0.0,9.520000000000001
optimizer_unit,2010-12-13,21931,1.95,135,209,344,174,174,0,170,16.575,0.0,16.575
optimizer_unit,2010-12-20,22423,12.75,0,330,330,174,174,0,156,99.45,0.0,99.45
optimizer_unit,2010-12-20,85123A,2.95,107,931,1038,174,174,0,864,127.44000000000001,0.0,127.44000000000001
optimizer_unit,2010-12-20,85099B,1.95,546,391,937,170,170,0,767,74.7825,0.0,74.7825
optimizer_unit,2010-12-20,84879,1.69,123,613,736,16,16,0,720,60.84,0.0,60.84
optimizer_unit,2010-12-20,22086,2.95,0,128,128,125,125,0,3,0.4425000000000001,0.0,0.4425000000000001
optimizer_unit,2010-12-20,47566,4.65,179,28,207,24,24,0,183,42.54750000000001,0.0,42.54750000000001
optimizer_unit,2010-12-20,84347,2.55,0,60,60,184,60,124,0,0.0,94.86,94.86
optimizer_unit,2010-12-20,48138,7.49,82,51,133,7,7,0,126,47.187000000000005,0.0,47.187000000000005
optimizer_unit,2010-12-20,21843,10.95,23,48,71,10,10,0,61,33.3975,0.0,33.3975
optimizer_unit,2010-12-20,21621,8.5,75,21,96,15,15,0,81,34.425000000000004,0.0,34.425000000000004
optimizer_unit,2010-12-20,85099F,1.95,145,234,379,11,11,0,368,35.88,0.0,35.88
optimizer_unit,2010-12-20,15056N,5.95,102,14,116,32,32,0,84,24.990000000000002,0.0,24.990000000000002
optimizer_unit,2010-12-20,21232,1.25,157,311,468,47,47,0,421,26.3125,0.0,26.3125
optimizer_unit,2010-12-20,22386,1.95,247,97,344,9,9,0,335,32.6625,0.0,32.6625
optimizer_unit,2010-12-20,20685,7.49,29,57,86,18,18,0,68,25.466,0.0,25.466
optimizer_unit,2010-12-20,85099C,1.95,278,131,409,117,117,0,292,28.47,0.0,28.47
optimizer_unit,2010-12-20,20725,1.65,191,177,368,44,44,0,324,26.730000000000004,0.0,26.730000000000004
optimizer_unit,2010-12-20,79321,4.95,0,116,116,60,60,0,56,13.86,0.0,13.86
optimizer_unit,2010-12-20,21754,5.95,32,63,95,13,13,0,82,24.395000000000003,0.0,24.395000000000003
optimizer_unit,2010-12-20,21931,1.95,170,168,338,61,61,0,277,27.0075,0.0,27.0075
optimizer_unit,2010-12-27,22423,12.75,156,174,330,0,0,0,330,210.375,0.0,210.375
optimizer_unit,2010-12-27,85123A,2.95,864,173,1037,0,0,0,1037,152.9575,0.0,152.9575
optimizer_unit,2010-12-27,85099B,1.95,767,170,937,0,0,0,937,91.3575,0.0,91.3575
optimizer_unit,2010-12-27,84879,1.69,720,16,736,0,0,0,736,62.192,0.0,62.192
optimizer_unit,2010-12-27,22086,2.95,3,125,128,0,0,0,128,18.880000000000003,0.0,18.880000000000003
optimizer_unit,2010-12-27,47566,4.65,183,24,207,0,0,0,207,48.127500000000005,0.0,48.127500000000005
optimizer_unit,2010-12-27,84347,2.55,0,61,61,0,0,0,61,7.7775,0.0,7.7775
optimizer_unit,2010-12-27,48138,7.49,126,7,133,0,0,0,133,49.80850000000001,0.0,49.80850000000001
optimizer_unit,2010-12-27,21843,10.95,61,10,71,0,0,0,71,38.8725,0.0,38.8725
optimizer_unit,2010-12-27,21621,8.5,81,15,96,0,0,0,96,40.800000000000004,0.0,40.800000000000004
optimizer_unit,2010-12-27,85099F,1.95,368,11,379,0,0,0,379,36.9525,0.0,36.9525
optimizer_unit,2010-12-27,15056N,5.95,84,32,116,0,0,0,116,34.510000000000005,0.0,34.510000000000005
optimizer_unit,2010-12-27,21232,1.25,421,47,468,0,0,0,468,29.25,0.0,29.25
optimizer_unit,2010-12-27,22386,1.95,335,9,344,0,0,0,344,33.54,0.0,33.54
optimizer_unit,2010-12-27,20685,7.49,68,18,86,0,0,0,86,32.207,0.0,32.207
optimizer_unit,2010-12-27,85099C,1.95,292,117,409,0,0,0,409,39.8775,0.0,39.8775
optimizer_unit,2010-12-27,20725,1.65,324,44,368,0,0,0,368,30.36,0.0,30.36
optimizer_unit,2010-12-27,79321,4.95,56,60,116,0,0,0,116,28.710000000000004,0.0,28.710000000000004
optimizer_unit,2010-12-27,21754,5.95,82,13,95,0,0,0,95,28.262500000000003,0.0,28.262500000000003
optimizer_unit,2010-12-27,21931,1.95,277,61,338,0,0,0,338,32.955000000000005,0.0,32.955000000000005
optimizer_unit,2011-01-03,22423,12.75,330,0,330,245,245,0,85,54.1875,0.0,54.1875
optimizer_unit,2011-01-03,85123A,2.95,1037,0,1037,967,967,0,70,10.325000000000001,0.0,10.325000000000001
optimizer_unit,2011-01-03,85099B,1.95,937,0,937,1254,937,317,0,0.0,185.445,185.445
optimizer_unit,2011-01-03,84879,1.69,736,0,736,480,480,0,256,21.632,0.0,21.632
optimizer_unit,2011-01-03,22086,2.95,128,0,128,16,16,0,112,16.520000000000003,0.0,16.520000000000003
optimizer_unit,2011-01-03,47566,4.65,207,0,207,145,145,0,62,14.415000000000001,0.0,14.415000000000001
optimizer_unit,2011-01-03,84347,2.55,61,0,61,9,9,0,52,6.63,0.0,6.63
optimizer_unit,2011-01-03,48138,7.49,133,0,133,43,43,0,90,33.705000000000005,0.0,33.705000000000005
optimizer_unit,2011-01-03,21843,10.95,71,0,71,21,21,0,50,27.375,0.0,27.375
optimizer_unit,2011-01-03,21621,8.5,96,0,96,40,40,0,56,23.8,0.0,23.8
optimizer_unit,2011-01-03,85099F,1.95,379,0,379,703,379,324,0,0.0,189.54,189.54
optimizer_unit,2011-01-03,15056N,5.95,116,0,116,18,18,0,98,29.155,0.0,29.155
optimizer_unit,2011-01-03,21232,1.25,468,0,468,124,124,0,344,21.5,0.0,21.5
optimizer_unit,2011-01-03,22386,1.95,344,0,344,513,344,169,0,0.0,98.865,98.865
optimizer_unit,2011-01-03,20685,7.49,86,0,86,36,36,0,50,18.725,0.0,18.725
optimizer_unit,2011-01-03,85099C,1.95,409,0,409,477,409,68,0,0.0,39.779999999999994,39.779999999999994
optimizer_unit,2011-01-03,20725,1.65,368,0,368,318,318,0,50,4.125,0.0,4.125
optimizer_unit,2011-01-03,79321,4.95,116,0,116,861,116,745,0,0.0,1106.325,1106.325
optimizer_unit,2011-01-03,21754,5.95,95,0,95,102,95,7,0,0.0,12.495,12.495
optimizer_unit,2011-01-03,21931,1.95,338,0,338,216,216,0,122,11.895000000000001,0.0,11.895000000000001
optimizer_unit,2011-01-10,22423,12.75,85,245,330,161,161,0,169,107.73750000000001,0.0,107.73750000000001
optimizer_unit,2011-01-10,85123A,2.95,70,924,994,3329,994,2335,0,0.0,2066.475,2066.475
optimizer_unit,2011-01-10,85099B,1.95,0,954,954,185,185,0,769,74.9775,0.0,74.9775
optimizer_unit,2011-01-10,84879,1.69,256,480,736,402,402,0,334,28.223000000000003,0.0,28.223000000000003
optimizer_unit,2011-01-10,22086,2.95,112,16,128,6,6,0,122,17.995,0.0,17.995
optimizer_unit,2011-01-10,47566,4.65,62,145,207,65,65,0,142,33.01500000000001,0.0,33.01500000000001
optimizer_unit,2011-01-10,84347,2.55,52,9,61,13,13,0,48,6.12,0.0,6.12
optimizer_unit,2011-01-10,48138,7.49,90,35,125,11,11,0,114,42.693000000000005,0.0,42.693000000000005
optimizer_unit,2011-01-10,21843,10.95,50,14,64,7,7,0,57,31.2075,0.0,31.2075
optimizer_unit,2011-01-10,21621,8.5,56,40,96,338,96,242,0,0.0,617.1,617.1
optimizer_unit,2011-01-10,85099F,1.95,0,393,393,349,349,0,44,4.29,0.0,4.29
optimizer_unit,2011-01-10,15056N,5.95,98,17,115,55,55,0,60,17.85,0.0,17.85
optimizer_unit,2011-01-10,21232,1.25,344,111,455,28,28,0,427,26.6875,0.0,26.6875
optimizer_unit,2011-01-10,22386,1.95,0,368,368,323,323,0,45,4.3875,0.0,4.3875
optimizer_unit,2011-01-10,20685,7.49,50,36,86,22,22,0,64,23.968000000000004,0.0,23.968000000000004
optimizer_unit,2011-01-10,85099C,1.95,0,413,413,76,76,0,337,32.8575,0.0,32.8575
optimizer_unit,2011-01-10,20725,1.65,50,318,368,282,282,0,86,7.095000000000001,0.0,7.095000000000001
optimizer_unit,2011-01-10,79321,4.95,0,123,123,175,123,52,0,0.0,77.22000000000001,77.22000000000001
optimizer_unit,2011-01-10,21754,5.95,0,101,101,70,70,0,31,9.222500000000002,0.0,9.222500000000002
optimizer_unit,2011-01-10,21931,1.95,122,216,338,281,281,0,57,5.5575,0.0,5.5575
optimizer_unit,2011-01-17,22423,12.75,169,161,330,107,107,0,223,142.1625,0.0,142.1625
optimizer_unit,2011-01-17,85123A,2.95,0,1004,1004,400,400,0,604,89.09000000000002,0.0,89.09000000000002
optimizer_unit,2011-01-17,85099B,1.95,769,174,943,274,274,0,669,65.2275,0.0,65.2275
optimizer_unit,2011-01-17,84879,1.69,334,402,736,139,139,0,597,50.4465,0.0,50.4465
optimizer_unit,2011-01-17,22086,2.95,122,6,128,2,2,0,126,18.585000000000004,0.0,18.585000000000004
optimizer_unit,2011-01-17,47566,4.65,142,65,207,64,64,0,143,33.2475,0.0,33.2475
optimizer_unit,2011-01-17,84347,2.55,48,13,61,11,11,0,50,6.375,0.0,6.375
optimizer_unit,2011-01-17,48138,7.49,114,9,123,44,44,0,79,29.585500000000003,0.0,29.585500000000003
optimizer_unit,2011-01-17,21843,10.95,57,7,64,10,10,0,54,29.564999999999998,0.0,29.564999999999998
optimizer_unit,2011-01-17,21621,8.5,0,97,97,18,18,0,79,33.575,0.0,33.575
optimizer_unit,2011-01-17,85099F,1.95,44,335,379,139,139,0,240,23.400000000000002,0.0,23.400000000000002
optimizer_unit,2011-01-17,15056N,5.95,60,55,115,20,20,0,95,28.262500000000003,0.0,28.262500000000003
optimizer_unit,2011-01-17,21232,1.25,427,28,455,124,124,0,331,20.6875,0.0,20.6875
optimizer_unit,2011-01-17,22386,1.95,45,323,368,73,73,0,295,28.762500000000003,0.0,28.762500000000003
optimizer_unit,2011-01-17,20685,7.49,64,21,85,80,80,0,5,1.8725000000000003,0.0,1.8725000000000003
optimizer_unit,2011-01-17,85099C,1.95,337,68,405,58,58,0,347,33.8325,0.0,33.8325
optimizer_unit,2011-01-17,20725,1.65,86,282,368,128,128,0,240,19.8,0.0,19.8
optimizer_unit,2011-01-17,79321,4.95,0,148,148,161,148,13,0,0.0,19.305000000000003,19.305000000000003
optimizer_unit,2011-01-17,21754,5.95,31,70,101,45,45,0,56,16.66,0.0,16.66
optimizer_unit,2011-01-17,21931,1.95,57,281,338,80,80,0,258,25.155,0.0,25.155
optimizer_unit,2011-01-24,22423,12.75,223,107,330,130,130,0,200,127.5,0.0,127.5
optimizer_unit,2011-01-24,85123A,2.95,604,400,1004,522,522,0,482,71.09500000000001,0.0,71.09500000000001
optimizer_unit,2011-01-24,85099B,1.95,669,285,954,482,482,0,472,46.02,0.0,46.02
optimizer_unit,2011-01-24,84879,1.69,597,110,707,344,344,0,363,30.673500000000004,0.0,30.673500000000004
optimizer_unit,2011-01-24,22086,2.95,126,2,128,0,0,0,128,18.880000000000003,0.0,18.880000000000003
optimizer_unit,2011-01-24,47566,4.65,143,64,207,141,141,0,66,15.345000000000002,0.0,15.345000000000002
optimizer_unit,2011-01-24,84347,2.55,50,11,61,1,1,0,60,7.65,0.0,7.65
optimizer_unit,2011-01-24,48138,7.49,79,40,119,101,101,0,18,6.741,0.0,6.741
optimizer_unit,2011-01-24,21843,10.95,54,10,64,23,23,0,41,22.4475,0.0,22.4475
optimizer_unit,2011-01-24,21621,8.5,79,18,97,27,27,0,70,29.75,0.0,29.75
optimizer_unit,2011-01-24,85099F,1.95,240,155,395,93,93,0,302,29.445,0.0,29.445
optimizer_unit,2011-01-24,15056N,5.95,95,20,115,36,36,0,79,23.5025,0.0,23.5025
optimizer_unit,2011-01-24,21232,1.25,331,124,455,158,158,0,297,18.5625,0.0,18.5625
optimizer_unit,2011-01-24,22386,1.95,295,73,368,189,189,0,179,17.4525,0.0,17.4525
optimizer_unit,2011-01-24,20685,7.49,5,80,85,127,85,42,0,0.0,94.374,94.374
optimizer_unit,2011-01-24,85099C,1.95,347,62,409,211,211,0,198,19.305,0.0,19.305
optimizer_unit,2011-01-24,20725,1.65,240,117,357,161,161,0,196,16.169999999999998,0.0,16.169999999999998
optimizer_unit,2011-01-24,79321,4.95,0,161,161,105,105,0,56,13.86,0.0,13.86
optimizer_unit,2011-01-24,21754,5.95,56,45,101,71,71,0,30,8.925,0.0,8.925
optimizer_unit,2011-01-24,21931,1.95,258,80,338,259,259,0,79,7.7025,0.0,7.7025
optimizer_unit,2011-01-31,22423,12.75,200,130,330,103,103,0,227,144.7125,0.0,144.7125
optimizer_unit,2011-01-31,85123A,2.95,482,512,994,550,550,0,444,65.49000000000001,0.0,65.49000000000001
optimizer_unit,2011-01-31,85099B,1.95,472,482,954,945,945,0,9,0.8775000000000001,0.0,0.8775000000000001
optimizer_unit,2011-01-31,84879,1.69,363,344,707,705,705,0,2,0.169,0.0,0.169
optimizer_unit,2011-01-31,22086,2.95,128,0,128,0,0,0,128,18.880000000000003,0.0,18.880000000000003
optimizer_unit,2011-01-31,47566,4.65,66,141,207,232,207,25,0,0.0,34.875,34.875
optimizer_unit,2011-01-31,84347,2.55,60,1,61,12,12,0,49,6.2475,0.0,6.2475
optimizer_unit,2011-01-31,48138,7.49,18,99,117,41,41,0,76,28.462000000000003,0.0,28.462000000000003
optimizer_unit,2011-01-31,21843,10.95,41,23,64,14,14,0,50,27.375,0.0,27.375
optimizer_unit,2011-01-31,21621,8.5,70,27,97,49,49,0,48,20.400000000000002,0.0,20.400000000000002
optimizer_unit,2011-01-31,85099F,1.95,302,109,411,381,381,0,30,2.9250000000000003,0.0,2.9250000000000003
optimizer_unit,2011-01-31,15056N,5.95,79,36,115,16,16,0,99,29.452500000000004,0.0,29.452500000000004
optimizer_unit,2011-01-31,21232,1.25,297,158,455,154,154,0,301,18.8125,0.0,18.8125
optimizer_unit,2011-01-31,22386,1.95,179,189,368,225,225,0,143,13.942499999999999,0.0,13.942499999999999
optimizer_unit,2011-01-31,20685,7.49,0,87,87,54,54,0,33,12.358500000000001,0.0,12.358500000000001
optimizer_unit,2011-01-31,85099C,1.95,198,211,409,226,226,0,183,17.842499999999998,0.0,17.842499999999998
optimizer_unit,2011-01-31,20725,1.65,196,161,357,347,347,0,10,0.8250000000000001,0.0,0.8250000000000001
optimizer_unit,2011-01-31,79321,4.95,56,105,161,99,99,0,62,15.345000000000002,0.0,15.345000000000002
optimizer_unit,2011-01-31,21754,5.95,30,65,95,71,71,0,24,7.140000000000001,0.0,7.140000000000001
optimizer_unit,2011-01-31,21931,1.95,79,259,338,127,127,0,211,20.5725,0.0,20.5725
optimizer_unit,2011-02-07,22423,12.75,227,103,330,133,133,0,197,125.5875,0.0,125.5875
optimizer_unit,2011-02-07,85123A,2.95,444,550,994,503,503,0,491,72.4225,0.0,72.4225
optimizer_unit,2011-02-07,85099B,1.95,9,945,954,278,278,0,676,65.91000000000001,0.0,65.91000000000001
optimizer_unit,2011-02-07,84879,1.69,2,705,707,160,160,0,547,46.2215,0.0,46.2215
optimizer_unit,2011-02-07,22086,2.95,128,0,128,0,0,0,128,18.880000000000003,0.0,18.880000000000003
optimizer_unit,2011-02-07,47566,4.65,0,219,219,183,183,0,36,8.370000000000001,0.0,8.370000000000001
optimizer_unit,2011-02-07,84347,2.55,49,12,61,11,11,0,50,6.375,0.0,6.375
optimizer_unit,2011-02-07,48138,7.49,76,41,117,37,37,0,80,29.960000000000004,0.0,29.960000000000004
optimizer_unit,2011-02-07,21843,10.95,50,11,61,40,40,0,21,11.4975,0.0,11.4975
optimizer_unit,2011-02-07,21621,8.5,48,49,97,28,28,0,69,29.325000000000003,0.0,29.325000000000003
optimizer_unit,2011-02-07,85099F,1.95,30,374,404,70,70,0,334,32.565,0.0,32.565
optimizer_unit,2011-02-07,15056N,5.95,99,16,115,197,115,82,0,0.0,146.37,146.37
optimizer_unit,2011-02-07,21232,1.25,301,154,455,101,101,0,354,22.125,0.0,22.125
optimizer_unit,2011-02-07,22386,1.95,143,225,368,95,95,0,273,26.617500000000003,0.0,26.617500000000003
optimizer_unit,2011-02-07,20685,7.49,33,52,85,28,28,0,57,21.346500000000002,0.0,21.346500000000002
optimizer_unit,2011-02-07,85099C,1.95,183,226,409,69,69,0,340,33.15,0.0,33.15
optimizer_unit,2011-02-07,20725,1.65,10,347,357,155,155,0,202,16.665,0.0,16.665
optimizer_unit,2011-02-07,79321,4.95,62,99,161,192,161,31,0,0.0,46.035000000000004,46.035000000000004
optimizer_unit,2011-02-07,21754,5.95,24,71,95,60,60,0,35,10.412500000000001,0.0,10.412500000000001
optimizer_unit,2011-02-07,21931,1.95,211,127,338,230,230,0,108,10.530000000000001,0.0,10.530000000000001
optimizer_unit,2011-02-14,22423,12.75,197,133,330,301,301,0,29,18.4875,0.0,18.4875
optimizer_unit,2011-02-14,85123A,2.95,491,503,994,327,327,0,667,98.38250000000001,0.0,98.38250000000001
optimizer_unit,2011-02-14,85099B,1.95,676,278,954,973,954,19,0,0.0,11.114999999999998,11.114999999999998
optimizer_unit,2011-02-14,84879,1.69,547,160,707,564,564,0,143,12.0835,0.0,12.0835
optimizer_unit,2011-02-14,22086,2.95,128,0,128,2,2,0,126,18.585000000000004,0.0,18.585000000000004
optimizer_unit,2011-02-14,47566,4.65,36,183,219,180,180,0,39,9.0675,0.0,9.0675
optimizer_unit,2011-02-14,84347,2.55,50,11,61,5,5,0,56,7.14,0.0,7.14
optimizer_unit,2011-02-14,48138,7.49,80,37,117,67,67,0,50,18.725,0.0,18.725
optimizer_unit,2011-02-14,21843,10.95,21,40,61,11,11,0,50,27.375,0.0,27.375
optimizer_unit,2011-02-14,21621,8.5,69,28,97,135,97,38,0,0.0,96.89999999999999,96.89999999999999
optimizer_unit,2011-02-14,85099F,1.95,334,59,393,236,236,0,157,15.3075,0.0,15.3075
optimizer_unit,2011-02-14,15056N,5.95,0,116,116,25,25,0,91,27.072500000000005,0.0,27.072500000000005
optimizer_unit,2011-02-14,21232,1.25,354,101,455,110,110,0,345,21.5625,0.0,21.5625
optimizer_unit,2011-02-14,22386,1.95,273,95,368,409,368,41,0,0.0,23.985,23.985
optimizer_unit,2011-02-14,20685,7.49,57,27,84,31,31,0,53,19.8485,0.0,19.8485
optimizer_unit,2011-02-14,85099C,1.95,340,69,409,448,409,39,0,0.0,22.814999999999998,22.814999999999998
optimizer_unit,2011-02-14,20725,1.65,202,155,357,249,249,0,108,8.91,0.0,8.91
optimizer_unit,2011-02-14,79321,4.95,0,172,172,233,172,61,0,0.0,90.585,90.585
optimizer_unit,2011-02-14,21754,5.95,35,60,95,46,46,0,49,14.5775,0.0,14.5775
optimizer_unit,2011-02-14,21931,1.95,108,230,338,500,338,162,0,0.0,94.77,94.77
optimizer_unit,2011-02-21,22423,12.75,29,301,330,120,120,0,210,133.875,0.0,133.875
optimizer_unit,2011-02-21,85123A,2.95,667,328,995,327,327,0,668,98.53000000000002,0.0,98.53000000000002
optimizer_unit,2011-02-21,85099B,1.95,0,954,954,600,600,0,354,34.515,0.0,34.515
optimizer_unit,2011-02-21,84879,1.69,143,564,707,328,328,0,379,32.0255,0.0,32.0255
optimizer_unit,2011-02-21,22086,2.95,126,2,128,2,2,0,126,18.585000000000004,0.0,18.585000000000004
optimizer_unit,2011-02-21,47566,4.65,39,180,219,157,157,0,62,14.415000000000001,0.0,14.415000000000001
optimizer_unit,2011-02-21,84347,2.55,56,5,61,6,6,0,55,7.0125,0.0,7.0125
optimizer_unit,2011-02-21,48138,7.49,50,67,117,57,57,0,60,22.470000000000002,0.0,22.470000000000002
optimizer_unit,2011-02-21,21843,10.95,50,11,61,18,18,0,43,23.5425,0.0,23.5425
optimizer_unit,2011-02-21,21621,8.5,0,100,100,127,100,27,0,0.0,68.85,68.85
optimizer_unit,2011-02-21,85099F,1.95,157,224,381,76,76,0,305,29.7375,0.0,29.7375
optimizer_unit,2011-02-21,15056N,5.95,91,25,116,18,18,0,98,29.155,0.0,29.155
optimizer_unit,2011-02-21,21232,1.25,345,110,455,439,439,0,16,1.0,0.0,1.0
optimizer_unit,2011-02-21,22386,1.95,0,368,368,160,160,0,208,20.28,0.0,20.28
optimizer_unit,2011-02-21,20685,7.49,53,31,84,35,35,0,49,18.3505,0.0,18.3505
optimizer_unit,2011-02-21,85099C,1.95,0,409,409,84,84,0,325,31.6875,0.0,31.6875
optimizer_unit,2011-02-21,20725,1.65,108,249,357,259,259,0,98,8.084999999999999,0.0,8.084999999999999
optimizer_unit,2011-02-21,79321,4.95,0,175,175,75,75,0,100,24.75,0.0,24.75
optimizer_unit,2011-02-21,21754,5.95,49,45,94,75,75,0,19,5.6525,0.0,5.6525
optimizer_unit,2011-02-21,21931,1.95,0,344,344,164,164,0,180,17.55,0.0,17.55
optimizer_unit,2011-02-28,22423,12.75,210,120,330,313,313,0,17,10.8375,0.0,10.8375
optimizer_unit,2011-02-28,85123A,2.95,668,336,1004,368,368,0,636,93.81,0.0,93.81
optimizer_unit,2011-02-28,85099B,1.95,354,600,954,574,574,0,380,37.050000000000004,0.0,37.050000000000004
optimizer_unit,2011-02-28,84879,1.69,379,328,707,181,181,0,526,44.447,0.0,44.447
optimizer_unit,2011-02-28,22086,2.95,126,4,130,45,45,0,85,12.537500000000001,0.0,12.537500000000001
optimizer_unit,2011-02-28,47566,4.65,62,157,219,241,219,22,0,0.0,30.69,30.69
optimizer_unit,2011-02-28,84347,2.55,55,6,61,3,3,0,58,7.395,0.0,7.395
optimizer_unit,2011-02-28,48138,7.49,60,57,117,50,50,0,67,25.091500000000003,0.0,25.091500000000003
optimizer_unit,2011-02-28,21843,10.95,43,18,61,31,31,0,30,16.425,0.0,16.425
optimizer_unit,2011-02-28,21621,8.5,0,100,100,305,100,205,0,0.0,522.75,522.75
optimizer_unit,2011-02-28,85099F,1.95,305,76,381,265,265,0,116,11.31,0.0,11.31
optimizer_unit,2011-02-28,15056N,5.95,98,18,116,88,88,0,28,8.33,0.0,8.33
optimizer_unit,2011-02-28,21232,1.25,16,439,455,306,306,0,149,9.3125,0.0,9.3125
optimizer_unit,2011-02-28,22386,1.95,208,136,344,154,154,0,190,18.525000000000002,0.0,18.525000000000002
optimizer_unit,2011-02-28,20685,7.49,49,35,84,41,41,0,43,16.1035,0.0,16.1035
optimizer_unit,2011-02-28,85099C,1.95,325,84,409,98,98,0,311,30.322499999999998,0.0,30.322499999999998
optimizer_unit,2011-02-28,20725,1.65,98,270,368,155,155,0,213,17.5725,0.0,17.5725
optimizer_unit,2011-02-28,79321,4.95,100,75,175,39,39,0,136,33.660000000000004,0.0,33.660000000000004
optimizer_unit,2011-02-28,21754,5.95,19,75,94,59,59,0,35,10.412500000000001,0.0,10.412500000000001
optimizer_unit,2011-02-28,21931,1.95,180,166,346,163,163,0,183,17.842499999999998,0.0,17.842499999999998
optimizer_unit,2011-03-07,22423,12.75,17,313,330,185,185,0,145,92.4375,0.0,92.4375
optimizer_unit,2011-03-07,85123A,2.95,636,368,1004,430,430,0,574,84.66500000000002,0.0,84.66500000000002
optimizer_unit,2011-03-07,85099B,1.95,380,574,954,698,698,0,256,24.96,0.0,24.96
optimizer_unit,2011-03-07,84879,1.69,526,181,707,610,610,0,97,8.1965,0.0,8.1965
optimizer_unit,2011-03-07,22086,2.95,85,51,136,1,1,0,135,19.9125,0.0,19.9125
optimizer_unit,2011-03-07,47566,4.65,0,221,221,189,189,0,32,7.440000000000001,0.0,7.440000000000001
optimizer_unit,2011-03-07,84347,2.55,58,3,61,2,2,0,59,7.5225,0.0,7.5225
optimizer_unit,2011-03-07,48138,7.49,67,48,115,73,73,0,42,15.729,0.0,15.729
optimizer_unit,2011-03-07,21843,10.95,30,31,61,7,7,0,54,29.564999999999998,0.0,29.564999999999998
optimizer_unit,2011-03-07,21621,8.5,0,103,103,81,81,0,22,9.35,0.0,9.35
optimizer_unit,2011-03-07,85099F,1.95,116,263,379,381,379,2,0,0.0,1.17,1.17
optimizer_unit,2011-03-07,15056N,5.95,28,87,115,85,85,0,30,8.925,0.0,8.925
optimizer_unit,2011-03-07,21232,1.25,149,291,440,304,304,0,136,8.5,0.0,8.5
optimizer_unit,2011-03-07,22386,1.95,190,167,357,354,354,0,3,0.2925,0.0,0.2925
optimizer_unit,2011-03-07,20685,7.49,43,41,84,76,76,0,8,2.9960000000000004,0.0,2.9960000000000004
optimizer_unit,2011-03-07,85099C,1.95,311,94,405,265,265,0,140,13.65,0.0,13.65
optimizer_unit,2011-03-07,20725,1.65,213,155,368,98,98,0,270,22.275000000000002,0.0,22.275000000000002
optimizer_unit,2011-03-07,79321,4.95,136,39,175,234,175,59,0,0.0,87.615,87.615
optimizer_unit,2011-03-07,21754,5.95,35,59,94,60,60,0,34,10.115000000000002,0.0,10.115000000000002
optimizer_unit,2011-03-07,21931,1.95,183,163,346,87,87,0,259,25.2525,0.0,25.2525
optimizer_unit,2011-03-14,22423,12.75,145,185,330,260,260,0,70,44.625,0.0,44.625
optimizer_unit,2011-03-14,85123A,2.95,574,430,1004,446,446,0,558,82.305,0.0,82.305
optimizer_unit,2011-03-14,85099B,1.95,256,698,954,1546,954,592,0,0.0,346.31999999999994,346.31999999999994
optimizer_unit,2011-03-14,84879,1.69,97,610,707,955,707,248,0,0.0,125.73599999999999,125.73599999999999
optimizer_unit,2011-03-14,22086,2.95,135,1,136,0,0,0,136,20.060000000000002,0.0,20.060000000000002
optimizer_unit,2011-03-14,47566,4.65,32,187,219,594,219,375,0,0.0,523.125,523.125
optimizer_unit,2011-03-14,84347,2.55,59,2,61,5,5,0,56,7.14,0.0,7.14
optimizer_unit,2011-03-14,48138,7.49,42,73,115,72,72,0,43,16.1035,0.0,16.1035
optimizer_unit,2011-03-14,21843,10.95,54,7,61,32,32,0,29,15.877499999999998,0.0,15.877499999999998
optimizer_unit,2011-03-14,21621,8.5,22,81,103,11,11,0,92,39.1,0.0,39.1
optimizer_unit,2011-03-14,85099F,1.95,0,381,381,1012,381,631,0,0.0,369.135,369.135
optimizer_unit,2011-03-14,15056N,5.95,30,85,115,182,115,67,0,0.0,119.595,119.595
optimizer_unit,2011-03-14,21232,1.25,136,304,440,74,74,0,366,22.875,0.0,22.875
optimizer_unit,2011-03-14,22386,1.95,3,354,357,1083,357,726,0,0.0,424.71,424.71
optimizer_unit,2011-03-14,20685,7.49,8,76,84,33,33,0,51,19.099500000000003,0.0,19.099500000000003
optimizer_unit,2011-03-14,85099C,1.95,140,265,405,697,405,292,0,0.0,170.82,170.82
optimizer_unit,2011-03-14,20725,1.65,270,98,368,268,268,0,100,8.25,0.0,8.25
optimizer_unit,2011-03-14,79321,4.95,0,175,175,108,108,0,67,16.582500000000003,0.0,16.582500000000003
optimizer_unit,2011-03-14,21754,5.95,34,60,94,53,53,0,41,12.197500000000002,0.0,12.197500000000002
optimizer_unit,2011-03-14,21931,1.95,259,87,346,248,248,0,98,9.555,0.0,9.555
optimizer_unit,2011-03-21,22423,12.75,70,260,330,315,315,0,15,9.5625,0.0,9.5625
optimizer_unit,2011-03-21,85123A,2.95,558,433,991,353,353,0,638,94.10500000000002,0.0,94.10500000000002
optimizer_unit,2011-03-21,85099B,1.95,0,957,957,1348,957,391,0,0.0,228.73499999999999,228.73499999999999
optimizer_unit,2011-03-21,84879,1.69,0,736,736,351,351,0,385,32.5325,0.0,32.5325
optimizer_unit,2011-03-21,22086,2.95,136,0,136,42,42,0,94,13.865000000000002,0.0,13.865000000000002
optimizer_unit,2011-03-21,47566,4.65,0,221,221,313,221,92,0,0.0,128.34,128.34
optimizer_unit,2011-03-21,84347,2.55,56,5,61,0,0,0,61,7.7775,0.0,7.7775
optimizer_unit,2011-03-21,48138,7.49,43,70,113,24,24,0,89,33.3305,0.0,33.3305
optimizer_unit,2011-03-21,21843,10.95,29,26,55,12,12,0,43,23.5425,0.0,23.5425
optimizer_unit,2011-03-21,21621,8.5,92,8,100,8,8,0,92,39.1,0.0,39.1
optimizer_unit,2011-03-21,85099F,1.95,0,381,381,666,381,285,0,0.0,166.725,166.725
optimizer_unit,2011-03-21,15056N,5.95,0,115,115,55,55,0,60,17.85,0.0,17.85
optimizer_unit,2011-03-21,21232,1.25,366,73,439,271,271,0,168,10.5,0.0,10.5
optimizer_unit,2011-03-21,22386,1.95,0,368,368,576,368,208,0,0.0,121.67999999999998,121.67999999999998
optimizer_unit,2011-03-21,20685,7.49,51,29,80,36,36,0,44,16.478,0.0,16.478
optimizer_unit,2011-03-21,85099C,1.95,0,413,413,437,413,24,0,0.0,14.04,14.04
optimizer_unit,2011-03-21,20725,1.65,100,256,356,336,336,0,20,1.6500000000000001,0.0,1.6500000000000001
optimizer_unit,2011-03-21,79321,4.95,67,108,175,22,22,0,153,37.8675,0.0,37.8675
optimizer_unit,2011-03-21,21754,5.95,41,49,90,32,32,0,58,17.255000000000003,0.0,17.255000000000003
optimizer_unit,2011-03-21,21931,1.95,98,240,338,400,338,62,0,0.0,36.269999999999996,36.269999999999996
optimizer_unit,2011-03-28,22423,12.75,15,315,330,210,210,0,120,76.5,0.0,76.5
optimizer_unit,2011-03-28,85123A,2.95,638,329,967,570,570,0,397,58.557500000000005,0.0,58.557500000000005
optimizer_unit,2011-03-28,85099B,1.95,0,965,965,993,965,28,0,0.0,16.38,16.38
optimizer_unit,2011-03-28,84879,1.69,385,351,736,401,401,0,335,28.3075,0.0,28.3075
optimizer_unit,2011-03-28,22086,2.95,94,34,128,3,3,0,125,18.4375,0.0,18.4375
optimizer_unit,2011-03-28,47566,4.65,0,229,229,376,229,147,0,0.0,205.06500000000003,205.06500000000003
optimizer_unit,2011-03-28,84347,2.55,61,0,61,3,3,0,58,7.395,0.0,7.395
optimizer_unit,2011-03-28,48138,7.49,89,12,101,123,101,22,0,0.0,49.434,49.434
optimizer_unit,2011-03-28,21843,10.95,43,9,52,41,41,0,11,6.0225,0.0,6.0225
optimizer_unit,2011-03-28,21621,8.5,92,8,100,230,100,130,0,0.0,331.5,331.5
optimizer_unit,2011-03-28,85099F,1.95,0,413,413,522,413,109,0,0.0,63.76499999999999,63.76499999999999
optimizer_unit,2011-03-28,15056N,5.95,60,55,115,78,78,0,37,11.0075,0.0,11.0075
optimizer_unit,2011-03-28,21232,1.25,168,271,439,248,248,0,191,11.9375,0.0,11.9375
optimizer_unit,2011-03-28,22386,1.95,0,368,368,375,368,7,0,0.0,4.095,4.095
optimizer_unit,2011-03-28,20685,7.95,44,36,80,40,40,0,40,15.9,0.0,15.9
optimizer_unit,2011-03-28,85099C,1.95,0,414,414,357,357,0,57,5.5575,0.0,5.5575
optimizer_unit,2011-03-28,20725,1.65,20,336,356,517,356,161,0,0.0,79.695,79.695
optimizer_unit,2011-03-28,79321,4.95,153,22,175,85,85,0,90,22.275000000000002,0.0,22.275000000000002
optimizer_unit,2011-03-28,21754,5.95,58,30,88,61,61,0,27,8.0325,0.0,8.0325
optimizer_unit,2011-03-28,21931,1.95,0,338,338,349,338,11,0,0.0,6.435,6.435
optimizer_unit,2011-04-04,22423,12.75,120,210,330,264,264,0,66,42.075,0.0,42.075
optimizer_unit,2011-04-04,85123A,2.95,397,570,967,374,374,0,593,87.46750000000002,0.0,87.46750000000002
optimizer_unit,2011-04-04,85099B,1.95,0,965,965,725,725,0,240,23.400000000000002,0.0,23.400000000000002
optimizer_unit,2011-04-04,84879,1.69,335,372,707,753,707,46,0,0.0,23.322,23.322
optimizer_unit,2011-04-04,22086,2.95,125,3,128,9,9,0,119,17.552500000000002,0.0,17.552500000000002
optimizer_unit,2011-04-04,47566,4.65,0,232,232,460,232,228,0,0.0,318.06,318.06
optimizer_unit,2011-04-04,84347,2.55,58,2,60,0,0,0,60,7.65,0.0,7.65
optimizer_unit,2011-04-04,48138,7.49,0,109,109,81,81,0,28,10.486,0.0,10.486
optimizer_unit,2011-04-04,21843,10.95,11,41,52,17,17,0,35,19.1625,0.0,19.1625
optimizer_unit,2011-04-04,21621,8.5,0,103,103,9,9,0,94,39.95,0.0,39.95
optimizer_unit,2011-04-04,85099F,1.95,0,419,419,166,166,0,253,24.6675,0.0,24.6675
optimizer_unit,2011-04-04,15056N,5.95,37,78,115,71,71,0,44,13.090000000000002,0.0,13.090000000000002
optimizer_unit,2011-04-04,21232,1.25,191,248,439,128,128,0,311,19.4375,0.0,19.4375
optimizer_unit,2011-04-04,22386,1.95,0,375,375,105,105,0,270,26.325000000000003,0.0,26.325000000000003
optimizer_unit,2011-04-04,20685,7.95,40,40,80,51,51,0,29,11.527500000000002,0.0,11.527500000000002
optimizer_unit,2011-04-04,85099C,1.95,57,356,413,78,78,0,335,32.6625,0.0,32.6625
optimizer_unit,2011-04-04,20725,1.65,0,357,357,187,187,0,170,14.025,0.0,14.025
optimizer_unit,2011-04-04,79321,4.95,90,82,172,14,14,0,158,39.105000000000004,0.0,39.105000000000004
optimizer_unit,2011-04-04,21754,5.95,27,61,88,32,32,0,56,16.66,0.0,16.66
optimizer_unit,2011-04-04,21931,1.95,0,344,344,223,223,0,121,11.7975,0.0,11.7975
optimizer_unit,2011-04-11,22423,12.75,66,264,330,342,330,12,0,0.0,45.9,45.9
optimizer_unit,2011-04-11,85123A,2.95,593,374,967,468,468,0,499,73.6025,0.0,73.6025
optimizer_unit,2011-04-11,85099B,1.95,240,725,965,606,606,0,359,35.0025,0.0,35.0025
optimizer_unit,2011-04-11,84879,1.69,0,714,714,815,714,101,0,0.0,51.207,51.207
optimizer_unit,2011-04-11,22086,2.95,119,9,128,0,0,0,128,18.880000000000003,0.0,18.880000000000003
optimizer_unit,2011-04-11,47566,4.65,0,241,241,534,241,293,0,0.0,408.735,408.735
optimizer_unit,2011-04-11,84347,2.55,60,1,61,0,0,0,61,7.7775,0.0,7.7775
optimizer_unit,2011-04-11,48138,7.49,28,73,101,99,99,0,2,0.7490000000000001,0.0,0.7490000000000001
optimizer_unit,2011-04-11,21843,10.95,35,16,51,17,17,0,34,18.615,0.0,18.615
optimizer_unit,2011-04-11,21621,8.5,94,9,103,0,0,0,103,43.775000000000006,0.0,43.775000000000006
optimizer_unit,2011-04-11,85099F,1.95,253,166,419,166,166,0,253,24.6675,0.0,24.6675
optimizer_unit,2011-04-11,15056N,5.95,44,67,111,30,30,0,81,24.0975,0.0,24.0975
optimizer_unit,2011-04-11,21232,1.25,311,128,439,142,142,0,297,18.5625,0.0,18.5625
optimizer_unit,2011-04-11,22386,1.95,270,105,375,119,119,0,256,24.96,0.0,24.96
optimizer_unit,2011-04-11,20685,7.95,29,47,76,31,31,0,45,17.8875,0.0,17.8875
optimizer_unit,2011-04-11,85099C,1.95,335,78,413,178,178,0,235,22.9125,0.0,22.9125
optimizer_unit,2011-04-11,20725,1.65,170,187,357,275,275,0,82,6.765,0.0,6.765
optimizer_unit,2011-04-11,79321,4.95,158,14,172,5,5,0,167,41.3325,0.0,41.3325
optimizer_unit,2011-04-11,21754,5.95,56,32,88,45,45,0,43,12.7925,0.0,12.7925
optimizer_unit,2011-04-11,21931,1.95,121,223,344,182,182,0,162,15.795,0.0,15.795
optimizer_unit,2011-04-18,22423,12.75,0,330,330,171,171,0,159,101.36250000000001,0.0,101.36250000000001
optimizer_unit,2011-04-18,85123A,2.95,499,468,967,2422,967,1455,0,0.0,1287.675,1287.675
optimizer_unit,2011-04-18,85099B,1.95,359,598,957,519,519,0,438,42.705000000000005,0.0,42.705000000000005
optimizer_unit,2011-04-18,84879,1.69,0,750,750,540,540,0,210,17.745,0.0,17.745
optimizer_unit,2011-04-18,22086,2.95,128,0,128,1,1,0,127,18.7325,0.0,18.7325
optimizer_unit,2011-04-18,47566,4.65,0,232,232,640,232,408,0,0.0,569.16,569.16
optimizer_unit,2011-04-18,84347,2.55,61,0,61,6,6,0,55,7.0125,0.0,7.0125
optimizer_unit,2011-04-18,48138,7.49,2,94,96,33,33,0,63,23.593500000000002,0.0,23.593500000000002
optimizer_unit,2011-04-18,21843,10.95,34,17,51,10,10,0,41,22.4475,0.0,22.4475
optimizer_unit,2011-04-18,21621,8.5,103,0,103,25,25,0,78,33.15,0.0,33.15
optimizer_unit,2011-04-18,85099F,1.95,253,166,419,6,6,0,413,40.267500000000005,0.0,40.267500000000005
optimizer_unit,2011-04-18,15056N,5.95,81,30,111,23,23,0,88,26.180000000000003,0.0,26.180000000000003
optimizer_unit,2011-04-18,21232,1.25,297,142,439,139,139,0,300,18.75,0.0,18.75
optimizer_unit,2011-04-18,22386,1.95,256,119,375,155,155,0,220,21.450000000000003,0.0,21.450000000000003
optimizer_unit,2011-04-18,20685,7.95,45,31,76,7,7,0,69,27.427500000000006,0.0,27.427500000000006
optimizer_unit,2011-04-18,85099C,1.95,235,170,405,147,147,0,258,25.155,0.0,25.155
optimizer_unit,2011-04-18,20725,1.65,82,274,356,318,318,0,38,3.135,0.0,3.135
optimizer_unit,2011-04-18,79321,4.95,167,0,167,4,4,0,163,40.3425,0.0,40.3425
optimizer_unit,2011-04-18,21754,5.95,43,45,88,37,37,0,51,15.1725,0.0,15.1725
optimizer_unit,2011-04-18,21931,1.95,162,182,344,60,60,0,284,27.689999999999998,0.0,27.689999999999998
optimizer_unit,2011-04-25,22423,12.75,159,171,330,289,289,0,41,26.137500000000003,0.0,26.137500000000003
optimizer_unit,2011-04-25,85123A,2.95,0,994,994,366,366,0,628,92.63000000000001,0.0,92.63000000000001
optimizer_unit,2011-04-25,85099B,1.95,438,519,957,375,375,0,582,56.745,0.0,56.745
optimizer_unit,2011-04-25,84879,1.69,210,540,750,244,244,0,506,42.757000000000005,0.0,42.757000000000005
optimizer_unit,2011-04-25,22086,2.95,127,1,128,0,0,0,128,18.880000000000003,0.0,18.880000000000003
optimizer_unit,2011-04-25,47566,4.95,0,232,232,270,232,38,0,0.0,56.43,56.43
optimizer_unit,2011-04-25,84347,2.55,55,5,60,0,0,0,60,7.65,0.0,7.65
optimizer_unit,2011-04-25,48138,7.49,63,30,93,33,33,0,60,22.470000000000002,0.0,22.470000000000002
optimizer_unit,2011-04-25,21843,10.95,41,10,51,9,9,0,42,22.995,0.0,22.995
optimizer_unit,2011-04-25,21621,8.5,78,22,100,0,0,0,100,42.5,0.0,42.5
optimizer_unit,2011-04-25,85099F,1.95,413,0,413,100,100,0,313,30.517500000000002,0.0,30.517500000000002
optimizer_unit,2011-04-25,15056N,5.95,88,20,108,50,50,0,58,17.255000000000003,0.0,17.255000000000003
optimizer_unit,2011-04-25,21232,1.25,300,133,433,214,214,0,219,13.6875,0.0,13.6875
optimizer_unit,2011-04-25,22386,1.95,220,154,374,272,272,0,102,9.945,0.0,9.945
optimizer_unit,2011-04-25,20685,7.95,69,7,76,14,14,0,62,24.645000000000003,0.0,24.645000000000003
optimizer_unit,2011-04-25,85099C,1.95,258,147,405,278,278,0,127,12.3825,0.0,12.3825
optimizer_unit,2011-04-25,20725,1.65,38,318,356,154,154,0,202,16.665,0.0,16.665
optimizer_unit,2011-04-25,79321,4.95,163,0,163,5,5,0,158,39.105000000000004,0.0,39.105000000000004
optimizer_unit,2011-04-25,21754,5.95,51,37,88,55,55,0,33,9.8175,0.0,9.8175
optimizer_unit,2011-04-25,21931,1.95,284,60,344,109,109,0,235,22.9125,0.0,22.9125
optimizer_unit,2011-05-02,22423,12.75,41,290,331,161,161,0,170,108.375,0.0,108.375
optimizer_unit,2011-05-02,85123A,2.95,628,366,994,1132,994,138,0,0.0,122.13,122.13
optimizer_unit,2011-05-02,85099B,1.95,582,375,957,320,320,0,637,62.107499999999995,0.0,62.107499999999995
optimizer_unit,2011-05-02,84879,1.69,506,244,750,522,522,0,228,19.266000000000002,0.0,19.266000000000002
optimizer_unit,2011-05-02,22086,2.95,128,0,128,4,4,0,124,18.290000000000003,0.0,18.290000000000003
optimizer_unit,2011-05-02,47566,4.95,0,241,241,964,241,723,0,0.0,1073.655,1073.655
optimizer_unit,2011-05-02,84347,2.55,60,1,61,0,0,0,61,7.7775,0.0,7.7775
optimizer_unit,2011-05-02,48138,7.65,60,33,93,46,46,0,47,17.977500000000003,0.0,17.977500000000003
optimizer_unit,2011-05-02,21843,10.95,42,9,51,23,23,0,28,15.329999999999998,0.0,15.329999999999998
optimizer_unit,2011-05-02,21621,8.5,100,0,100,79,79,0,21,8.925,0.0,8.925
optimizer_unit,2011-05-02,85099F,1.95,313,68,381,0,0,0,381,37.1475,0.0,37.1475
optimizer_unit,2011-05-02,15056N,5.95,58,50,108,176,108,68,0,0.0,121.38,121.38
optimizer_unit,2011-05-02,21232,1.25,219,220,439,238,238,0,201,12.5625,0.0,12.5625
optimizer_unit,2011-05-02,22386,1.95,102,273,375,154,154,0,221,21.5475,0.0,21.5475
optimizer_unit,2011-05-02,20685,7.95,62,18,80,34,34,0,46,18.285,0.0,18.285
optimizer_unit,2011-05-02,85099C,1.95,127,278,405,248,248,0,157,15.3075,0.0,15.3075
optimizer_unit,2011-05-02,20725,1.65,202,166,368,219,219,0,149,12.2925,0.0,12.2925
optimizer_unit,2011-05-02,79321,4.95,158,14,172,109,109,0,63,15.592500000000001,0.0,15.592500000000001
optimizer_unit,2011-05-02,21754,5.95,33,55,88,42,42,0,46,13.685,0.0,13.685
optimizer_unit,2011-05-02,21931,1.95,235,98,333,171,171,0,162,15.795,0.0,15.795
optimizer_unit,2011-05-09,22423,12.75,170,161,331,310,310,0,21,13.387500000000001,0.0,13.387500000000001
optimizer_unit,2011-05-09,85123A,2.95,0,1004,1004,844,844,0,160,23.6,0.0,23.6
optimizer_unit,2011-05-09,85099B,1.95,637,320,957,1076,957,119,0,0.0,69.615,69.615
optimizer_unit,2011-05-09,84879,1.69,228,522,750,905,750,155,0,0.0,78.585,78.585
optimizer_unit,2011-05-09,22086,2.95,124,10,134,13,13,0,121,17.847500000000004,0.0,17.847500000000004
optimizer_unit,2011-05-09,47566,4.95,0,241,241,756,241,515,0,0.0,764.775,764.775
optimizer_unit,2011-05-09,84347,2.55,61,0,61,48,48,0,13,1.6575,0.0,1.6575
optimizer_unit,2011-05-09,48138,7.95,47,46,93,81,81,0,12,4.7700000000000005,0.0,4.7700000000000005
optimizer_unit,2011-05-09,21843,10.95,28,23,51,21,21,0,30,16.425,0.0,16.425
optimizer_unit,2011-05-09,21621,8.5,21,79,100,88,88,0,12,5.1000000000000005,0.0,5.1000000000000005
optimizer_unit,2011-05-09,85099F,1.95,381,0,381,428,381,47,0,0.0,27.494999999999997,27.494999999999997
optimizer_unit,2011-05-09,15056N,5.95,0,111,111,29,29,0,82,24.395000000000003,0.0,24.395000000000003
optimizer_unit,2011-05-09,21232,1.25,201,232,433,136,136,0,297,18.5625,0.0,18.5625
optimizer_unit,2011-05-09,22386,1.95,221,147,368,371,368,3,0,0.0,1.755,1.755
optimizer_unit,2011-05-09,20685,7.95,46,30,76,81,76,5,0,0.0,11.924999999999999,11.924999999999999
optimizer_unit,2011-05-09,85099C,1.95,157,248,405,246,246,0,159,15.502500000000001,0.0,15.502500000000001
optimizer_unit,2011-05-09,20725,1.65,149,207,356,470,356,114,0,0.0,56.43,56.43
optimizer_unit,2011-05-09,79321,4.95,63,109,172,187,172,15,0,0.0,22.275,22.275
optimizer_unit,2011-05-09,21754,5.95,46,41,87,132,87,45,0,0.0,80.325,80.325
optimizer_unit,2011-05-09,21931,1.95,162,182,344,453,344,109,0,0.0,63.76499999999999,63.76499999999999
optimizer_unit,2011-05-16,22423,12.75,21,310,331,226,226,0,105,66.9375,0.0,66.9375
optimizer_unit,2011-05-16,85123A,2.95,160,834,994,762,762,0,232,34.220000000000006,0.0,34.220000000000006
optimizer_unit,2011-05-16,85099B,1.95,0,965,965,868,868,0,97,9.457500000000001,0.0,9.457500000000001
optimizer_unit,2011-05-16,84879,1.69,0,753,753,563,563,0,190,16.055,0.0,16.055
optimizer_unit,2011-05-16,22086,2.95,121,7,128,0,0,0,128,18.880000000000003,0.0,18.880000000000003
optimizer_unit,2011-05-16,47566,4.95,0,241,241,584,241,343,0,0.0,509.355,509.355
optimizer_unit,2011-05-16,84347,2.55,13,48,61,0,0,0,61,7.7775,0.0,7.7775
optimizer_unit,2011-05-16,48138,7.95,12,75,87,141,87,54,0,0.0,128.79,128.79
optimizer_unit,2011-05-16,21843,10.95,30,17,47,38,38,0,9,4.9275,0.0,4.9275
optimizer_unit,2011-05-16,21621,8.5,12,80,92,92,92,0,0,0.0,0.0,0.0
optimizer_unit,2011-05-16,85099F,1.95,0,419,419,142,142,0,277,27.0075,0.0,27.0075
optimizer_unit,2011-05-16,15056N,5.95,82,26,108,17,17,0,91,27.072500000000005,0.0,27.072500000000005
optimizer_unit,2011-05-16,21232,1.25,297,123,420,233,233,0,187,11.6875,0.0,11.6875
optimizer_unit,2011-05-16,22386,1.95,0,371,371,179,179,0,192,18.72,0.0,18.72
optimizer_unit,2011-05-16,20685,7.95,0,76,76,271,76,195,0,0.0,465.075,465.075
optimizer_unit,2011-05-16,85099C,1.95,159,246,405,302,302,0,103,10.0425,0.0,10.0425
optimizer_unit,2011-05-16,20725,1.65,0,351,351,335,335,0,16,1.32,0.0,1.32
optimizer_unit,2011-05-16,79321,4.95,0,175,175,40,40,0,135,33.4125,0.0,33.4125
optimizer_unit,2011-05-16,21754,5.95,0,87,87,86,86,0,1,0.29750000000000004,0.0,0.29750000000000004
optimizer_unit,2011-05-16,21931,1.95,0,344,344,176,176,0,168,16.38,0.0,16.38
optimizer_unit,2011-05-23,22423,12.75,105,226,331,126,126,0,205,130.6875,0.0,130.6875
optimizer_unit,2011-05-23,85123A,2.95,232,735,967,1020,967,53,0,0.0,46.90500000000001,46.90500000000001
optimizer_unit,2011-05-23,85099B,1.95,97,868,965,923,923,0,42,4.095,0.0,4.095
optimizer_unit,2011-05-23,84879,1.69,190,563,753,381,381,0,372,31.433999999999997,0.0,31.433999999999997
optimizer_unit,2011-05-23,22086,2.95,128,8,136,0,0,0,136,20.060000000000002,0.0,20.060000000000002
optimizer_unit,2011-05-23,47566,4.95,0,241,241,831,241,590,0,0.0,876.15,876.15
optimizer_unit,2011-05-23,84347,2.55,61,0,61,12,12,0,49,6.2475,0.0,6.2475
optimizer_unit,2011-05-23,48138,7.95,0,87,87,42,42,0,45,17.8875,0.0,17.8875
optimizer_unit,2011-05-23,21843,10.95,9,38,47,9,9,0,38,20.805,0.0,20.805
optimizer_unit,2011-05-23,21621,8.5,0,92,92,69,69,0,23,9.775,0.0,9.775
optimizer_unit,2011-05-23,85099F,1.95,277,142,419,413,413,0,6,0.585,0.0,0.585
optimizer_unit,2011-05-23,15056N,5.95,91,17,108,37,37,0,71,21.122500000000002,0.0,21.122500000000002
optimizer_unit,2011-05-23,21232,1.25,187,241,428,126,126,0,302,18.875,0.0,18.875
optimizer_unit,2011-05-23,22386,1.95,192,176,368,560,368,192,0,0.0,112.32,112.32
optimizer_unit,2011-05-23,20685,7.95,0,80,80,26,26,0,54,21.465000000000003,0.0,21.465000000000003
optimizer_unit,2011-05-23,85099C,1.95,103,302,405,387,387,0,18,1.7550000000000001,0.0,1.7550000000000001
optimizer_unit,2011-05-23,20725,1.65,16,340,356,424,356,68,0,0.0,33.66,33.66
optimizer_unit,2011-05-23,79321,4.95,135,40,175,72,72,0,103,25.492500000000003,0.0,25.492500000000003
optimizer_unit,2011-05-23,21754,5.95,1,86,87,33,33,0,54,16.065,0.0,16.065
optimizer_unit,2011-05-23,21931,1.95,168,181,349,251,251,0,98,9.555,0.0,9.555
optimizer_unit,2011-05-30,22423,12.75,205,126,331,235,235,0,96,61.2,0.0,61.2
optimizer_unit,2011-05-30,85123A,2.95,0,994,994,629,629,0,365,53.837500000000006,0.0,53.837500000000006
optimizer_unit,2011-05-30,85099B,1.95,42,923,965,261,261,0,704,68.64,0.0,68.64
optimizer_unit,2011-05-30,84879,1.69,372,381,753,328,328,0,425,35.9125,0.0,35.9125
optimizer_unit,2011-05-30,22086,2.95,136,0,136,0,0,0,136,20.060000000000002,0.0,20.060000000000002
optimizer_unit,2011-05-30,47566,4.95,0,241,241,426,241,185,0,0.0,274.72499999999997,274.72499999999997
optimizer_unit,2011-05-30,84347,2.55,49,12,61,1,1,0,60,7.65,0.0,7.65
optimizer_unit,2011-05-30,48138,7.95,45,39,84,58,58,0,26,10.335,0.0,10.335
optimizer_unit,2011-05-30,21843,10.95,38,7,45,18,18,0,27,14.782499999999999,0.0,14.782499999999999
optimizer_unit,2011-05-30,21621,8.5,23,65,88,52,52,0,36,15.3,0.0,15.3
optimizer_unit,2011-05-30,85099F,1.95,6,407,413,403,403,0,10,0.9750000000000001,0.0,0.9750000000000001
optimizer_unit,2011-05-30,15056N,5.95,71,37,108,55,55,0,53,15.767500000000002,0.0,15.767500000000002
optimizer_unit,2011-05-30,21232,1.25,302,117,419,110,110,0,309,19.3125,0.0,19.3125
optimizer_unit,2011-05-30,22386,1.95,0,371,371,407,371,36,0,0.0,21.06,21.06
optimizer_unit,2011-05-30,20685,7.95,54,26,80,31,31,0,49,19.477500000000003,0.0,19.477500000000003
optimizer_unit,2011-05-30,85099C,1.95,18,387,405,200,200,0,205,19.9875,0.0,19.9875
optimizer_unit,2011-05-30,20725,1.65,0,355,355,171,171,0,184,15.18,0.0,15.18
optimizer_unit,2011-05-30,79321,4.95,103,72,175,27,27,0,148,36.63,0.0,36.63
optimizer_unit,2011-05-30,21754,5.95,54,33,87,44,44,0,43,12.7925,0.0,12.7925
optimizer_unit,2011-05-30,21931,1.95,98,246,344,114,114,0,230,22.425,0.0,22.425
optimizer_unit,2011-06-06,22423,12.75,96,235,331,178,178,0,153,97.53750000000001,0.0,97.53750000000001
optimizer_unit,2011-06-06,85123A,2.95,365,629,994,352,352,0,642,94.69500000000001,0.0,94.69500000000001
optimizer_unit,2011-06-06,85099B,1.95,704,261,965,773,773,0,192,18.72,0.0,18.72
optimizer_unit,2011-06-06,84879,1.69,425,328,753,292,292,0,461,38.9545,0.0,38.9545
optimizer_unit,2011-06-06,22086,2.95,136,0,136,2,2,0,134,19.765,0.0,19.765
optimizer_unit,2011-06-06,47566,4.95,0,241,241,551,241,310,0,0.0,460.34999999999997,460.34999999999997
optimizer_unit,2011-06-06,84347,2.55,60,1,61,0,0,0,61,7.7775,0.0,7.7775
optimizer_unit,2011-06-06,48138,7.95,26,55,81,511,81,430,0,0.0,1025.55,1025.55
optimizer_unit,2011-06-06,21843,10.95,27,18,45,8,8,0,37,20.2575,0.0,20.2575
optimizer_unit,2011-06-06,21621,8.5,36,52,88,43,43,0,45,19.125,0.0,19.125
optimizer_unit,2011-06-06,85099F,1.95,10,403,413,423,413,10,0,0.0,5.85,5.85
optimizer_unit,2011-06-06,15056N,5.95,53,45,98,92,92,0,6,1.7850000000000001,0.0,1.7850000000000001
optimizer_unit,2011-06-06,21232,1.25,309,111,420,171,171,0,249,15.5625,0.0,15.5625
optimizer_unit,2011-06-06,22386,1.95,0,377,377,408,377,31,0,0.0,18.134999999999998,18.134999999999998
optimizer_unit,2011-06-06,20685,7.95,49,31,80,526,80,446,0,0.0,1063.71,1063.71
optimizer_unit,2011-06-06,85099C,1.95,205,200,405,141,141,0,264,25.74,0.0,25.74
optimizer_unit,2011-06-06,20725,1.65,184,172,356,565,356,209,0,0.0,103.45499999999998,103.45499999999998
optimizer_unit,2011-06-06,79321,4.95,148,27,175,91,91,0,84,20.790000000000003,0.0,20.790000000000003
optimizer_unit,2011-06-06,21754,5.95,43,44,87,47,47,0,40,11.9,0.0,11.9
optimizer_unit,2011-06-06,21931,1.95,230,119,349,230,230,0,119,11.6025,0.0,11.6025
optimizer_unit,2011-06-13,22423,12.75,153,178,331,88,88,0,243,154.91250000000002,0.0,154.91250000000002
optimizer_unit,2011-06-13,85123A,2.95,642,325,967,391,391,0,576,84.96000000000001,0.0,84.96000000000001
optimizer_unit,2011-06-13,85099B,1.95,192,773,965,829,829,0,136,13.26,0.0,13.26
optimizer_unit,2011-06-13,84879,1.69,461,292,753,270,270,0,483,40.813500000000005,0.0,40.813500000000005
optimizer_unit,2011-06-13,22086,2.95,134,2,136,1,1,0,135,19.9125,0.0,19.9125
optimizer_unit,2011-06-13,47566,4.95,0,262,262,491,262,229,0,0.0,340.065,340.065
optimizer_unit,2011-06-13,84347,2.55,61,4,65,2,2,0,63,8.032499999999999,0.0,8.032499999999999
optimizer_unit,2011-06-13,48138,7.95,0,84,84,16,16,0,68,27.03,0.0,27.03
optimizer_unit,2011-06-13,21843,10.95,37,5,42,15,15,0,27,14.782499999999999,0.0,14.782499999999999
optimizer_unit,2011-06-13,21621,8.5,45,40,85,26,26,0,59,25.075000000000003,0.0,25.075000000000003
optimizer_unit,2011-06-13,85099F,1.95,0,419,419,224,224,0,195,19.0125,0.0,19.0125
optimizer_unit,2011-06-13,15056N,5.95,6,91,97,142,97,45,0,0.0,80.325,80.325
optimizer_unit,2011-06-13,21232,1.25,249,170,419,74,74,0,345,21.5625,0.0,21.5625
optimizer_unit,2011-06-13,22386,1.95,0,377,377,233,233,0,144,14.040000000000001,0.0,14.040000000000001
optimizer_unit,2011-06-13,20685,7.95,0,81,81,5,5,0,76,30.210000000000004,0.0,30.210000000000004
optimizer_unit,2011-06-13,85099C,1.95,264,141,405,265,265,0,140,13.65,0.0,13.65
optimizer_unit,2011-06-13,20725,1.65,0,356,356,186,186,0,170,14.025,0.0,14.025
optimizer_unit,2011-06-13,79321,4.95,84,91,175,109,109,0,66,16.335,0.0,16.335
optimizer_unit,2011-06-13,21754,5.95,40,47,87,30,30,0,57,16.957500000000003,0.0,16.957500000000003
optimizer_unit,2011-06-13,21931,1.95,119,230,349,93,93,0,256,24.96,0.0,24.96
optimizer_unit,2011-06-20,22423,12.75,243,87,330,130,130,0,200,127.5,0.0,127.5
optimizer_unit,2011-06-20,85123A,2.95,576,391,967,224,224,0,743,109.5925,0.0,109.5925
optimizer_unit,2011-06-20,85099B,1.95,136,829,965,791,791,0,174,16.965,0.0,16.965
optimizer_unit,2011-06-20,84879,1.69,483,270,753,262,262,0,491,41.4895,0.0,41.4895
optimizer_unit,2011-06-20,22086,2.95,135,1,136,6,6,0,130,19.175,0.0,19.175
optimizer_unit,2011-06-20,47566,4.95,0,270,270,586,270,316,0,0.0,469.26,469.26
optimizer_unit,2011-06-20,84347,2.55,63,5,68,1,1,0,67,8.5425,0.0,8.5425
optimizer_unit,2011-06-20,48138,7.95,68,16,84,19,19,0,65,25.837500000000002,0.0,25.837500000000002
optimizer_unit,2011-06-20,21843,10.95,27,15,42,17,17,0,25,13.6875,0.0,13.6875
optimizer_unit,2011-06-20,21621,8.5,59,22,81,18,18,0,63,26.775000000000002,0.0,26.775000000000002
optimizer_unit,2011-06-20,85099F,1.95,195,224,419,605,419,186,0,0.0,108.80999999999999,108.80999999999999
optimizer_unit,2011-06-20,15056N,5.95,0,97,97,87,87,0,10,2.975,0.0,2.975
optimizer_unit,2011-06-20,21232,1.25,345,68,413,117,117,0,296,18.5,0.0,18.5
optimizer_unit,2011-06-20,22386,1.95,144,233,377,551,377,174,0,0.0,101.79,101.79
optimizer_unit,2011-06-20,20685,7.95,76,5,81,45,45,0,36,14.31,0.0,14.31
optimizer_unit,2011-06-20,85099C,1.95,140,265,405,83,83,0,322,31.395,0.0,31.395
optimizer_unit,2011-06-20,20725,1.65,170,186,356,218,218,0,138,11.385,0.0,11.385
optimizer_unit,2011-06-20,79321,4.95,66,109,175,48,48,0,127,31.4325,0.0,31.4325
optimizer_unit,2011-06-20,21754,5.95,57,30,87,30,30,0,57,16.957500000000003,0.0,16.957500000000003
optimizer_unit,2011-06-20,21931,1.95,256,93,349,244,244,0,105,10.2375,0.0,10.2375
optimizer_unit,2011-06-27,22423,12.75,200,124,324,84,84,0,240,153.0,0.0,153.0
optimizer_unit,2011-06-27,85123A,2.95,743,224,967,252,252,0,715,105.4625,0.0,105.4625
optimizer_unit,2011-06-27,85099B,1.95,174,791,965,595,595,0,370,36.075,0.0,36.075
optimizer_unit,2011-06-27,84879,1.69,491,262,753,276,276,0,477,40.3065,0.0,40.3065
optimizer_unit,2011-06-27,22086,2.95,130,0,130,365,130,235,0,0.0,207.975,207.975
optimizer_unit,2011-06-27,47566,4.95,0,270,270,248,248,0,22,5.445,0.0,5.445
optimizer_unit,2011-06-27,84347,2.55,67,0,67,3,3,0,64,8.16,0.0,8.16
optimizer_unit,2011-06-27,48138,7.95,65,16,81,8,8,0,73,29.017500000000002,0.0,29.017500000000002
optimizer_unit,2011-06-27,21843,10.95,25,17,42,16,16,0,26,14.235,0.0,14.235
optimizer_unit,2011-06-27,21621,8.5,63,16,79,33,33,0,46,19.55,0.0,19.55
optimizer_unit,2011-06-27,85099F,1.95,0,423,423,251,251,0,172,16.77,0.0,16.77
optimizer_unit,2011-06-27,15056N,5.95,10,87,97,7,7,0,90,26.775000000000002,0.0,26.775000000000002
optimizer_unit,2011-06-27,21232,1.25,296,114,410,104,104,0,306,19.125,0.0,19.125
optimizer_unit,2011-06-27,22386,1.95,0,407,407,356,356,0,51,4.9725,0.0,4.9725
optimizer_unit,2011-06-27,20685,7.95,36,44,80,22,22,0,58,23.055000000000003,0.0,23.055000000000003
optimizer_unit,2011-06-27,85099C,1.95,322,83,405,181,181,0,224,21.840000000000003,0.0,21.840000000000003
optimizer_unit,2011-06-27,20725,1.65,138,209,347,183,183,0,164,13.53,0.0,13.53
optimizer_unit,2011-06-27,79321,4.95,127,45,172,113,113,0,59,14.602500000000001,0.0,14.602500000000001
optimizer_unit,2011-06-27,21754,5.95,57,30,87,31,31,0,56,16.66,0.0,16.66
optimizer_unit,2011-06-27,21931,1.95,105,244,349,427,349,78,0,0.0,45.629999999999995,45.629999999999995
optimizer_unit,2011-07-04,22423,12.75,240,75,315,105,105,0,210,133.875,0.0,133.875
optimizer_unit,2011-07-04,85123A,2.95,715,252,967,264,264,0,703,103.6925,0.0,103.6925
optimizer_unit,2011-07-04,85099B,1.95,370,584,954,1324,954,370,0,0.0,216.45,216.45
optimizer_unit,2011-07-04,84879,1.69,477,276,753,444,444,0,309,26.110500000000002,0.0,26.110500000000002
optimizer_unit,2011-07-04,22086,2.95,0,136,136,18,18,0,118,17.405,0.0,17.405
optimizer_unit,2011-07-04,47566,4.95,22,291,313,881,313,568,0,0.0,843.4799999999999,843.4799999999999
optimizer_unit,2011-07-04,84347,2.55,64,24,88,120,88,32,0,0.0,24.479999999999997,24.479999999999997
optimizer_unit,2011-07-04,48138,7.95,73,8,81,56,56,0,25,9.9375,0.0,9.9375
optimizer_unit,2011-07-04,21843,10.95,26,16,42,6,6,0,36,19.71,0.0,19.71
optimizer_unit,2011-07-04,21621,8.5,46,25,71,48,48,0,23,9.775,0.0,9.775
optimizer_unit,2011-07-04,85099F,1.95,172,241,413,513,413,100,0,0.0,58.5,58.5
optimizer_unit,2011-07-04,15056N,5.95,90,2,92,259,92,167,0,0.0,298.09499999999997,298.09499999999997
optimizer_unit,2011-07-04,21232,1.25,306,103,409,65,65,0,344,21.5,0.0,21.5
optimizer_unit,2011-07-04,22386,1.95,51,356,407,444,407,37,0,0.0,21.644999999999996,21.644999999999996
optimizer_unit,2011-07-04,20685,7.95,58,22,80,418,80,338,0,0.0,806.13,806.13
optimizer_unit,2011-07-04,85099C,1.95,224,163,387,324,324,0,63,6.1425,0.0,6.1425
optimizer_unit,2011-07-04,20725,1.65,164,172,336,293,293,0,43,3.5475000000000003,0.0,3.5475000000000003
optimizer_unit,2011-07-04,79321,4.95,59,116,175,23,23,0,152,37.62,0.0,37.62
optimizer_unit,2011-07-04,21754,5.95,56,31,87,22,22,0,65,19.337500000000002,0.0,19.337500000000002
optimizer_unit,2011-07-04,21931,1.95,0,349,349,351,349,2,0,0.0,1.17,1.17
optimizer_unit,2011-07-11,22423,12.75,210,103,313,206,206,0,107,68.2125,0.0,68.2125
optimizer_unit,2011-07-11,85123A,2.95,703,264,967,1172,967,205,0,0.0,181.42499999999998,181.42499999999998
optimizer_unit,2011-07-11,85099B,1.95,0,965,965,411,411,0,554,54.015,0.0,54.015
optimizer_unit,2011-07-11,84879,1.69,309,441,750,362,362,0,388,32.786,0.0,32.786
optimizer_unit,2011-07-11,22086,2.95,118,10,128,4,4,0,124,18.290000000000003,0.0,18.290000000000003
optimizer_unit,2011-07-11,47566,4.95,0,313,313,346,313,33,0,0.0,49.004999999999995,49.004999999999995
optimizer_unit,2011-07-11,84347,2.55,0,120,120,0,0,0,120,15.3,0.0,15.3
optimizer_unit,2011-07-11,48138,7.95,25,50,75,34,34,0,41,16.2975,0.0,16.2975
optimizer_unit,2011-07-11,21843,10.95,36,5,41,7,7,0,34,18.615,0.0,18.615
optimizer_unit,2011-07-11,21621,8.5,23,44,67,6,6,0,61,25.925,0.0,25.925
optimizer_unit,2011-07-11,85099F,1.95,0,413,413,29,29,0,384,37.44,0.0,37.44
optimizer_unit,2011-07-11,15056N,5.95,0,92,92,83,83,0,9,2.6775,0.0,2.6775
optimizer_unit,2011-07-11,21232,1.25,344,49,393,121,121,0,272,17.0,0.0,17.0
optimizer_unit,2011-07-11,22386,1.95,0,407,407,315,315,0,92,8.97,0.0,8.97
optimizer_unit,2011-07-11,20685,7.95,0,81,81,46,46,0,35,13.912500000000001,0.0,13.912500000000001
optimizer_unit,2011-07-11,85099C,1.95,63,324,387,93,93,0,294,28.665,0.0,28.665
optimizer_unit,2011-07-11,20725,1.65,43,293,336,201,201,0,135,11.137500000000001,0.0,11.137500000000001
optimizer_unit,2011-07-11,79321,4.95,152,20,172,33,33,0,139,34.4025,0.0,34.4025
optimizer_unit,2011-07-11,21754,5.95,65,21,86,33,33,0,53,15.767500000000002,0.0,15.767500000000002
optimizer_unit,2011-07-11,21931,1.95,0,349,349,156,156,0,193,18.8175,0.0,18.8175
optimizer_unit,2011-07-18,22423,12.75,107,206,313,306,306,0,7,4.4625,0.0,4.4625
optimizer_unit,2011-07-18,85123A,2.95,0,967,967,697,697,0,270,39.825,0.0,39.825
optimizer_unit,2011-07-18,85099B,1.95,554,411,965,712,712,0,253,24.6675,0.0,24.6675
optimizer_unit,2011-07-18,84879,1.69,388,362,750,511,511,0,239,20.1955,0.0,20.1955
optimizer_unit,2011-07-18,22086,2.95,124,4,128,14,14,0,114,16.815,0.0,16.815
optimizer_unit,2011-07-18,47566,4.95,0,346,346,843,346,497,0,0.0,738.045,738.045
optimizer_unit,2011-07-18,84347,2.55,120,0,120,1,1,0,119,15.1725,0.0,15.1725
optimizer_unit,2011-07-18,48138,7.95,41,32,73,50,50,0,23,9.1425,0.0,9.1425
optimizer_unit,2011-07-18,21843,10.95,34,7,41,13,13,0,28,15.329999999999998,0.0,15.329999999999998
optimizer_unit,2011-07-18,21621,8.5,61,0,61,26,26,0,35,14.875,0.0,14.875
optimizer_unit,2011-07-18,85099F,1.95,384,29,413,120,120,0,293,28.567500000000003,0.0,28.567500000000003
optimizer_unit,2011-07-18,15056N,5.95,9,83,92,319,92,227,0,0.0,405.195,405.195
optimizer_unit,2011-07-18,21232,1.25,272,102,374,141,141,0,233,14.5625,0.0,14.5625
optimizer_unit,2011-07-18,22386,1.95,92,315,407,287,287,0,120,11.700000000000001,0.0,11.700000000000001
optimizer_unit,2011-07-18,20685,7.95,35,46,81,89,81,8,0,0.0,19.08,19.08
optimizer_unit,2011-07-18,85099C,1.95,294,93,387,210,210,0,177,17.2575,0.0,17.2575
optimizer_unit,2011-07-18,20725,1.65,135,200,335,315,315,0,20,1.6500000000000001,0.0,1.6500000000000001
optimizer_unit,2011-07-18,79321,4.95,139,33,172,129,129,0,43,10.6425,0.0,10.6425
optimizer_unit,2011-07-18,21754,5.95,53,33,86,45,45,0,41,12.197500000000002,0.0,12.197500000000002
optimizer_unit,2011-07-18,21931,1.95,193,151,344,257,257,0,87,8.4825,0.0,8.4825
optimizer_unit,2011-07-25,22423,12.75,7,306,313,275,275,0,38,24.225,0.0,24.225
optimizer_unit,2011-07-25,85123A,2.95,270,669,939,756,756,0,183,26.992500000000003,0.0,26.992500000000003
optimizer_unit,2011-07-25,85099B,1.95,253,701,954,540,540,0,414,40.365,0.0,40.365
optimizer_unit,2011-07-25,84879,1.69,239,498,737,400,400,0,337,28.4765,0.0,28.4765
optimizer_unit,2011-07-25,22086,2.95,114,22,136,167,136,31,0,0.0,27.435,27.435
optimizer_unit,2011-07-25,47566,4.95,0,376,376,466,376,90,0,0.0,133.65,133.65
optimizer_unit,2011-07-25,84347,2.55,119,37,156,6,6,0,150,19.125,0.0,19.125
optimizer_unit,2011-07-25,48138,7.95,23,52,75,30,30,0,45,17.8875,0.0,17.8875
optimizer_unit,2011-07-25,21843,10.95,28,13,41,7,7,0,34,18.615,0.0,18.615
optimizer_unit,2011-07-25,21621,8.5,35,24,59,19,19,0,40,17.0,0.0,17.0
optimizer_unit,2011-07-25,85099F,1.95,293,110,403,434,403,31,0,0.0,18.134999999999998,18.134999999999998
optimizer_unit,2011-07-25,15056N,5.95,0,97,97,25,25,0,72,21.42,0.0,21.42
optimizer_unit,2011-07-25,21232,1.25,233,135,368,95,95,0,273,17.0625,0.0,17.0625
optimizer_unit,2011-07-25,22386,1.95,120,287,407,403,403,0,4,0.39,0.0,0.39
optimizer_unit,2011-07-25,20685,7.95,0,81,81,18,18,0,63,25.042500000000004,0.0,25.042500000000004
optimizer_unit,2011-07-25,85099C,1.95,177,210,387,164,164,0,223,21.7425,0.0,21.7425
optimizer_unit,2011-07-25,20725,1.65,20,300,320,345,320,25,0,0.0,12.375,12.375
optimizer_unit,2011-07-25,79321,4.95,43,132,175,651,175,476,0,0.0,706.86,706.86
optimizer_unit,2011-07-25,21754,5.95,41,46,87,35,35,0,52,15.470000000000002,0.0,15.470000000000002
optimizer_unit,2011-07-25,21931,2.08,87,257,344,230,230,0,114,11.856000000000002,0.0,11.856000000000002
optimizer_unit,2011-08-01,22423,12.75,38,272,310,132,132,0,178,113.47500000000001,0.0,113.47500000000001
optimizer_unit,2011-08-01,85123A,2.95,183,756,939,423,423,0,516,76.11,0.0,76.11
optimizer_unit,2011-08-01,85099B,1.95,414,540,954,1026,954,72,0,0.0,42.12,42.12
optimizer_unit,2011-08-01,84879,1.69,337,370,707,3792,707,3085,0,0.0,1564.0949999999998,1564.0949999999998
optimizer_unit,2011-08-01,22086,2.95,0,167,167,155,155,0,12,1.7700000000000005,0.0,1.7700000000000005
optimizer_unit,2011-08-01,47566,4.95,0,387,387,431,387,44,0,0.0,65.34,65.34
optimizer_unit,2011-08-01,84347,2.55,150,0,150,12,12,0,138,17.595,0.0,17.595
optimizer_unit,2011-08-01,48138,7.95,45,28,73,37,37,0,36,14.31,0.0,14.31
optimizer_unit,2011-08-01,21843,10.95,34,7,41,27,27,0,14,7.664999999999999,0.0,7.664999999999999
optimizer_unit,2011-08-01,21621,8.5,40,19,59,150,59,91,0,0.0,232.04999999999998,232.04999999999998
optimizer_unit,2011-08-01,85099F,1.95,0,413,413,537,413,124,0,0.0,72.53999999999999,72.53999999999999
optimizer_unit,2011-08-01,15056N,5.95,72,25,97,102,97,5,0,0.0,8.924999999999999,8.924999999999999
optimizer_unit,2011-08-01,21232,1.25,273,86,359,141,141,0,218,13.625,0.0,13.625
optimizer_unit,2011-08-01,22386,1.95,4,403,407,362,362,0,45,4.3875,0.0,4.3875
optimizer_unit,2011-08-01,20685,7.95,63,17,80,38,38,0,42,16.695000000000004,0.0,16.695000000000004
optimizer_unit,2011-08-01,85099C,1.95,223,164,387,264,264,0,123,11.9925,0.0,11.9925
optimizer_unit,2011-08-01,20725,1.65,0,320,320,583,320,263,0,0.0,130.185,130.185
optimizer_unit,2011-08-01,79321,4.95,0,175,175,87,87,0,88,21.78,0.0,21.78
optimizer_unit,2011-08-01,21754,5.95,52,34,86,28,28,0,58,17.255000000000003,0.0,17.255000000000003
optimizer_unit,2011-08-01,21931,2.08,114,230,344,383,344,39,0,0.0,24.336000000000002,24.336000000000002
optimizer_unit,2011-08-08,22423,12.75,178,128,306,122,122,0,184,117.30000000000001,0.0,117.30000000000001
optimizer_unit,2011-08-08,85123A,2.95,516,419,935,401,401,0,534,78.76500000000001,0.0,78.76500000000001
optimizer_unit,2011-08-08,85099B,1.95,0,954,954,1123,954,169,0,0.0,98.865,98.865
optimizer_unit,2011-08-08,84879,1.69,0,743,743,1315,743,572,0,0.0,290.00399999999996,290.00399999999996
optimizer_unit,2011-08-08,22086,2.95,12,143,155,22,22,0,133,19.617500000000003,0.0,19.617500000000003
optimizer_unit,2011-08-08,47566,4.95,0,426,426,272,272,0,154,38.115,0.0,38.115
optimizer_unit,2011-08-08,84347,2.55,138,0,138,0,0,0,138,17.595,0.0,17.595
optimizer_unit,2011-08-08,48138,7.95,36,37,73,7,7,0,66,26.235000000000003,0.0,26.235000000000003
optimizer_unit,2011-08-08,21843,10.95,14,24,38,8,8,0,30,16.425,0.0,16.425
optimizer_unit,2011-08-08,21621,8.5,0,59,59,17,17,0,42,17.85,0.0,17.85
optimizer_unit,2011-08-08,85099F,1.95,0,413,413,310,310,0,103,10.0425,0.0,10.0425
optimizer_unit,2011-08-08,15056N,5.95,0,92,92,37,37,0,55,16.3625,0.0,16.3625
optimizer_unit,2011-08-08,21232,1.25,218,132,350,119,119,0,231,14.4375,0.0,14.4375
optimizer_unit,2011-08-08,22386,2.08,45,358,403,361,361,0,42,4.368,0.0,4.368
optimizer_unit,2011-08-08,20685,7.95,42,34,76,29,29,0,47,18.6825,0.0,18.6825
optimizer_unit,2011-08-08,85099C,1.95,123,249,372,252,252,0,120,11.700000000000001,0.0,11.700000000000001
optimizer_unit,2011-08-08,20725,1.65,0,318,318,575,318,257,0,0.0,127.21499999999997,127.21499999999997
optimizer_unit,2011-08-08,79321,4.95,88,87,175,135,135,0,40,9.9,0.0,9.9
optimizer_unit,2011-08-08,21754,5.95,58,27,85,17,17,0,68,20.230000000000004,0.0,20.230000000000004
optimizer_unit,2011-08-08,21931,2.08,0,344,344,297,297,0,47,4.888000000000001,0.0,4.888000000000001
optimizer_unit,2011-08-15,22423,12.75,184,122,306,147,147,0,159,101.36250000000001,0.0,101.36250000000001
optimizer_unit,2011-08-15,85123A,2.95,534,405,939,265,265,0,674,99.41500000000002,0.0,99.41500000000002
optimizer_unit,2011-08-15,85099B,1.95,0,973,973,976,973,3,0,0.0,1.755,1.755
optimizer_unit,2011-08-15,84879,1.69,0,753,753,556,556,0,197,16.6465,0.0,16.6465
optimizer_unit,2011-08-15,22086,2.95,133,22,155,24,24,0,131,19.322500000000005,0.0,19.322500000000005
optimizer_unit,2011-08-15,47566,4.95,154,272,426,286,286,0,140,34.65,0.0,34.65
optimizer_unit,2011-08-15,84347,2.55,138,0,138,17,17,0,121,15.427499999999998,0.0,15.427499999999998
optimizer_unit,2011-08-15,48138,7.95,66,7,73,57,57,0,16,6.36,0.0,6.36
optimizer_unit,2011-08-15,21843,10.95,30,8,38,17,17,0,21,11.4975,0.0,11.4975
optimizer_unit,2011-08-15,21621,8.5,42,17,59,19,19,0,40,17.0,0.0,17.0
optimizer_unit,2011-08-15,85099F,1.95,103,310,413,328,328,0,85,8.2875,0.0,8.2875
optimizer_unit,2011-08-15,15056N,5.95,55,37,92,138,92,46,0,0.0,82.11,82.11
optimizer_unit,2011-08-15,21232,1.25,231,119,350,76,76,0,274,17.125,0.0,17.125
optimizer_unit,2011-08-15,22386,2.08,42,335,377,366,366,0,11,1.1440000000000001,0.0,1.1440000000000001
optimizer_unit,2011-08-15,20685,7.95,47,29,76,38,38,0,38,15.105000000000002,0.0,15.105000000000002
optimizer_unit,2011-08-15,85099C,1.95,120,252,372,113,113,0,259,25.2525,0.0,25.2525
optimizer_unit,2011-08-15,20725,1.65,0,320,320,373,320,53,0,0.0,26.234999999999996,26.234999999999996
optimizer_unit,2011-08-15,79321,4.95,40,135,175,62,62,0,113,27.9675,0.0,27.9675
optimizer_unit,2011-08-15,21754,5.95,68,17,85,67,67,0,18,5.355,0.0,5.355
optimizer_unit,2011-08-15,21931,2.08,47,288,335,395,335,60,0,0.0,37.440000000000005,37.440000000000005
optimizer_unit,2011-08-22,22423,12.75,159,150,309,149,149,0,160,102.0,0.0,102.0
optimizer_unit,2011-08-22,85123A,2.95,674,261,935,763,763,0,172,25.370000000000005,0.0,25.370000000000005
optimizer_unit,2011-08-22,85099B,1.95,0,976,976,1458,976,482,0,0.0,281.96999999999997,281.96999999999997
optimizer_unit,2011-08-22,84879,1.69,197,556,753,810,753,57,0,0.0,28.898999999999997,28.898999999999997
optimizer_unit,2011-08-22,22086,2.95,131,36,167,28,28,0,139,20.5025,0.0,20.5025
optimizer_unit,2011-08-22,47566,4.95,140,286,426,436,426,10,0,0.0,14.85,14.85
optimizer_unit,2011-08-22,84347,2.55,121,0,121,18,18,0,103,13.1325,0.0,13.1325
optimizer_unit,2011-08-22,48138,7.95,16,57,73,12,12,0,61,24.247500000000002,0.0,24.247500000000002
optimizer_unit,2011-08-22,21843,10.95,21,12,33,12,12,0,21,11.4975,0.0,11.4975
optimizer_unit,2011-08-22,21621,8.5,40,14,54,19,19,0,35,14.875,0.0,14.875
optimizer_unit,2011-08-22,85099F,1.95,85,328,413,862,413,449,0,0.0,262.66499999999996,262.66499999999996
optimizer_unit,2011-08-22,15056N,5.95,0,92,92,146,92,54,0,0.0,96.39,96.39
optimizer_unit,2011-08-22,21232,1.25,274,69,343,101,101,0,242,15.125,0.0,15.125
optimizer_unit,2011-08-22,22386,2.08,11,392,403,609,403,206,0,0.0,128.544,128.544
optimizer_unit,2011-08-22,20685,7.95,38,38,76,34,34,0,42,16.695000000000004,0.0,16.695000000000004
optimizer_unit,2011-08-22,85099C,1.95,259,98,357,132,132,0,225,21.9375,0.0,21.9375
optimizer_unit,2011-08-22,20725,1.65,0,320,320,281,281,0,39,3.2175,0.0,3.2175
optimizer_unit,2011-08-22,79321,4.95,113,62,175,110,110,0,65,16.087500000000002,0.0,16.087500000000002
optimizer_unit,2011-08-22,21754,5.95,18,67,85,41,41,0,44,13.090000000000002,0.0,13.090000000000002
optimizer_unit,2011-08-22,21931,2.08,0,344,344,356,344,12,0,0.0,7.4879999999999995,7.4879999999999995
optimizer_unit,2011-08-29,22423,12.75,160,150,310,89,89,0,221,140.88750000000002,0.0,140.88750000000002
optimizer_unit,2011-08-29,85123A,2.95,172,735,907,394,394,0,513,75.6675,0.0,75.6675
optimizer_unit,2011-08-29,85099B,1.95,0,1023,1023,677,677,0,346,33.735,0.0,33.735
optimizer_unit,2011-08-29,84879,1.69,0,753,753,200,200,0,553,46.7285,0.0,46.7285
optimizer_unit,2011-08-29,22086,2.95,139,28,167,192,167,25,0,0.0,22.125,22.125
optimizer_unit,2011-08-29,47566,4.95,0,436,436,187,187,0,249,61.6275,0.0,61.6275
optimizer_unit,2011-08-29,84347,2.55,103,53,156,4,4,0,152,19.38,0.0,19.38
optimizer_unit,2011-08-29,48138,7.95,61,12,73,21,21,0,52,20.67,0.0,20.67
optimizer_unit,2011-08-29,21843,10.95,21,11,32,9,9,0,23,12.592500000000001,0.0,12.592500000000001
optimizer_unit,2011-08-29,21621,8.5,35,19,54,40,40,0,14,5.95,0.0,5.95
optimizer_unit,2011-08-29,85099F,1.95,0,413,413,278,278,0,135,13.162500000000001,0.0,13.162500000000001
optimizer_unit,2011-08-29,15056N,5.95,0,92,92,26,26,0,66,19.635,0.0,19.635
optimizer_unit,2011-08-29,21232,1.25,242,70,312,74,74,0,238,14.875,0.0,14.875
optimizer_unit,2011-08-29,22386,2.08,0,407,407,238,238,0,169,17.576000000000004,0.0,17.576000000000004
optimizer_unit,2011-08-29,20685,7.95,42,34,76,33,33,0,43,17.0925,0.0,17.0925
optimizer_unit,2011-08-29,85099C,2.08,225,99,324,264,264,0,60,6.240000000000001,0.0,6.240000000000001
optimizer_unit,2011-08-29,20725,1.65,39,279,318,192,192,0,126,10.395,0.0,10.395
optimizer_unit,2011-08-29,79321,4.95,65,110,175,210,175,35,0,0.0,51.975,51.975
optimizer_unit,2011-08-29,21754,5.95,44,34,78,17,17,0,61,18.1475,0.0,18.1475
optimizer_unit,2011-08-29,21931,2.08,0,349,349,302,302,0,47,4.888000000000001,0.0,4.888000000000001
optimizer_unit,2011-09-05,22423,12.75,221,85,306,105,105,0,201,128.13750000000002,0.0,128.13750000000002
optimizer_unit,2011-09-05,85123A,2.95,513,422,935,407,407,0,528,77.88000000000001,0.0,77.88000000000001
optimizer_unit,2011-09-05,85099B,1.95,346,647,993,536,536,0,457,44.557500000000005,0.0,44.557500000000005
optimizer_unit,2011-09-05,84879,1.69,553,200,753,384,384,0,369,31.180500000000002,0.0,31.180500000000002
optimizer_unit,2011-09-05,22086,2.95,0,192,192,495,192,303,0,0.0,268.155,268.155
optimizer_unit,2011-09-05,47566,4.95,249,187,436,224,224,0,212,52.470000000000006,0.0,52.470000000000006
optimizer_unit,2011-09-05,84347,2.55,152,0,152,38,38,0,114,14.535,0.0,14.535
optimizer_unit,2011-09-05,48138,7.95,52,20,72,29,29,0,43,17.0925,0.0,17.0925
optimizer_unit,2011-09-05,21843,10.95,23,8,31,3,3,0,28,15.329999999999998,0.0,15.329999999999998
optimizer_unit,2011-09-05,21621,8.5,14,38,52,54,52,2,0,0.0,5.1,5.1
optimizer_unit,2011-09-05,85099F,2.08,135,278,413,189,189,0,224,23.296000000000003,0.0,23.296000000000003
optimizer_unit,2011-09-05,15056N,5.95,66,31,97,98,97,1,0,0.0,1.785,1.785
optimizer_unit,2011-09-05,21232,1.25,238,79,317,287,287,0,30,1.875,0.0,1.875
optimizer_unit,2011-09-05,22386,2.08,169,234,403,617,403,214,0,0.0,133.536,133.536
optimizer_unit,2011-09-05,20685,7.95,43,37,80,20,20,0,60,23.85,0.0,23.85
optimizer_unit,2011-09-05,85099C,2.08,60,264,324,439,324,115,0,0.0,71.76,71.76
optimizer_unit,2011-09-05,20725,1.65,126,209,335,304,304,0,31,2.5575,0.0,2.5575
optimizer_unit,2011-09-05,79321,4.95,0,187,187,71,71,0,116,28.710000000000004,0.0,28.710000000000004
optimizer_unit,2011-09-05,21754,5.95,61,14,75,56,56,0,19,5.6525,0.0,5.6525
optimizer_unit,2011-09-05,21931,2.08,47,255,302,276,276,0,26,2.704,0.0,2.704
optimizer_unit,2011-09-12,22423,12.75,201,105,306,197,197,0,109,69.4875,0.0,69.4875
optimizer_unit,2011-09-12,85123A,2.95,528,379,907,657,657,0,250,36.875,0.0,36.875
optimizer_unit,2011-09-12,85099B,2.08,457,519,976,743,743,0,233,24.232000000000003,0.0,24.232000000000003
optimizer_unit,2011-09-12,84879,1.69,369,384,753,740,740,0,13,1.0985,0.0,1.0985
optimizer_unit,2011-09-12,22086,2.95,0,344,344,481,344,137,0,0.0,121.245,121.245
optimizer_unit,2011-09-12,47566,4.95,212,224,436,334,334,0,102,25.245000000000005,0.0,25.245000000000005
optimizer_unit,2011-09-12,84347,2.55,114,0,114,294,114,180,0,0.0,137.7,137.7
optimizer_unit,2011-09-12,48138,7.95,43,29,72,544,72,472,0,0.0,1125.72,1125.72
optimizer_unit,2011-09-12,21843,10.95,28,3,31,29,29,0,2,1.095,0.0,1.095
optimizer_unit,2011-09-12,21621,8.5,0,52,52,19,19,0,33,14.025,0.0,14.025
optimizer_unit,2011-09-12,85099F,2.08,224,166,390,302,302,0,88,9.152000000000001,0.0,9.152000000000001
optimizer_unit,2011-09-12,15056N,5.95,0,92,92,114,92,22,0,0.0,39.27,39.27
optimizer_unit,2011-09-12,21232,1.25,30,276,306,133,133,0,173,10.8125,0.0,10.8125
optimizer_unit,2011-09-12,22386,2.08,0,403,403,478,403,75,0,0.0,46.8,46.8
optimizer_unit,2011-09-12,20685,7.95,60,16,76,14,14,0,62,24.645000000000003,0.0,24.645000000000003
optimizer_unit,2011-09-12,85099C,2.08,0,324,324,109,109,0,215,22.36,0.0,22.36
optimizer_unit,2011-09-12,20725,1.65,31,287,318,299,299,0,19,1.5675,0.0,1.5675
optimizer_unit,2011-09-12,79321,4.95,116,71,187,262,187,75,0,0.0,111.375,111.375
optimizer_unit,2011-09-12,21754,5.95,19,52,71,45,45,0,26,7.735000000000001,0.0,7.735000000000001
optimizer_unit,2011-09-12,21931,2.08,26,271,297,331,297,34,0,0.0,21.215999999999998,21.215999999999998
optimizer_unit,2011-09-19,22423,12.75,109,192,301,100,100,0,201,128.13750000000002,0.0,128.13750000000002
optimizer_unit,2011-09-19,85123A,2.95,250,637,887,660,660,0,227,33.48250000000001,0.0,33.48250000000001
optimizer_unit,2011-09-19,85099B,2.08,233,743,976,1387,976,411,0,0.0,256.464,256.464
optimizer_unit,2011-09-19,84879,1.69,13,740,753,629,629,0,124,10.478000000000002,0.0,10.478000000000002
optimizer_unit,2011-09-19,22086,2.95,0,359,359,584,359,225,0,0.0,199.125,199.125
optimizer_unit,2011-09-19,47566,4.95,102,334,436,127,127,0,309,76.4775,0.0,76.4775
optimizer_unit,2011-09-19,84347,2.55,0,120,120,367,120,247,0,0.0,188.95499999999996,188.95499999999996
optimizer_unit,2011-09-19,48138,7.95,0,73,73,23,23,0,50,19.875,0.0,19.875
optimizer_unit,2011-09-19,21843,10.95,2,29,31,38,31,7,0,0.0,22.994999999999997,22.994999999999997
optimizer_unit,2011-09-19,21621,8.5,33,19,52,46,46,0,6,2.5500000000000003,0.0,2.5500000000000003
optimizer_unit,2011-09-19,85099F,2.08,88,315,403,509,403,106,0,0.0,66.144,66.144
optimizer_unit,2011-09-19,15056N,5.95,0,92,92,28,28,0,64,19.040000000000003,0.0,19.040000000000003
optimizer_unit,2011-09-19,21232,1.25,173,131,304,207,207,0,97,6.0625,0.0,6.0625
optimizer_unit,2011-09-19,22386,2.08,0,407,407,599,407,192,0,0.0,119.80799999999999,119.80799999999999
optimizer_unit,2011-09-19,20685,7.95,62,14,76,11,11,0,65,25.837500000000002,0.0,25.837500000000002
optimizer_unit,2011-09-19,85099C,2.08,215,87,302,440,302,138,0,0.0,86.11200000000001,86.11200000000001
optimizer_unit,2011-09-19,20725,1.65,19,299,318,212,212,0,106,8.745,0.0,8.745
optimizer_unit,2011-09-19,79321,4.95,0,192,192,28,28,0,164,40.59,0.0,40.59
optimizer_unit,2011-09-19,21754,5.95,26,45,71,17,17,0,54,16.065,0.0,16.065
optimizer_unit,2011-09-19,21931,2.08,0,302,302,278,278,0,24,2.4960000000000004,0.0,2.4960000000000004
optimizer_unit,2011-09-26,22423,12.75,201,94,295,137,137,0,158,100.72500000000001,0.0,100.72500000000001
optimizer_unit,2011-09-26,85123A,2.95,227,620,847,408,408,0,439,64.75250000000001,0.0,64.75250000000001
optimizer_unit,2011-09-26,85099B,2.08,0,976,976,889,889,0,87,9.048,0.0,9.048
optimizer_unit,2011-09-26,84879,1.69,124,616,740,799,740,59,0,0.0,29.912999999999997,29.912999999999997
optimizer_unit,2011-09-26,22086,2.95,0,400,400,347,347,0,53,7.817500000000002,0.0,7.817500000000002
optimizer_unit,2011-09-26,47566,4.95,309,127,436,197,197,0,239,59.1525,0.0,59.1525
optimizer_unit,2011-09-26,84347,2.55,0,120,120,40,40,0,80,10.200000000000001,0.0,10.200000000000001
optimizer_unit,2011-09-26,48138,7.95,50,23,73,176,73,103,0,0.0,245.655,245.655
optimizer_unit,2011-09-26,21843,10.95,0,32,32,5,5,0,27,14.782499999999999,0.0,14.782499999999999
optimizer_unit,2011-09-26,21621,8.5,6,46,52,22,22,0,30,12.75,0.0,12.75
optimizer_unit,2011-09-26,85099F,2.08,0,413,413,206,206,0,207,21.528000000000002,0.0,21.528000000000002
optimizer_unit,2011-09-26,15056N,5.95,64,33,97,46,46,0,51,15.1725,0.0,15.1725
optimizer_unit,2011-09-26,21232,1.25,97,207,304,214,214,0,90,5.625,0.0,5.625
optimizer_unit,2011-09-26,22386,2.08,0,409,409,665,409,256,0,0.0,159.744,159.744
optimizer_unit,2011-09-26,20685,7.95,65,11,76,95,76,19,0,0.0,45.315000000000005,45.315000000000005
optimizer_unit,2011-09-26,85099C,2.08,0,302,302,398,302,96,0,0.0,59.903999999999996,59.903999999999996
optimizer_unit,2011-09-26,20725,1.65,106,212,318,228,228,0,90,7.425000000000001,0.0,7.425000000000001
optimizer_unit,2011-09-26,79321,4.95,164,28,192,162,162,0,30,7.425000000000001,0.0,7.425000000000001
optimizer_unit,2011-09-26,21754,5.95,54,17,71,33,33,0,38,11.305,0.0,11.305
optimizer_unit,2011-09-26,21931,2.08,24,278,302,260,260,0,42,4.368,0.0,4.368
optimizer_unit,2011-10-03,22423,12.75,158,143,301,298,298,0,3,1.9125,0.0,1.9125
optimizer_unit,2011-10-03,85123A,2.95,439,415,854,157,157,0,697,102.8075,0.0,102.8075
optimizer_unit,2011-10-03,85099B,2.08,87,889,976,2496,976,1520,0,0.0,948.4799999999999,948.4799999999999
optimizer_unit,2011-10-03,84879,1.69,0,753,753,573,573,0,180,15.21,0.0,15.21
optimizer_unit,2011-10-03,22086,2.95,53,312,365,953,365,588,0,0.0,520.38,520.38
optimizer_unit,2011-10-03,47566,4.95,239,197,436,170,170,0,266,65.83500000000001,0.0,65.83500000000001
optimizer_unit,2011-10-03,84347,2.55,80,40,120,178,120,58,0,0.0,44.36999999999999,44.36999999999999
optimizer_unit,2011-10-03,48138,7.95,0,75,75,30,30,0,45,17.8875,0.0,17.8875
optimizer_unit,2011-10-03,21843,10.95,27,4,31,4,4,0,27,14.782499999999999,0.0,14.782499999999999
optimizer_unit,2011-10-03,21621,8.5,30,20,50,30,30,0,20,8.5,0.0,8.5
optimizer_unit,2011-10-03,85099F,2.08,207,216,423,1052,423,629,0,0.0,392.496,392.496
optimizer_unit,2011-10-03,15056N,5.95,51,46,97,22,22,0,75,22.3125,0.0,22.3125
optimizer_unit,2011-10-03,21232,1.25,90,197,287,67,67,0,220,13.75,0.0,13.75
optimizer_unit,2011-10-03,22386,2.08,0,409,409,1539,409,1130,0,0.0,705.12,705.12
optimizer_unit,2011-10-03,20685,7.95,0,76,76,36,36,0,40,15.9,0.0,15.9
optimizer_unit,2011-10-03,85099C,2.08,0,324,324,146,146,0,178,18.512,0.0,18.512
optimizer_unit,2011-10-03,20725,1.65,90,228,318,278,278,0,40,3.3000000000000003,0.0,3.3000000000000003
optimizer_unit,2011-10-03,79321,4.95,30,162,192,47,47,0,145,35.8875,0.0,35.8875
optimizer_unit,2011-10-03,21754,5.95,38,33,71,44,44,0,27,8.0325,0.0,8.0325
optimizer_unit,2011-10-03,21931,2.08,42,255,297,444,297,147,0,0.0,91.728,91.728
optimizer_unit,2011-10-10,22423,12.75,3,295,298,127,127,0,171,109.0125,0.0,109.0125
optimizer_unit,2011-10-10,85123A,2.95,697,150,847,599,599,0,248,36.580000000000005,0.0,36.580000000000005
optimizer_unit,2011-10-10,85099B,2.08,0,993,993,547,547,0,446,46.38400000000001,0.0,46.38400000000001
optimizer_unit,2011-10-10,84879,1.69,180,573,753,412,412,0,341,28.8145,0.0,28.8145
optimizer_unit,2011-10-10,22086,2.95,0,365,365,739,365,374,0,0.0,330.98999999999995,330.98999999999995
optimizer_unit,2011-10-10,47566,4.95,266,170,436,102,102,0,334,82.665,0.0,82.665
optimizer_unit,2011-10-10,84347,2.55,0,120,120,469,120,349,0,0.0,266.98499999999996,266.98499999999996
optimizer_unit,2011-10-10,48138,7.95,45,28,73,39,39,0,34,13.515,0.0,13.515
optimizer_unit,2011-10-10,21843,10.95,27,4,31,23,23,0,8,4.38,0.0,4.38
optimizer_unit,2011-10-10,21621,8.5,20,30,50,17,17,0,33,14.025,0.0,14.025
optimizer_unit,2011-10-10,85099F,2.08,0,423,423,51,51,0,372,38.688,0.0,38.688
optimizer_unit,2011-10-10,15056N,5.95,75,21,96,32,32,0,64,19.040000000000003,0.0,19.040000000000003
optimizer_unit,2011-10-10,21232,1.25,220,51,271,358,271,87,0,0.0,32.625,32.625
optimizer_unit,2011-10-10,22386,2.08,0,444,444,197,197,0,247,25.688000000000002,0.0,25.688000000000002
optimizer_unit,2011-10-10,20685,7.95,40,36,76,39,39,0,37,14.707500000000003,0.0,14.707500000000003
optimizer_unit,2011-10-10,85099C,2.08,178,124,302,210,210,0,92,9.568000000000001,0.0,9.568000000000001
optimizer_unit,2011-10-10,20725,1.65,40,278,318,383,318,65,0,0.0,32.175,32.175
optimizer_unit,2011-10-10,79321,4.95,145,42,187,150,150,0,37,9.1575,0.0,9.1575
optimizer_unit,2011-10-10,21754,5.95,27,43,70,18,18,0,52,15.470000000000002,0.0,15.470000000000002
optimizer_unit,2011-10-10,21931,2.08,0,302,302,143,143,0,159,16.536,0.0,16.536
optimizer_unit,2011-10-17,22423,12.75,171,127,298,89,89,0,209,133.2375,0.0,133.2375
optimizer_unit,2011-10-17,85123A,2.95,248,596,844,152,152,0,692,102.07000000000001,0.0,102.07000000000001
optimizer_unit,2011-10-17,85099B,2.08,446,530,976,725,725,0,251,26.104000000000003,0.0,26.104000000000003
optimizer_unit,2011-10-17,84879,1.69,341,399,740,740,740,0,0,0.0,0.0,0.0
optimizer_unit,2011-10-17,22086,2.95,0,389,389,698,389,309,0,0.0,273.46500000000003,273.46500000000003
optimizer_unit,2011-10-17,47566,4.95,334,102,436,203,203,0,233,57.66750000000001,0.0,57.66750000000001
optimizer_unit,2011-10-17,84347,2.55,0,120,120,400,120,280,0,0.0,214.2,214.2
optimizer_unit,2011-10-17,48138,7.95,34,39,73,16,16,0,57,22.657500000000002,0.0,22.657500000000002
optimizer_unit,2011-10-17,21843,10.95,8,23,31,4,4,0,27,14.782499999999999,0.0,14.782499999999999
optimizer_unit,2011-10-17,21621,8.5,33,19,52,35,35,0,17,7.2250000000000005,0.0,7.2250000000000005
optimizer_unit,2011-10-17,85099F,2.08,372,41,413,433,413,20,0,0.0,12.48,12.48
optimizer_unit,2011-10-17,15056N,5.95,64,34,98,19,19,0,79,23.5025,0.0,23.5025
optimizer_unit,2011-10-17,21232,1.25,0,287,287,139,139,0,148,9.25,0.0,9.25
optimizer_unit,2011-10-17,22386,2.08,247,162,409,334,334,0,75,7.800000000000001,0.0,7.800000000000001
optimizer_unit,2011-10-17,20685,7.95,37,39,76,12,12,0,64,25.44,0.0,25.44
optimizer_unit,2011-10-17,85099C,2.08,92,198,290,200,200,0,90,9.360000000000001,0.0,9.360000000000001
optimizer_unit,2011-10-17,20725,1.65,0,335,335,146,146,0,189,15.5925,0.0,15.5925
optimizer_unit,2011-10-17,79321,5.75,37,150,187,109,109,0,78,22.425,0.0,22.425
optimizer_unit,2011-10-17,21754,5.95,52,18,70,34,34,0,36,10.71,0.0,10.71
optimizer_unit,2011-10-17,21931,2.08,159,172,331,140,140,0,191,19.864000000000004,0.0,19.864000000000004
optimizer_unit,2011-10-24,22423,12.75,209,80,289,121,121,0,168,107.10000000000001,0.0,107.10000000000001
optimizer_unit,2011-10-24,85123A,2.95,692,152,844,369,369,0,475,70.0625,0.0,70.0625
optimizer_unit,2011-10-24,85099B,2.08,251,725,976,490,490,0,486,50.544000000000004,0.0,50.544000000000004
optimizer_unit,2011-10-24,84879,1.69,0,740,740,745,740,5,0,0.0,2.5349999999999997,2.5349999999999997
optimizer_unit,2011-10-24,22086,2.95,0,425,425,632,425,207,0,0.0,183.19500000000002,183.19500000000002
optimizer_unit,2011-10-24,47566,4.95,233,203,436,78,78,0,358,88.60500000000002,0.0,88.60500000000002
optimizer_unit,2011-10-24,84347,2.55,0,120,120,677,120,557,0,0.0,426.10499999999996,426.10499999999996
optimizer_unit,2011-10-24,48138,7.95,57,16,73,20,20,0,53,21.067500000000003,0.0,21.067500000000003
optimizer_unit,2011-10-24,21843,10.95,27,2,29,13,13,0,16,8.76,0.0,8.76
optimizer_unit,2011-10-24,21621,8.5,17,35,52,12,12,0,40,17.0,0.0,17.0
optimizer_unit,2011-10-24,85099F,2.08,0,423,423,30,30,0,393,40.87200000000001,0.0,40.87200000000001
optimizer_unit,2011-10-24,15056N,5.95,79,13,92,107,92,15,0,0.0,26.775,26.775
optimizer_unit,2011-10-24,21232,1.25,148,123,271,137,137,0,134,8.375,0.0,8.375
optimizer_unit,2011-10-24,22386,2.08,75,334,409,343,343,0,66,6.864000000000001,0.0,6.864000000000001
optimizer_unit,2011-10-24,20685,7.95,64,12,76,52,52,0,24,9.540000000000001,0.0,9.540000000000001
optimizer_unit,2011-10-24,85099C,2.08,90,200,290,391,290,101,0,0.0,63.024,63.024
optimizer_unit,2011-10-24,20725,1.65,189,146,335,234,234,0,101,8.3325,0.0,8.3325
optimizer_unit,2011-10-24,79321,5.75,78,97,175,431,175,256,0,0.0,441.59999999999997,441.59999999999997
optimizer_unit,2011-10-24,21754,5.95,36,33,69,48,48,0,21,6.2475000000000005,0.0,6.2475000000000005
optimizer_unit,2011-10-24,21931,2.08,191,140,331,242,242,0,89,9.256,0.0,9.256
optimizer_unit,2011-10-31,22423,12.75,168,107,275,236,236,0,39,24.8625,0.0,24.8625
optimizer_unit,2011-10-31,85123A,2.95,475,288,763,1691,763,928,0,0.0,821.2800000000001,821.2800000000001
optimizer_unit,2011-10-31,85099B,2.08,486,490,976,823,823,0,153,15.912,0.0,15.912
optimizer_unit,2011-10-31,84879,1.69,0,740,740,912,740,172,0,0.0,87.204,87.204
optimizer_unit,2011-10-31,22086,2.95,0,481,481,1717,481,1236,0,0.0,1093.8600000000001,1093.8600000000001
optimizer_unit,2011-10-31,47566,4.95,358,78,436,102,102,0,334,82.665,0.0,82.665
optimizer_unit,2011-10-31,84347,2.55,0,120,120,319,120,199,0,0.0,152.23499999999999,152.23499999999999
optimizer_unit,2011-10-31,48138,7.95,53,20,73,32,32,0,41,16.2975,0.0,16.2975
optimizer_unit,2011-10-31,21843,10.95,16,13,29,34,29,5,0,0.0,16.425,16.425
optimizer_unit,2011-10-31,21621,8.5,40,12,52,20,20,0,32,13.600000000000001,0.0,13.600000000000001
optimizer_unit,2011-10-31,85099F,2.08,393,30,423,193,193,0,230,23.92,0.0,23.92
optimizer_unit,2011-10-31,15056N,5.95,0,98,98,10,10,0,88,26.180000000000003,0.0,26.180000000000003
optimizer_unit,2011-10-31,21232,1.25,134,114,248,201,201,0,47,2.9375,0.0,2.9375
optimizer_unit,2011-10-31,22386,2.08,66,377,443,293,293,0,150,15.600000000000001,0.0,15.600000000000001
optimizer_unit,2011-10-31,20685,7.95,24,52,76,90,76,14,0,0.0,33.39,33.39
optimizer_unit,2011-10-31,85099C,2.08,0,302,302,90,90,0,212,22.048000000000002,0.0,22.048000000000002
optimizer_unit,2011-10-31,20725,1.65,101,234,335,223,223,0,112,9.24,0.0,9.24
optimizer_unit,2011-10-31,79321,5.75,0,187,187,166,166,0,21,6.0375000000000005,0.0,6.0375000000000005
optimizer_unit,2011-10-31,21754,5.95,21,46,67,58,58,0,9,2.6775,0.0,2.6775
optimizer_unit,2011-10-31,21931,2.08,89,242,331,245,245,0,86,8.944,0.0,8.944
optimizer_unit,2011-11-07,22423,12.75,39,250,289,157,157,0,132,84.15,0.0,84.15
optimizer_unit,2011-11-07,85123A,2.95,0,763,763,524,524,0,239,35.252500000000005,0.0,35.252500000000005
optimizer_unit,2011-11-07,85099B,2.08,153,823,976,2060,976,1084,0,0.0,676.416,676.416
optimizer_unit,2011-11-07,84879,1.69,0,740,740,1740,740,1000,0,0.0,507.0,507.0
optimizer_unit,2011-11-07,22086,2.95,0,481,481,1273,481,792,0,0.0,700.92,700.92
optimizer_unit,2011-11-07,47566,4.95,334,123,457,135,135,0,322,79.69500000000001,0.0,79.69500000000001
optimizer_unit,2011-11-07,84347,2.55,0,120,120,584,120,464,0,0.0,354.9599999999999,354.9599999999999
optimizer_unit,2011-11-07,48138,7.95,41,31,72,33,33,0,39,15.502500000000001,0.0,15.502500000000001
optimizer_unit,2011-11-07,21843,10.95,0,29,29,27,27,0,2,1.095,0.0,1.095
optimizer_unit,2011-11-07,21621,8.5,32,20,52,32,32,0,20,8.5,0.0,8.5
optimizer_unit,2011-11-07,85099F,2.08,230,193,423,301,301,0,122,12.688000000000002,0.0,12.688000000000002
optimizer_unit,2011-11-07,15056N,5.95,88,4,92,29,29,0,63,18.742500000000003,0.0,18.742500000000003
optimizer_unit,2011-11-07,21232,1.25,47,191,238,135,135,0,103,6.4375,0.0,6.4375
optimizer_unit,2011-11-07,22386,2.08,150,294,444,416,416,0,28,2.9120000000000004,0.0,2.9120000000000004
optimizer_unit,2011-11-07,20685,7.95,0,80,80,36,36,0,44,17.490000000000002,0.0,17.490000000000002
optimizer_unit,2011-11-07,85099C,2.08,212,90,302,253,253,0,49,5.096,0.0,5.096
optimizer_unit,2011-11-07,20725,1.65,112,206,318,526,318,208,0,0.0,102.96,102.96
optimizer_unit,2011-11-07,79321,5.75,21,166,187,482,187,295,0,0.0,508.875,508.875
optimizer_unit,2011-11-07,21754,5.95,9,52,61,30,30,0,31,9.222500000000002,0.0,9.222500000000002
optimizer_unit,2011-11-07,21931,2.08,86,245,331,404,331,73,0,0.0,45.552,45.552
optimizer_unit,2011-11-14,22423,12.75,132,143,275,148,148,0,127,80.9625,0.0,80.9625
optimizer_unit,2011-11-14,85123A,2.95,239,523,762,1172,762,410,0,0.0,362.84999999999997,362.84999999999997
optimizer_unit,2011-11-14,85099B,2.08,0,976,976,1562,976,586,0,0.0,365.66400000000004,365.66400000000004
optimizer_unit,2011-11-14,84879,1.69,0,740,740,1102,740,362,0,0.0,183.534,183.534
optimizer_unit,2011-11-14,22086,2.95,0,481,481,2149,481,1668,0,0.0,1476.18,1476.18
optimizer_unit,2011-11-14,47566,4.95,322,138,460,109,109,0,351,86.8725,0.0,86.8725
optimizer_unit,2011-11-14,84347,2.55,0,171,171,735,171,564,0,0.0,431.4599999999999,431.4599999999999
optimizer_unit,2011-11-14,48138,7.95,39,33,72,39,39,0,33,13.117500000000001,0.0,13.117500000000001
optimizer_unit,2011-11-14,21843,10.95,2,25,27,4,4,0,23,12.592500000000001,0.0,12.592500000000001
optimizer_unit,2011-11-14,21621,8.5,20,32,52,16,16,0,36,15.3,0.0,15.3
optimizer_unit,2011-11-14,85099F,2.08,122,291,413,196,196,0,217,22.568,0.0,22.568
optimizer_unit,2011-11-14,15056N,5.95,63,29,92,97,92,5,0,0.0,8.924999999999999,8.924999999999999
optimizer_unit,2011-11-14,21232,1.25,103,130,233,733,233,500,0,0.0,187.5,187.5
optimizer_unit,2011-11-14,22386,2.08,28,388,416,472,416,56,0,0.0,34.944,34.944
optimizer_unit,2011-11-14,20685,7.95,44,32,76,26,26,0,50,19.875,0.0,19.875
optimizer_unit,2011-11-14,85099C,2.08,49,241,290,620,290,330,0,0.0,205.92,205.92
optimizer_unit,2011-11-14,20725,1.65,0,335,335,449,335,114,0,0.0,56.43,56.43
optimizer_unit,2011-11-14,79321,5.75,0,192,192,381,192,189,0,0.0,326.025,326.025
optimizer_unit,2011-11-14,21754,5.95,31,30,61,58,58,0,3,0.8925000000000001,0.0,0.8925000000000001
optimizer_unit,2011-11-14,21931,2.08,0,331,331,149,149,0,182,18.928,0.0,18.928
optimizer_unit,2011-11-21,22423,12.75,127,137,264,173,173,0,91,58.0125,0.0,58.0125
optimizer_unit,2011-11-21,85123A,2.95,0,762,762,558,558,0,204,30.090000000000003,0.0,30.090000000000003
optimizer_unit,2011-11-21,85099B,2.08,0,1023,1023,727,727,0,296,30.784000000000006,0.0,30.784000000000006
optimizer_unit,2011-11-21,84879,1.69,0,740,740,957,740,217,0,0.0,110.01899999999999,110.01899999999999
optimizer_unit,2011-11-21,22086,2.95,0,481,481,1660,481,1179,0,0.0,1043.415,1043.415
optimizer_unit,2011-11-21,47566,4.95,351,109,460,451,451,0,9,2.2275000000000005,0.0,2.2275000000000005
optimizer_unit,2011-11-21,84347,2.55,0,178,178,1144,178,966,0,0.0,738.9899999999999,738.9899999999999
optimizer_unit,2011-11-21,48138,7.95,33,39,72,89,72,17,0,0.0,40.545,40.545
optimizer_unit,2011-11-21,21843,10.95,23,4,27,104,27,77,0,0.0,252.945,252.945
optimizer_unit,2011-11-21,21621,8.5,36,16,52,25,25,0,27,11.475000000000001,0.0,11.475000000000001
optimizer_unit,2011-11-21,85099F,2.08,217,196,413,52,52,0,361,37.544000000000004,0.0,37.544000000000004
optimizer_unit,2011-11-21,15056N,5.95,0,97,97,8,8,0,89,26.477500000000006,0.0,26.477500000000006
optimizer_unit,2011-11-21,21232,1.25,0,233,233,165,165,0,68,4.25,0.0,4.25
optimizer_unit,2011-11-21,22386,2.08,0,416,416,253,253,0,163,16.952,0.0,16.952
optimizer_unit,2011-11-21,20685,7.95,50,8,58,96,58,38,0,0.0,90.63000000000001,90.63000000000001
optimizer_unit,2011-11-21,85099C,2.08,0,290,290,203,203,0,87,9.048,0.0,9.048
optimizer_unit,2011-11-21,20725,1.65,0,335,335,256,256,0,79,6.5175,0.0,6.5175
optimizer_unit,2011-11-21,79321,5.75,0,192,192,959,192,767,0,0.0,1323.075,1323.075
optimizer_unit,2011-11-21,21754,5.95,3,57,60,58,58,0,2,0.5950000000000001,0.0,0.5950000000000001
optimizer_unit,2011-11-21,21931,2.08,182,120,302,209,209,0,93,9.672,0.0,9.672
optimizer_unit,2011-11-28,22423,12.75,91,169,260,197,197,0,63,40.1625,0.0,40.1625
optimizer_unit,2011-11-28,85123A,2.95,204,558,762,655,655,0,107,15.782500000000002,0.0,15.782500000000002
optimizer_unit,2011-11-28,85099B,2.08,296,697,993,1009,993,16,0,0.0,9.984,9.984
optimizer_unit,2011-11-28,84879,1.69,0,745,745,953,745,208,0,0.0,105.45599999999999,105.45599999999999
optimizer_unit,2011-11-28,22086,2.95,0,481,481,1518,481,1037,0,0.0,917.745,917.745
optimizer_unit,2011-11-28,47566,4.95,9,451,460,101,101,0,359,88.8525,0.0,88.8525
optimizer_unit,2011-11-28,84347,2.55,0,178,178,687,178,509,0,0.0,389.38499999999993,389.38499999999993
optimizer_unit,2011-11-28,48138,7.95,0,72,72,35,35,0,37,14.707500000000003,0.0,14.707500000000003
optimizer_unit,2011-11-28,21843,10.95,0,27,27,42,27,15,0,0.0,49.275,49.275
optimizer_unit,2011-11-28,21621,8.5,27,22,49,33,33,0,16,6.800000000000001,0.0,6.800000000000001
optimizer_unit,2011-11-28,85099F,2.08,361,62,423,426,423,3,0,0.0,1.8719999999999999,1.8719999999999999
optimizer_unit,2011-11-28,15056N,5.95,89,9,98,30,30,0,68,20.230000000000004,0.0,20.230000000000004
optimizer_unit,2011-11-28,21232,1.25,68,160,228,379,228,151,0,0.0,56.625,56.625
optimizer_unit,2011-11-28,22386,2.08,163,253,416,416,416,0,0,0.0,0.0,0.0
optimizer_unit,2011-11-28,20685,7.95,0,76,76,95,76,19,0,0.0,45.315000000000005,45.315000000000005
optimizer_unit,2011-11-28,85099C,2.08,87,215,302,384,302,82,0,0.0,51.168,51.168
optimizer_unit,2011-11-28,20725,1.65,79,257,336,321,321,0,15,1.2375,0.0,1.2375
optimizer_unit,2011-11-28,79321,5.75,0,192,192,314,192,122,0,0.0,210.45,210.45
optimizer_unit,2011-11-28,21754,5.95,2,58,60,52,52,0,8,2.3800000000000003,0.0,2.3800000000000003
optimizer_unit,2011-11-28,21931,2.08,93,204,297,257,257,0,40,4.16,0.0,4.16
unconstrained,2010-12-06,22423,12.75,0,452,452,785,452,333,0,0.0,1273.725,1273.725
unconstrained,2010-12-06,85123A,2.95,0,1445,1445,1121,1121,0,324,47.790000000000006,0.0,47.790000000000006
unconstrained,2010-12-06,85099B,1.95,0,1273,1273,842,842,0,431,42.0225,0.0,42.0225
unconstrained,2010-12-06,84879,1.69,0,1184,1184,669,669,0,515,43.517500000000005,0.0,43.517500000000005
unconstrained,2010-12-06,22086,2.95,0,572,572,1048,572,476,0,0.0,421.26,421.26
unconstrained,2010-12-06,47566,4.65,0,400,400,144,144,0,256,59.52000000000001,0.0,59.52000000000001
unconstrained,2010-12-06,84347,2.55,0,411,411,661,411,250,0,0.0,191.25,191.25
unconstrained,2010-12-06,48138,7.49,0,182,182,87,87,0,95,35.57750000000001,0.0,35.57750000000001
unconstrained,2010-12-06,21843,10.95,0,109,109,96,96,0,13,7.1175,0.0,7.1175
unconstrained,2010-12-06,21621,8.5,0,125,125,23,23,0,102,43.35,0.0,43.35
unconstrained,2010-12-06,85099F,1.95,0,546,546,162,162,0,384,37.44,0.0,37.44
unconstrained,2010-12-06,15056N,5.95,0,204,204,29,29,0,175,52.0625,0.0,52.0625
unconstrained,2010-12-06,21232,1.25,0,684,684,377,377,0,307,19.1875,0.0,19.1875
unconstrained,2010-12-06,22386,1.95,0,530,530,260,260,0,270,26.325000000000003,0.0,26.325000000000003
unconstrained,2010-12-06,20685,7.49,0,105,105,145,105,40,0,0.0,89.88000000000001,89.88000000000001
unconstrained,2010-12-06,85099C,1.95,0,456,456,449,449,0,7,0.6825000000000001,0.0,0.6825000000000001
unconstrained,2010-12-06,20725,1.65,0,487,487,233,233,0,254,20.955,0.0,20.955
unconstrained,2010-12-06,79321,4.95,0,228,228,337,228,109,0,0.0,161.865,161.865
unconstrained,2010-12-06,21754,5.95,0,124,124,127,124,3,0,0.0,5.355,5.355
unconstrained,2010-12-06,21931,1.95,0,400,400,209,209,0,191,18.6225,0.0,18.6225
unconstrained,2010-12-13,22423,12.75,0,454,454,370,370,0,84,53.550000000000004,0.0,53.550000000000004
unconstrained,2010-12-13,85123A,2.95,324,1040,1364,935,935,0,429,63.27750000000001,0.0,63.27750000000001
unconstrained,2010-12-13,85099B,1.95,431,842,1273,407,407,0,866,84.435,0.0,84.435
unconstrained,2010-12-13,84879,1.69,515,528,1043,614,614,0,429,36.2505,0.0,36.2505
unconstrained,2010-12-13,22086,2.95,0,572,572,597,572,25,0,0.0,22.125,22.125
unconstrained,2010-12-13,47566,4.65,256,144,400,28,28,0,372,86.49000000000001,0.0,86.49000000000001
unconstrained,2010-12-13,84347,2.55,0,647,647,765,647,118,0,0.0,90.27,90.27
unconstrained,2010-12-13,48138,7.49,95,87,182,51,51,0,131,49.05950000000001,0.0,49.05950000000001
unconstrained,2010-12-13,21843,10.95,13,96,109,51,51,0,58,31.754999999999995,0.0,31.754999999999995
unconstrained,2010-12-13,21621,8.5,102,23,125,21,21,0,104,44.2,0.0,44.2
unconstrained,2010-12-13,85099F,1.95,384,162,546,229,229,0,317,30.9075,0.0,30.9075
unconstrained,2010-12-13,15056N,5.95,175,27,202,14,14,0,188,55.93000000000001,0.0,55.93000000000001
unconstrained,2010-12-13,21232,1.25,307,361,668,312,312,0,356,22.25,0.0,22.25
unconstrained,2010-12-13,22386,1.95,270,260,530,97,97,0,433,42.2175,0.0,42.2175
unconstrained,2010-12-13,20685,7.49,0,111,111,58,58,0,53,19.8485,0.0,19.8485
unconstrained,2010-12-13,85099C,1.95,7,447,454,127,127,0,327,31.8825,0.0,31.8825
unconstrained,2010-12-13,20725,1.65,254,233,487,177,177,0,310,25.575000000000003,0.0,25.575000000000003
unconstrained,2010-12-13,79321,4.95,0,233,233,589,233,356,0,0.0,528.66,528.66
unconstrained,2010-12-13,21754,5.95,0,124,124,69,69,0,55,16.3625,0.0,16.3625
unconstrained,2010-12-13,21931,1.95,191,209,400,174,174,0,226,22.035,0.0,22.035
unconstrained,2010-12-20,22423,12.75,84,370,454,174,174,0,280,178.5,0.0,178.5
unconstrained,2010-12-20,85123A,2.95,429,935,1364,174,174,0,1190,175.525,0.0,175.525
unconstrained,2010-12-20,85099B,1.95,866,407,1273,170,170,0,1103,107.5425,0.0,107.5425
unconstrained,2010-12-20,84879,1.69,429,547,976,16,16,0,960,81.12,0.0,81.12
unconstrained,2010-12-20,22086,2.95,0,597,597,125,125,0,472,69.62,0.0,69.62
unconstrained,2010-12-20,47566,4.65,372,28,400,24,24,0,376,87.42000000000002,0.0,87.42000000000002
unconstrained,2010-12-20,84347,2.55,0,661,661,184,184,0,477,60.817499999999995,0.0,60.817499999999995
unconstrained,2010-12-20,48138,7.49,131,51,182,7,7,0,175,65.53750000000001,0.0,65.53750000000001
unconstrained,2010-12-20,21843,10.95,58,43,101,10,10,0,91,49.8225,0.0,49.8225
unconstrained,2010-12-20,21621,8.5,104,21,125,15,15,0,110,46.75,0.0,46.75
unconstrained,2010-12-20,85099F,1.95,317,229,546,11,11,0,535,52.1625,0.0,52.1625
unconstrained,2010-12-20,15056N,5.95,188,14,202,32,32,0,170,50.575,0.0,50.575
unconstrained,2010-12-20,21232,1.25,356,278,634,47,47,0,587,36.6875,0.0,36.6875
unconstrained,2010-12-20,22386,1.95,433,97,530,9,9,0,521,50.7975,0.0,50.7975
unconstrained,2010-12-20,20685,7.49,53,52,105,18,18,0,87,32.5815,0.0,32.5815
unconstrained,2010-12-20,85099C,1.95,327,127,454,117,117,0,337,32.8575,0.0,32.8575
unconstrained,2010-12-20,20725,1.65,310,177,487,44,44,0,443,36.5475,0.0,36.5475
unconstrained,2010-12-20,79321,4.95,0,300,300,60,60,0,240,59.400000000000006,0.0,59.400000000000006
unconstrained,2010-12-20,21754,5.95,55,69,124,13,13,0,111,33.0225,0.0,33.0225
unconstrained,2010-12-20,21931,1.95,226,174,400,61,61,0,339,33.0525,0.0,33.0525
unconstrained,2010-12-27,22423,12.75,280,174,454,0,0,0,454,289.425,0.0,289.425
unconstrained,2010-12-27,85123A,2.95,1190,174,1364,0,0,0,1364,201.19000000000003,0.0,201.19000000000003
unconstrained,2010-12-27,85099B,1.95,1103,170,1273,0,0,0,1273,124.1175,0.0,124.1175
unconstrained,2010-12-27,84879,1.69,960,16,976,0,0,0,976,82.47200000000001,0.0,82.47200000000001
unconstrained,2010-12-27,22086,2.95,472,125,597,0,0,0,597,88.0575,0.0,88.0575
unconstrained,2010-12-27,47566,4.65,376,24,400,0,0,0,400,93.00000000000001,0.0,93.00000000000001
unconstrained,2010-12-27,84347,2.55,477,184,661,0,0,0,661,84.2775,0.0,84.2775
unconstrained,2010-12-27,48138,7.49,175,7,182,0,0,0,182,68.159,0.0,68.159
unconstrained,2010-12-27,21843,10.95,91,10,101,0,0,0,101,55.29749999999999,0.0,55.29749999999999
unconstrained,2010-12-27,21621,8.5,110,15,125,0,0,0,125,53.125,0.0,53.125
unconstrained,2010-12-27,85099F,1.95,535,11,546,0,0,0,546,53.23500000000001,0.0,53.23500000000001
unconstrained,2010-12-27,15056N,5.95,170,32,202,0,0,0,202,60.095000000000006,0.0,60.095000000000006
unconstrained,2010-12-27,21232,1.25,587,47,634,0,0,0,634,39.625,0.0,39.625
unconstrained,2010-12-27,22386,1.95,521,9,530,0,0,0,530,51.675000000000004,0.0,51.675000000000004
unconstrained,2010-12-27,20685,7.49,87,18,105,0,0,0,105,39.322500000000005,0.0,39.322500000000005
unconstrained,2010-12-27,85099C,1.95,337,117,454,0,0,0,454,44.265,0.0,44.265
unconstrained,2010-12-27,20725,1.65,443,44,487,0,0,0,487,40.1775,0.0,40.1775
unconstrained,2010-12-27,79321,4.95,240,60,300,0,0,0,300,74.25,0.0,74.25
unconstrained,2010-12-27,21754,5.95,111,13,124,0,0,0,124,36.89000000000001,0.0,36.89000000000001
unconstrained,2010-12-27,21931,1.95,339,61,400,0,0,0,400,39.0,0.0,39.0
unconstrained,2011-01-03,22423,12.75,454,0,454,245,245,0,209,133.2375,0.0,133.2375
unconstrained,2011-01-03,85123A,2.95,1364,0,1364,967,967,0,397,58.557500000000005,0.0,58.557500000000005
unconstrained,2011-01-03,85099B,1.95,1273,0,1273,1254,1254,0,19,1.8525,0.0,1.8525
unconstrained,2011-01-03,84879,1.69,976,0,976,480,480,0,496,41.912000000000006,0.0,41.912000000000006
unconstrained,2011-01-03,22086,2.95,597,0,597,16,16,0,581,85.6975,0.0,85.6975
unconstrained,2011-01-03,47566,4.65,400,0,400,145,145,0,255,59.2875,0.0,59.2875
unconstrained,2011-01-03,84347,2.55,661,0,661,9,9,0,652,83.13,0.0,83.13
unconstrained,2011-01-03,48138,7.49,182,0,182,43,43,0,139,52.05550000000001,0.0,52.05550000000001
unconstrained,2011-01-03,21843,10.95,101,0,101,21,21,0,80,43.800000000000004,0.0,43.800000000000004
unconstrained,2011-01-03,21621,8.5,125,0,125,40,40,0,85,36.125,0.0,36.125
unconstrained,2011-01-03,85099F,1.95,546,0,546,703,546,157,0,0.0,91.84499999999998,91.84499999999998
unconstrained,2011-01-03,15056N,5.95,202,0,202,18,18,0,184,54.74,0.0,54.74
unconstrained,2011-01-03,21232,1.25,634,0,634,124,124,0,510,31.875,0.0,31.875
unconstrained,2011-01-03,22386,1.95,530,0,530,513,513,0,17,1.6575,0.0,1.6575
unconstrained,2011-01-03,20685,7.49,105,0,105,36,36,0,69,25.840500000000006,0.0,25.840500000000006
unconstrained,2011-01-03,85099C,1.95,454,0,454,477,454,23,0,0.0,13.455,13.455
unconstrained,2011-01-03,20725,1.65,487,0,487,318,318,0,169,13.942499999999999,0.0,13.942499999999999
unconstrained,2011-01-03,79321,4.95,300,0,300,861,300,561,0,0.0,833.085,833.085
unconstrained,2011-01-03,21754,5.95,124,0,124,102,102,0,22,6.545000000000001,0.0,6.545000000000001
unconstrained,2011-01-03,21931,1.95,400,0,400,216,216,0,184,17.94,0.0,17.94
unconstrained,2011-01-10,22423,12.75,209,245,454,161,161,0,293,186.78750000000002,0.0,186.78750000000002
unconstrained,2011-01-10,85123A,2.95,397,850,1247,3329,1247,2082,0,0.0,1842.5700000000002,1842.5700000000002
unconstrained,2011-01-10,85099B,1.95,19,1254,1273,185,185,0,1088,106.08,0.0,106.08
unconstrained,2011-01-10,84879,1.69,496,480,976,402,402,0,574,48.503,0.0,48.503
unconstrained,2011-01-10,22086,2.95,581,16,597,6,6,0,591,87.17250000000001,0.0,87.17250000000001
unconstrained,2011-01-10,47566,4.65,255,145,400,65,65,0,335,77.88750000000002,0.0,77.88750000000002
unconstrained,2011-01-10,84347,2.55,652,9,661,13,13,0,648,82.62,0.0,82.62
unconstrained,2011-01-10,48138,7.49,139,40,179,11,11,0,168,62.916,0.0,62.916
unconstrained,2011-01-10,21843,10.95,80,21,101,7,7,0,94,51.465,0.0,51.465
unconstrained,2011-01-10,21621,8.5,85,40,125,338,125,213,0,0.0,543.15,543.15
unconstrained,2011-01-10,85099F,1.95,0,578,578,349,349,0,229,22.3275,0.0,22.3275
unconstrained,2011-01-10,15056N,5.95,184,1,185,55,55,0,130,38.675000000000004,0.0,38.675000000000004
unconstrained,2011-01-10,21232,1.25,510,110,620,28,28,0,592,37.0,0.0,37.0
unconstrained,2011-01-10,22386,1.95,17,513,530,323,323,0,207,20.1825,0.0,20.1825
unconstrained,2011-01-10,20685,7.49,69,36,105,22,22,0,83,31.083500000000004,0.0,31.083500000000004
unconstrained,2011-01-10,85099C,1.95,0,456,456,76,76,0,380,37.050000000000004,0.0,37.050000000000004
unconstrained,2011-01-10,20725,1.65,169,318,487,282,282,0,205,16.9125,0.0,16.9125
unconstrained,2011-01-10,79321,4.95,0,337,337,175,175,0,162,40.095,0.0,40.095
unconstrained,2011-01-10,21754,5.95,22,102,124,70,70,0,54,16.065,0.0,16.065
unconstrained,2011-01-10,21931,1.95,184,216,400,281,281,0,119,11.6025,0.0,11.6025
unconstrained,2011-01-17,22423,12.75,293,161,454,107,107,0,347,221.2125,0.0,221.2125
unconstrained,2011-01-17,85123A,2.95,0,1364,1364,400,400,0,964,142.19000000000003,0.0,142.19000000000003
unconstrained,2011-01-17,85099B,1.95,1088,185,1273,274,274,0,999,97.4025,0.0,97.4025
unconstrained,2011-01-17,84879,1.69,574,402,976,139,139,0,837,70.7265,0.0,70.7265
unconstrained,2011-01-17,22086,2.95,591,6,597,2,2,0,595,87.7625,0.0,87.7625
unconstrained,2011-01-17,47566,4.65,335,65,400,64,64,0,336,78.12,0.0,78.12
unconstrained,2011-01-17,84347,2.55,648,13,661,11,11,0,650,82.875,0.0,82.875
unconstrained,2011-01-17,48138,7.49,168,0,168,44,44,0,124,46.438,0.0,46.438
unconstrained,2011-01-17,21843,10.95,94,7,101,10,10,0,91,49.8225,0.0,49.8225
unconstrained,2011-01-17,21621,8.5,0,145,145,18,18,0,127,53.975,0.0,53.975
unconstrained,2011-01-17,85099F,1.95,229,349,578,139,139,0,439,42.8025,0.0,42.8025
unconstrained,2011-01-17,15056N,5.95,130,55,185,20,20,0,165,49.087500000000006,0.0,49.087500000000006
unconstrained,2011-01-17,21232,1.25,592,28,620,124,124,0,496,31.0,0.0,31.0
unconstrained,2011-01-17,22386,1.95,207,323,530,73,73,0,457,44.557500000000005,0.0,44.557500000000005
unconstrained,2011-01-17,20685,7.49,83,22,105,80,80,0,25,9.3625,0.0,9.3625
unconstrained,2011-01-17,85099C,1.95,380,76,456,58,58,0,398,38.80500000000001,0.0,38.80500000000001
unconstrained,2011-01-17,20725,1.65,205,282,487,128,128,0,359,29.617500000000003,0.0,29.617500000000003
unconstrained,2011-01-17,79321,4.95,162,175,337,161,161,0,176,43.56,0.0,43.56
unconstrained,2011-01-17,21754,5.95,54,70,124,45,45,0,79,23.5025,0.0,23.5025
unconstrained,2011-01-17,21931,1.95,119,281,400,80,80,0,320,31.200000000000003,0.0,31.200000000000003
unconstrained,2011-01-24,22423,12.75,347,107,454,130,130,0,324,206.55,0.0,206.55
unconstrained,2011-01-24,85123A,2.95,964,400,1364,522,522,0,842,124.19500000000001,0.0,124.19500000000001
unconstrained,2011-01-24,85099B,1.95,999,274,1273,482,482,0,791,77.1225,0.0,77.1225
unconstrained,2011-01-24,84879,1.69,837,139,976,344,344,0,632,53.403999999999996,0.0,53.403999999999996
unconstrained,2011-01-24,22086,2.95,595,2,597,0,0,0,597,88.0575,0.0,88.0575
unconstrained,2011-01-24,47566,4.65,336,64,400,141,141,0,259,60.21750000000001,0.0,60.21750000000001
unconstrained,2011-01-24,84347,2.55,650,11,661,1,1,0,660,84.14999999999999,0.0,84.14999999999999
unconstrained,2011-01-24,48138,7.49,124,37,161,101,101,0,60,22.470000000000002,0.0,22.470000000000002
unconstrained,2011-01-24,21843,10.95,91,10,101,23,23,0,78,42.705,0.0,42.705
unconstrained,2011-01-24,21621,8.5,127,18,145,27,27,0,118,50.150000000000006,0.0,50.150000000000006
unconstrained,2011-01-24,85099F,1.95,439,139,578,93,93,0,485,47.2875,0.0,47.2875
unconstrained,2011-01-24,15056N,5.95,165,20,185,36,36,0,149,44.32750000000001,0.0,44.32750000000001
unconstrained,2011-01-24,21232,1.25,496,124,620,158,158,0,462,28.875,0.0,28.875
unconstrained,2011-01-24,22386,1.95,457,73,530,189,189,0,341,33.247499999999995,0.0,33.247499999999995
unconstrained,2011-01-24,20685,7.49,25,80,105,127,105,22,0,0.0,49.434,49.434
unconstrained,2011-01-24,85099C,1.95,398,58,456,211,211,0,245,23.887500000000003,0.0,23.887500000000003
unconstrained,2011-01-24,20725,1.65,359,128,487,161,161,0,326,26.895,0.0,26.895
unconstrained,2011-01-24,79321,4.95,176,161,337,105,105,0,232,57.42000000000001,0.0,57.42000000000001
unconstrained,2011-01-24,21754,5.95,79,45,124,71,71,0,53,15.767500000000002,0.0,15.767500000000002
unconstrained,2011-01-24,21931,1.95,320,80,400,259,259,0,141,13.7475,0.0,13.7475
unconstrained,2011-01-31,22423,12.75,324,130,454,103,103,0,351,223.76250000000002,0.0,223.76250000000002
unconstrained,2011-01-31,85123A,2.95,842,405,1247,550,550,0,697,102.8075,0.0,102.8075
unconstrained,2011-01-31,85099B,1.95,791,482,1273,945,945,0,328,31.980000000000004,0.0,31.980000000000004
unconstrained,2011-01-31,84879,1.69,632,344,976,705,705,0,271,22.899500000000003,0.0,22.899500000000003
unconstrained,2011-01-31,22086,2.95,597,0,597,0,0,0,597,88.0575,0.0,88.0575
unconstrained,2011-01-31,47566,4.65,259,141,400,232,232,0,168,39.06,0.0,39.06
unconstrained,2011-01-31,84347,2.55,660,1,661,12,12,0,649,82.7475,0.0,82.7475
unconstrained,2011-01-31,48138,7.49,60,96,156,41,41,0,115,43.0675,0.0,43.0675
unconstrained,2011-01-31,21843,10.95,78,23,101,14,14,0,87,47.6325,0.0,47.6325
unconstrained,2011-01-31,21621,8.5,118,27,145,49,49,0,96,40.800000000000004,0.0,40.800000000000004
unconstrained,2011-01-31,85099F,1.95,485,93,578,381,381,0,197,19.2075,0.0,19.2075
unconstrained,2011-01-31,15056N,5.95,149,36,185,16,16,0,169,50.2775,0.0,50.2775
unconstrained,2011-01-31,21232,1.25,462,158,620,154,154,0,466,29.125,0.0,29.125
unconstrained,2011-01-31,22386,1.95,341,189,530,225,225,0,305,29.7375,0.0,29.7375
unconstrained,2011-01-31,20685,7.49,0,111,111,54,54,0,57,21.346500000000002,0.0,21.346500000000002
unconstrained,2011-01-31,85099C,1.95,245,211,456,226,226,0,230,22.425,0.0,22.425
unconstrained,2011-01-31,20725,1.65,326,161,487,347,347,0,140,11.55,0.0,11.55
unconstrained,2011-01-31,79321,4.95,232,105,337,99,99,0,238,58.90500000000001,0.0,58.90500000000001
unconstrained,2011-01-31,21754,5.95,53,61,114,71,71,0,43,12.7925,0.0,12.7925
unconstrained,2011-01-31,21931,1.95,141,259,400,127,127,0,273,26.617500000000003,0.0,26.617500000000003
unconstrained,2011-02-07,22423,12.75,351,103,454,133,133,0,321,204.63750000000002,0.0,204.63750000000002
unconstrained,2011-02-07,85123A,2.95,697,550,1247,503,503,0,744,109.74000000000001,0.0,109.74000000000001
unconstrained,2011-02-07,85099B,1.95,328,945,1273,278,278,0,995,97.0125,0.0,97.0125
unconstrained,2011-02-07,84879,1.69,271,705,976,160,160,0,816,68.952,0.0,68.952
unconstrained,2011-02-07,22086,2.95,597,0,597,0,0,0,597,88.0575,0.0,88.0575
unconstrained,2011-02-07,47566,4.65,168,232,400,183,183,0,217,50.45250000000001,0.0,50.45250000000001
unconstrained,2011-02-07,84347,2.55,649,12,661,11,11,0,650,82.875,0.0,82.875
unconstrained,2011-02-07,48138,7.49,115,41,156,37,37,0,119,44.56550000000001,0.0,44.56550000000001
unconstrained,2011-02-07,21843,10.95,87,9,96,40,40,0,56,30.659999999999997,0.0,30.659999999999997
unconstrained,2011-02-07,21621,8.5,96,49,145,28,28,0,117,49.725,0.0,49.725
unconstrained,2011-02-07,85099F,1.95,197,381,578,70,70,0,508,49.53,0.0,49.53
unconstrained,2011-02-07,15056N,5.95,169,16,185,197,185,12,0,0.0,21.42,21.42
unconstrained,2011-02-07,21232,1.25,466,154,620,101,101,0,519,32.4375,0.0,32.4375
unconstrained,2011-02-07,22386,1.95,305,225,530,95,95,0,435,42.4125,0.0,42.4125
unconstrained,2011-02-07,20685,7.49,57,48,105,28,28,0,77,28.8365,0.0,28.8365
unconstrained,2011-02-07,85099C,1.95,230,226,456,69,69,0,387,37.7325,0.0,37.7325
unconstrained,2011-02-07,20725,1.65,140,347,487,155,155,0,332,27.39,0.0,27.39
unconstrained,2011-02-07,79321,4.95,238,99,337,192,192,0,145,35.8875,0.0,35.8875
unconstrained,2011-02-07,21754,5.95,43,71,114,60,60,0,54,16.065,0.0,16.065
unconstrained,2011-02-07,21931,1.95,273,127,400,230,230,0,170,16.575,0.0,16.575
unconstrained,2011-02-14,22423,12.75,321,133,454,301,301,0,153,97.53750000000001,0.0,97.53750000000001
unconstrained,2011-02-14,85123A,2.95,744,503,1247,327,327,0,920,135.70000000000002,0.0,135.70000000000002
unconstrained,2011-02-14,85099B,1.95,995,278,1273,973,973,0,300,29.25,0.0,29.25
unconstrained,2011-02-14,84879,1.69,816,160,976,564,564,0,412,34.814,0.0,34.814
unconstrained,2011-02-14,22086,2.95,597,0,597,2,2,0,595,87.7625,0.0,87.7625
unconstrained,2011-02-14,47566,4.65,217,183,400,180,180,0,220,51.150000000000006,0.0,51.150000000000006
unconstrained,2011-02-14,84347,2.55,650,11,661,5,5,0,656,83.64,0.0,83.64
unconstrained,2011-02-14,48138,7.49,119,37,156,67,67,0,89,33.3305,0.0,33.3305
unconstrained,2011-02-14,21843,10.95,56,40,96,11,11,0,85,46.537499999999994,0.0,46.537499999999994
unconstrained,2011-02-14,21621,8.5,117,28,145,135,135,0,10,4.25,0.0,4.25
unconstrained,2011-02-14,85099F,1.95,508,70,578,236,236,0,342,33.345,0.0,33.345
unconstrained,2011-02-14,15056N,5.95,0,197,197,25,25,0,172,51.17,0.0,51.17
unconstrained,2011-02-14,21232,1.25,519,101,620,110,110,0,510,31.875,0.0,31.875
unconstrained,2011-02-14,22386,1.95,435,95,530,409,409,0,121,11.7975,0.0,11.7975
unconstrained,2011-02-14,20685,7.49,77,28,105,31,31,0,74,27.713,0.0,27.713
unconstrained,2011-02-14,85099C,1.95,387,69,456,448,448,0,8,0.78,0.0,0.78
unconstrained,2011-02-14,20725,1.65,332,155,487,249,249,0,238,19.635,0.0,19.635
unconstrained,2011-02-14,79321,4.95,145,192,337,233,233,0,104,25.740000000000006,0.0,25.740000000000006
unconstrained,2011-02-14,21754,5.95,54,60,114,46,46,0,68,20.230000000000004,0.0,20.230000000000004
unconstrained,2011-02-14,21931,1.95,170,230,400,500,400,100,0,0.0,58.5,58.5
unconstrained,2011-02-21,22423,12.75,153,301,454,120,120,0,334,212.925,0.0,212.925
unconstrained,2011-02-21,85123A,2.95,920,327,1247,327,327,0,920,135.70000000000002,0.0,135.70000000000002
unconstrained,2011-02-21,85099B,1.95,300,973,1273,600,600,0,673,65.61749999999999,0.0,65.61749999999999
unconstrained,2011-02-21,84879,1.69,412,564,976,328,328,0,648,54.756,0.0,54.756
unconstrained,2011-02-21,22086,2.95,595,2,597,2,2,0,595,87.7625,0.0,87.7625
unconstrained,2011-02-21,47566,4.65,220,180,400,157,157,0,243,56.4975,0.0,56.4975
unconstrained,2011-02-21,84347,2.55,656,5,661,6,6,0,655,83.51249999999999,0.0,83.51249999999999
unconstrained,2011-02-21,48138,7.49,89,62,151,57,57,0,94,35.203,0.0,35.203
unconstrained,2011-02-21,21843,10.95,85,11,96,18,18,0,78,42.705,0.0,42.705
unconstrained,2011-02-21,21621,8.5,10,135,145,127,127,0,18,7.65,0.0,7.65
unconstrained,2011-02-21,85099F,1.95,342,204,546,76,76,0,470,45.825,0.0,45.825
unconstrained,2011-02-21,15056N,5.95,172,25,197,18,18,0,179,53.2525,0.0,53.2525
unconstrained,2011-02-21,21232,1.25,510,110,620,439,439,0,181,11.3125,0.0,11.3125
unconstrained,2011-02-21,22386,1.95,121,409,530,160,160,0,370,36.075,0.0,36.075
unconstrained,2011-02-21,20685,7.49,74,31,105,35,35,0,70,26.215000000000003,0.0,26.215000000000003
unconstrained,2011-02-21,85099C,1.95,8,446,454,84,84,0,370,36.075,0.0,36.075
unconstrained,2011-02-21,20725,1.65,238,249,487,259,259,0,228,18.81,0.0,18.81
unconstrained,2011-02-21,79321,4.95,104,233,337,75,75,0,262,64.84500000000001,0.0,64.84500000000001
unconstrained,2011-02-21,21754,5.95,68,46,114,75,75,0,39,11.602500000000001,0.0,11.602500000000001
unconstrained,2011-02-21,21931,1.95,0,432,432,164,164,0,268,26.130000000000003,0.0,26.130000000000003
unconstrained,2011-02-28,22423,12.75,334,120,454,313,313,0,141,89.8875,0.0,89.8875
unconstrained,2011-02-28,85123A,2.95,920,327,1247,368,368,0,879,129.6525,0.0,129.6525
unconstrained,2011-02-28,85099B,1.95,673,600,1273,574,574,0,699,68.1525,0.0,68.1525
unconstrained,2011-02-28,84879,1.69,648,328,976,181,181,0,795,67.1775,0.0,67.1775
unconstrained,2011-02-28,22086,2.95,595,2,597,45,45,0,552,81.42000000000002,0.0,81.42000000000002
unconstrained,2011-02-28,47566,4.65,243,157,400,241,241,0,159,36.9675,0.0,36.9675
unconstrained,2011-02-28,84347,2.55,655,6,661,3,3,0,658,83.895,0.0,83.895
unconstrained,2011-02-28,48138,7.49,94,57,151,50,50,0,101,37.8245,0.0,37.8245
unconstrained,2011-02-28,21843,10.95,78,14,92,31,31,0,61,33.3975,0.0,33.3975
unconstrained,2011-02-28,21621,8.5,18,127,145,305,145,160,0,0.0,408.0,408.0
unconstrained,2011-02-28,85099F,1.95,470,76,546,265,265,0,281,27.397499999999997,0.0,27.397499999999997
unconstrained,2011-02-28,15056N,5.95,179,6,185,88,88,0,97,28.8575,0.0,28.8575
unconstrained,2011-02-28,21232,1.25,181,439,620,306,306,0,314,19.625,0.0,19.625
unconstrained,2011-02-28,22386,1.95,370,143,513,154,154,0,359,35.0025,0.0,35.0025
unconstrained,2011-02-28,20685,7.49,70,34,104,41,41,0,63,23.593500000000002,0.0,23.593500000000002
unconstrained,2011-02-28,85099C,1.95,370,84,454,98,98,0,356,34.71,0.0,34.71
unconstrained,2011-02-28,20725,1.65,228,259,487,155,155,0,332,27.39,0.0,27.39
unconstrained,2011-02-28,79321,4.95,262,75,337,39,39,0,298,73.75500000000001,0.0,73.75500000000001
unconstrained,2011-02-28,21754,5.95,39,75,114,59,59,0,55,16.3625,0.0,16.3625
unconstrained,2011-02-28,21931,1.95,268,164,432,163,163,0,269,26.2275,0.0,26.2275
unconstrained,2011-03-07,22423,12.75,141,313,454,185,185,0,269,171.4875,0.0,171.4875
unconstrained,2011-03-07,85123A,2.95,879,368,1247,430,430,0,817,120.50750000000001,0.0,120.50750000000001
unconstrained,2011-03-07,85099B,1.95,699,574,1273,698,698,0,575,56.0625,0.0,56.0625
unconstrained,2011-03-07,84879,1.69,795,181,976,610,610,0,366,30.927,0.0,30.927
unconstrained,2011-03-07,22086,2.95,552,45,597,1,1,0,596,87.91000000000001,0.0,87.91000000000001
unconstrained,2011-03-07,47566,4.65,159,241,400,189,189,0,211,49.057500000000005,0.0,49.057500000000005
unconstrained,2011-03-07,84347,2.55,658,3,661,2,2,0,659,84.0225,0.0,84.0225
unconstrained,2011-03-07,48138,7.49,101,50,151,73,73,0,78,29.211000000000002,0.0,29.211000000000002
unconstrained,2011-03-07,21843,10.95,61,31,92,7,7,0,85,46.537499999999994,0.0,46.537499999999994
unconstrained,2011-03-07,21621,8.5,0,170,170,81,81,0,89,37.825,0.0,37.825
unconstrained,2011-03-07,85099F,1.95,281,265,546,381,381,0,165,16.087500000000002,0.0,16.087500000000002
unconstrained,2011-03-07,15056N,5.95,97,85,182,85,85,0,97,28.8575,0.0,28.8575
unconstrained,2011-03-07,21232,1.25,314,283,597,304,304,0,293,18.3125,0.0,18.3125
unconstrained,2011-03-07,22386,1.95,359,154,513,354,354,0,159,15.502500000000001,0.0,15.502500000000001
unconstrained,2011-03-07,20685,7.49,63,41,104,76,76,0,28,10.486,0.0,10.486
unconstrained,2011-03-07,85099C,1.95,356,98,454,265,265,0,189,18.427500000000002,0.0,18.427500000000002
unconstrained,2011-03-07,20725,1.65,332,155,487,98,98,0,389,32.092499999999994,0.0,32.092499999999994
unconstrained,2011-03-07,79321,4.95,298,39,337,234,234,0,103,25.492500000000003,0.0,25.492500000000003
unconstrained,2011-03-07,21754,5.95,55,54,109,60,60,0,49,14.5775,0.0,14.5775
unconstrained,2011-03-07,21931,1.95,269,163,432,87,87,0,345,33.6375,0.0,33.6375
unconstrained,2011-03-14,22423,12.75,269,185,454,260,260,0,194,123.67500000000001,0.0,123.67500000000001
unconstrained,2011-03-14,85123A,2.95,817,430,1247,446,446,0,801,118.14750000000002,0.0,118.14750000000002
unconstrained,2011-03-14,85099B,1.95,575,698,1273,1546,1273,273,0,0.0,159.705,159.705
unconstrained,2011-03-14,84879,1.69,366,610,976,955,955,0,21,1.7745000000000002,0.0,1.7745000000000002
unconstrained,2011-03-14,22086,2.95,596,1,597,0,0,0,597,88.0575,0.0,88.0575
unconstrained,2011-03-14,47566,4.65,211,189,400,594,400,194,0,0.0,270.63,270.63
unconstrained,2011-03-14,84347,2.55,659,2,661,5,5,0,656,83.64,0.0,83.64
unconstrained,2011-03-14,48138,7.49,78,73,151,72,72,0,79,29.585500000000003,0.0,29.585500000000003
unconstrained,2011-03-14,21843,10.95,85,7,92,32,32,0,60,32.85,0.0,32.85
unconstrained,2011-03-14,21621,8.5,89,81,170,11,11,0,159,67.575,0.0,67.575
unconstrained,2011-03-14,85099F,1.95,165,381,546,1012,546,466,0,0.0,272.60999999999996,272.60999999999996
unconstrained,2011-03-14,15056N,5.95,97,85,182,182,182,0,0,0.0,0.0,0.0
unconstrained,2011-03-14,21232,1.25,293,304,597,74,74,0,523,32.6875,0.0,32.6875
unconstrained,2011-03-14,22386,1.95,159,354,513,1083,513,570,0,0.0,333.45,333.45
unconstrained,2011-03-14,20685,7.49,28,76,104,33,33,0,71,26.5895,0.0,26.5895
unconstrained,2011-03-14,85099C,1.95,189,265,454,697,454,243,0,0.0,142.15499999999997,142.15499999999997
unconstrained,2011-03-14,20725,1.65,389,98,487,268,268,0,219,18.0675,0.0,18.0675
unconstrained,2011-03-14,79321,4.95,103,234,337,108,108,0,229,56.6775,0.0,56.6775
unconstrained,2011-03-14,21754,5.95,49,58,107,53,53,0,54,16.065,0.0,16.065
unconstrained,2011-03-14,21931,1.95,345,87,432,248,248,0,184,17.94,0.0,17.94
unconstrained,2011-03-21,22423,12.75,194,260,454,315,315,0,139,88.61250000000001,0.0,88.61250000000001
unconstrained,2011-03-21,85123A,2.95,801,427,1228,353,353,0,875,129.0625,0.0,129.0625
unconstrained,2011-03-21,85099B,1.95,0,1415,1415,1348,1348,0,67,6.532500000000001,0.0,6.532500000000001
unconstrained,2011-03-21,84879,1.69,21,955,976,351,351,0,625,52.8125,0.0,52.8125
unconstrained,2011-03-21,22086,2.95,597,0,597,42,42,0,555,81.86250000000001,0.0,81.86250000000001
unconstrained,2011-03-21,47566,4.65,0,408,408,313,313,0,95,22.087500000000006,0.0,22.087500000000006
unconstrained,2011-03-21,84347,2.55,656,5,661,0,0,0,661,84.2775,0.0,84.2775
unconstrained,2011-03-21,48138,7.49,79,71,150,24,24,0,126,47.187000000000005,0.0,47.187000000000005
unconstrained,2011-03-21,21843,10.95,60,32,92,12,12,0,80,43.800000000000004,0.0,43.800000000000004
unconstrained,2011-03-21,21621,8.5,159,11,170,8,8,0,162,68.85000000000001,0.0,68.85000000000001
unconstrained,2011-03-21,85099F,1.95,0,595,595,666,595,71,0,0.0,41.535,41.535
unconstrained,2011-03-21,15056N,5.95,0,182,182,55,55,0,127,37.7825,0.0,37.7825
unconstrained,2011-03-21,21232,1.25,523,0,523,271,271,0,252,15.75,0.0,15.75
unconstrained,2011-03-21,22386,1.95,0,531,531,576,531,45,0,0.0,26.325,26.325
unconstrained,2011-03-21,20685,7.49,71,33,104,36,36,0,68,25.466,0.0,25.466
unconstrained,2011-03-21,85099C,1.95,0,456,456,437,437,0,19,1.8525,0.0,1.8525
unconstrained,2011-03-21,20725,1.65,219,268,487,336,336,0,151,12.4575,0.0,12.4575
unconstrained,2011-03-21,79321,4.95,229,108,337,22,22,0,315,77.9625,0.0,77.9625
unconstrained,2011-03-21,21754,5.95,54,53,107,32,32,0,75,22.3125,0.0,22.3125
unconstrained,2011-03-21,21931,1.95,184,248,432,400,400,0,32,3.12,0.0,3.12
unconstrained,2011-03-28,22423,12.75,139,315,454,210,210,0,244,155.55,0.0,155.55
unconstrained,2011-03-28,85123A,2.95,875,353,1228,570,570,0,658,97.055,0.0,97.055
unconstrained,2011-03-28,85099B,1.95,67,1348,1415,993,993,0,422,41.145,0.0,41.145
unconstrained,2011-03-28,84879,1.69,625,351,976,401,401,0,575,48.587500000000006,0.0,48.587500000000006
unconstrained,2011-03-28,22086,2.95,555,42,597,3,3,0,594,87.61500000000001,0.0,87.61500000000001
unconstrained,2011-03-28,47566,4.65,95,313,408,376,376,0,32,7.440000000000001,0.0,7.440000000000001
unconstrained,2011-03-28,84347,2.55,661,0,661,3,3,0,658,83.895,0.0,83.895
unconstrained,2011-03-28,48138,7.49,126,24,150,123,123,0,27,10.111500000000001,0.0,10.111500000000001
unconstrained,2011-03-28,21843,10.95,80,12,92,41,41,0,51,27.9225,0.0,27.9225
unconstrained,2011-03-28,21621,8.5,162,8,170,230,170,60,0,0.0,153.0,153.0
unconstrained,2011-03-28,85099F,1.95,0,666,666,522,522,0,144,14.040000000000001,0.0,14.040000000000001
unconstrained,2011-03-28,15056N,5.95,127,55,182,78,78,0,104,30.940000000000005,0.0,30.940000000000005
unconstrained,2011-03-28,21232,1.25,252,268,520,248,248,0,272,17.0,0.0,17.0
unconstrained,2011-03-28,22386,1.95,0,576,576,375,375,0,201,19.5975,0.0,19.5975
unconstrained,2011-03-28,20685,7.95,68,36,104,40,40,0,64,25.44,0.0,25.44
unconstrained,2011-03-28,85099C,1.95,19,437,456,357,357,0,99,9.6525,0.0,9.6525
unconstrained,2011-03-28,20725,1.65,151,336,487,517,487,30,0,0.0,14.85,14.85
unconstrained,2011-03-28,79321,4.95,315,22,337,85,85,0,252,62.370000000000005,0.0,62.370000000000005
unconstrained,2011-03-28,21754,5.95,75,32,107,61,61,0,46,13.685,0.0,13.685
unconstrained,2011-03-28,21931,1.95,32,368,400,349,349,0,51,4.9725,0.0,4.9725
unconstrained,2011-04-04,22423,12.75,244,210,454,264,264,0,190,121.125,0.0,121.125
unconstrained,2011-04-04,85123A,2.95,658,570,1228,374,374,0,854,125.96500000000002,0.0,125.96500000000002
unconstrained,2011-04-04,85099B,1.95,422,993,1415,725,725,0,690,67.275,0.0,67.275
unconstrained,2011-04-04,84879,1.69,575,401,976,753,753,0,223,18.843500000000002,0.0,18.843500000000002
unconstrained,2011-04-04,22086,2.95,594,3,597,9,9,0,588,86.73000000000002,0.0,86.73000000000002
unconstrained,2011-04-04,47566,4.65,32,376,408,460,408,52,0,0.0,72.54,72.54
unconstrained,2011-04-04,84347,2.55,658,3,661,0,0,0,661,84.2775,0.0,84.2775
unconstrained,2011-04-04,48138,7.49,27,123,150,81,81,0,69,25.840500000000006,0.0,25.840500000000006
unconstrained,2011-04-04,21843,10.95,51,41,92,17,17,0,75,41.0625,0.0,41.0625
unconstrained,2011-04-04,21621,8.5,0,185,185,9,9,0,176,74.8,0.0,74.8
unconstrained,2011-04-04,85099F,1.95,144,522,666,166,166,0,500,48.75,0.0,48.75
unconstrained,2011-04-04,15056N,5.95,104,78,182,71,71,0,111,33.0225,0.0,33.0225
unconstrained,2011-04-04,21232,1.25,272,248,520,128,128,0,392,24.5,0.0,24.5
unconstrained,2011-04-04,22386,1.95,201,375,576,105,105,0,471,45.9225,0.0,45.9225
unconstrained,2011-04-04,20685,7.95,64,40,104,51,51,0,53,21.067500000000003,0.0,21.067500000000003
unconstrained,2011-04-04,85099C,1.95,99,357,456,78,78,0,378,36.855000000000004,0.0,36.855000000000004
unconstrained,2011-04-04,20725,1.65,0,514,514,187,187,0,327,26.9775,0.0,26.9775
unconstrained,2011-04-04,79321,4.95,252,48,300,14,14,0,286,70.78500000000001,0.0,70.78500000000001
unconstrained,2011-04-04,21754,5.95,46,61,107,32,32,0,75,22.3125,0.0,22.3125
unconstrained,2011-04-04,21931,1.95,51,349,400,223,223,0,177,17.2575,0.0,17.2575
unconstrained,2011-04-11,22423,12.75,190,264,454,342,342,0,112,71.4,0.0,71.4
unconstrained,2011-04-11,85123A,2.95,854,374,1228,468,468,0,760,112.10000000000001,0.0,112.10000000000001
unconstrained,2011-04-11,85099B,1.95,690,725,1415,606,606,0,809,78.8775,0.0,78.8775
unconstrained,2011-04-11,84879,1.69,223,753,976,815,815,0,161,13.6045,0.0,13.6045
unconstrained,2011-04-11,22086,2.95,588,9,597,0,0,0,597,88.0575,0.0,88.0575
unconstrained,2011-04-11,47566,4.65,0,422,422,534,422,112,0,0.0,156.24,156.24
unconstrained,2011-04-11,84347,2.55,661,0,661,0,0,0,661,84.2775,0.0,84.2775
unconstrained,2011-04-11,48138,7.49,69,81,150,99,99,0,51,19.099500000000003,0.0,19.099500000000003
unconstrained,2011-04-11,21843,10.95,75,7,82,17,17,0,65,35.5875,0.0,35.5875
unconstrained,2011-04-11,21621,8.5,176,9,185,0,0,0,185,78.625,0.0,78.625
unconstrained,2011-04-11,85099F,1.95,500,166,666,166,166,0,500,48.75,0.0,48.75
unconstrained,2011-04-11,15056N,5.95,111,71,182,30,30,0,152,45.22,0.0,45.22
unconstrained,2011-04-11,21232,1.25,392,128,520,142,142,0,378,23.625,0.0,23.625
unconstrained,2011-04-11,22386,1.95,471,105,576,119,119,0,457,44.557500000000005,0.0,44.557500000000005
unconstrained,2011-04-11,20685,7.95,53,51,104,31,31,0,73,29.017500000000002,0.0,29.017500000000002
unconstrained,2011-04-11,85099C,1.95,378,78,456,178,178,0,278,27.105000000000004,0.0,27.105000000000004
unconstrained,2011-04-11,20725,1.65,327,187,514,275,275,0,239,19.7175,0.0,19.7175
unconstrained,2011-04-11,79321,4.95,286,14,300,5,5,0,295,73.0125,0.0,73.0125
unconstrained,2011-04-11,21754,5.95,75,32,107,45,45,0,62,18.445000000000004,0.0,18.445000000000004
unconstrained,2011-04-11,21931,1.95,177,223,400,182,182,0,218,21.255,0.0,21.255
unconstrained,2011-04-18,22423,12.75,112,342,454,171,171,0,283,180.41250000000002,0.0,180.41250000000002
unconstrained,2011-04-18,85123A,2.95,760,468,1228,2422,1228,1194,0,0.0,1056.69,1056.69
unconstrained,2011-04-18,85099B,1.95,809,606,1415,519,519,0,896,87.36000000000001,0.0,87.36000000000001
unconstrained,2011-04-18,84879,1.69,161,815,976,540,540,0,436,36.842000000000006,0.0,36.842000000000006
unconstrained,2011-04-18,22086,2.95,597,0,597,1,1,0,596,87.91000000000001,0.0,87.91000000000001
unconstrained,2011-04-18,47566,4.65,0,460,460,640,460,180,0,0.0,251.10000000000002,251.10000000000002
unconstrained,2011-04-18,84347,2.55,661,0,661,6,6,0,655,83.51249999999999,0.0,83.51249999999999
unconstrained,2011-04-18,48138,7.49,51,99,150,33,33,0,117,43.816500000000005,0.0,43.816500000000005
unconstrained,2011-04-18,21843,10.95,65,17,82,10,10,0,72,39.42,0.0,39.42
unconstrained,2011-04-18,21621,8.5,185,0,185,25,25,0,160,68.0,0.0,68.0
unconstrained,2011-04-18,85099F,1.95,500,166,666,6,6,0,660,64.35000000000001,0.0,64.35000000000001
unconstrained,2011-04-18,15056N,5.95,152,30,182,23,23,0,159,47.30250000000001,0.0,47.30250000000001
unconstrained,2011-04-18,21232,1.25,378,142,520,139,139,0,381,23.8125,0.0,23.8125
unconstrained,2011-04-18,22386,1.95,457,119,576,155,155,0,421,41.0475,0.0,41.0475
unconstrained,2011-04-18,20685,7.95,73,31,104,7,7,0,97,38.557500000000005,0.0,38.557500000000005
unconstrained,2011-04-18,85099C,1.95,278,176,454,147,147,0,307,29.9325,0.0,29.9325
unconstrained,2011-04-18,20725,1.65,239,275,514,318,318,0,196,16.169999999999998,0.0,16.169999999999998
unconstrained,2011-04-18,79321,4.95,295,5,300,4,4,0,296,73.26,0.0,73.26
unconstrained,2011-04-18,21754,5.95,62,45,107,37,37,0,70,20.825000000000003,0.0,20.825000000000003
unconstrained,2011-04-18,21931,1.95,218,182,400,60,60,0,340,33.15,0.0,33.15
unconstrained,2011-04-25,22423,12.75,283,171,454,289,289,0,165,105.1875,0.0,105.1875
unconstrained,2011-04-25,85123A,2.95,0,1247,1247,366,366,0,881,129.94750000000002,0.0,129.94750000000002
unconstrained,2011-04-25,85099B,1.95,896,519,1415,375,375,0,1040,101.4,0.0,101.4
unconstrained,2011-04-25,84879,1.69,436,540,976,244,244,0,732,61.854,0.0,61.854
unconstrained,2011-04-25,22086,2.95,596,1,597,0,0,0,597,88.0575,0.0,88.0575
unconstrained,2011-04-25,47566,4.95,0,460,460,270,270,0,190,47.025000000000006,0.0,47.025000000000006
unconstrained,2011-04-25,84347,2.55,655,6,661,0,0,0,661,84.2775,0.0,84.2775
unconstrained,2011-04-25,48138,7.49,117,21,138,33,33,0,105,39.322500000000005,0.0,39.322500000000005
unconstrained,2011-04-25,21843,10.95,72,10,82,9,9,0,73,39.9675,0.0,39.9675
unconstrained,2011-04-25,21621,8.5,160,25,185,0,0,0,185,78.625,0.0,78.625
unconstrained,2011-04-25,85099F,1.95,660,6,666,100,100,0,566,55.185,0.0,55.185
unconstrained,2011-04-25,15056N,5.95,159,23,182,50,50,0,132,39.27,0.0,39.27
unconstrained,2011-04-25,21232,1.25,381,139,520,214,214,0,306,19.125,0.0,19.125
unconstrained,2011-04-25,22386,1.95,421,155,576,272,272,0,304,29.64,0.0,29.64
unconstrained,2011-04-25,20685,7.95,97,7,104,14,14,0,90,35.775,0.0,35.775
unconstrained,2011-04-25,85099C,1.95,307,147,454,278,278,0,176,17.16,0.0,17.16
unconstrained,2011-04-25,20725,1.65,196,318,514,154,154,0,360,29.700000000000003,0.0,29.700000000000003
unconstrained,2011-04-25,79321,4.95,296,4,300,5,5,0,295,73.0125,0.0,73.0125
unconstrained,2011-04-25,21754,5.95,70,37,107,55,55,0,52,15.470000000000002,0.0,15.470000000000002
unconstrained,2011-04-25,21931,1.95,340,60,400,109,109,0,291,28.3725,0.0,28.3725
unconstrained,2011-05-02,22423,12.75,165,289,454,161,161,0,293,186.78750000000002,0.0,186.78750000000002
unconstrained,2011-05-02,85123A,2.95,881,366,1247,1132,1132,0,115,16.962500000000002,0.0,16.962500000000002
unconstrained,2011-05-02,85099B,1.95,1040,308,1348,320,320,0,1028,100.23,0.0,100.23
unconstrained,2011-05-02,84879,1.69,732,244,976,522,522,0,454,38.363,0.0,38.363
unconstrained,2011-05-02,22086,2.95,597,0,597,4,4,0,593,87.46750000000002,0.0,87.46750000000002
unconstrained,2011-05-02,47566,4.95,190,270,460,964,460,504,0,0.0,748.44,748.44
unconstrained,2011-05-02,84347,2.55,661,0,661,0,0,0,661,84.2775,0.0,84.2775
unconstrained,2011-05-02,48138,7.65,105,18,123,46,46,0,77,29.452500000000004,0.0,29.452500000000004
unconstrained,2011-05-02,21843,10.95,73,8,81,23,23,0,58,31.754999999999995,0.0,31.754999999999995
unconstrained,2011-05-02,21621,8.5,185,0,185,79,79,0,106,45.050000000000004,0.0,45.050000000000004
unconstrained,2011-05-02,85099F,1.95,566,29,595,0,0,0,595,58.0125,0.0,58.0125
unconstrained,2011-05-02,15056N,5.95,132,50,182,176,176,0,6,1.7850000000000001,0.0,1.7850000000000001
unconstrained,2011-05-02,21232,1.25,306,214,520,238,238,0,282,17.625,0.0,17.625
unconstrained,2011-05-02,22386,1.95,304,272,576,154,154,0,422,41.145,0.0,41.145
unconstrained,2011-05-02,20685,7.95,90,14,104,34,34,0,70,27.825000000000003,0.0,27.825000000000003
unconstrained,2011-05-02,85099C,1.95,176,273,449,248,248,0,201,19.5975,0.0,19.5975
unconstrained,2011-05-02,20725,1.65,360,154,514,219,219,0,295,24.337500000000002,0.0,24.337500000000002
unconstrained,2011-05-02,79321,4.95,295,5,300,109,109,0,191,47.27250000000001,0.0,47.27250000000001
unconstrained,2011-05-02,21754,5.95,52,55,107,42,42,0,65,19.337500000000002,0.0,19.337500000000002
unconstrained,2011-05-02,21931,1.95,291,109,400,171,171,0,229,22.3275,0.0,22.3275
unconstrained,2011-05-09,22423,12.75,293,161,454,310,310,0,144,91.80000000000001,0.0,91.80000000000001
unconstrained,2011-05-09,85123A,2.95,115,1132,1247,844,844,0,403,59.44250000000001,0.0,59.44250000000001
unconstrained,2011-05-09,85099B,1.95,1028,320,1348,1076,1076,0,272,26.52,0.0,26.52
unconstrained,2011-05-09,84879,1.69,454,522,976,905,905,0,71,5.9995,0.0,5.9995
unconstrained,2011-05-09,22086,2.95,593,4,597,13,13,0,584,86.14000000000001,0.0,86.14000000000001
unconstrained,2011-05-09,47566,4.95,0,460,460,756,460,296,0,0.0,439.56,439.56
unconstrained,2011-05-09,84347,2.55,661,0,661,48,48,0,613,78.1575,0.0,78.1575
unconstrained,2011-05-09,48138,7.95,77,46,123,81,81,0,42,16.695000000000004,0.0,16.695000000000004
unconstrained,2011-05-09,21843,10.95,58,23,81,21,21,0,60,32.85,0.0,32.85
unconstrained,2011-05-09,21621,8.5,106,64,170,88,88,0,82,34.85,0.0,34.85
unconstrained,2011-05-09,85099F,1.95,595,0,595,428,428,0,167,16.2825,0.0,16.2825
unconstrained,2011-05-09,15056N,5.95,6,176,182,29,29,0,153,45.517500000000005,0.0,45.517500000000005
unconstrained,2011-05-09,21232,1.25,282,236,518,136,136,0,382,23.875,0.0,23.875
unconstrained,2011-05-09,22386,1.95,422,154,576,371,371,0,205,19.9875,0.0,19.9875
unconstrained,2011-05-09,20685,7.95,70,34,104,81,81,0,23,9.1425,0.0,9.1425
unconstrained,2011-05-09,85099C,1.95,201,248,449,246,246,0,203,19.7925,0.0,19.7925
unconstrained,2011-05-09,20725,1.65,295,219,514,470,470,0,44,3.63,0.0,3.63
unconstrained,2011-05-09,79321,4.95,191,109,300,187,187,0,113,27.9675,0.0,27.9675
unconstrained,2011-05-09,21754,5.95,65,42,107,132,107,25,0,0.0,44.625,44.625
unconstrained,2011-05-09,21931,1.95,229,171,400,453,400,53,0,0.0,31.004999999999995,31.004999999999995
unconstrained,2011-05-16,22423,12.75,144,310,454,226,226,0,228,145.35,0.0,145.35
unconstrained,2011-05-16,85123A,2.95,403,844,1247,762,762,0,485,71.53750000000001,0.0,71.53750000000001
unconstrained,2011-05-16,85099B,1.95,272,1076,1348,868,868,0,480,46.800000000000004,0.0,46.800000000000004
unconstrained,2011-05-16,84879,1.69,71,905,976,563,563,0,413,34.898500000000006,0.0,34.898500000000006
unconstrained,2011-05-16,22086,2.95,584,13,597,0,0,0,597,88.0575,0.0,88.0575
unconstrained,2011-05-16,47566,4.95,0,534,534,584,534,50,0,0.0,74.25,74.25
unconstrained,2011-05-16,84347,2.55,613,48,661,0,0,0,661,84.2775,0.0,84.2775
unconstrained,2011-05-16,48138,7.95,42,77,119,141,119,22,0,0.0,52.47,52.47
unconstrained,2011-05-16,21843,10.95,60,21,81,38,38,0,43,23.5425,0.0,23.5425
unconstrained,2011-05-16,21621,8.5,82,88,170,92,92,0,78,33.15,0.0,33.15
unconstrained,2011-05-16,85099F,1.95,167,428,595,142,142,0,453,44.167500000000004,0.0,44.167500000000004
unconstrained,2011-05-16,15056N,5.95,153,29,182,17,17,0,165,49.087500000000006,0.0,49.087500000000006
unconstrained,2011-05-16,21232,1.25,382,133,515,233,233,0,282,17.625,0.0,17.625
unconstrained,2011-05-16,22386,1.95,205,371,576,179,179,0,397,38.7075,0.0,38.7075
unconstrained,2011-05-16,20685,7.95,23,76,99,271,99,172,0,0.0,410.22,410.22
unconstrained,2011-05-16,85099C,1.95,203,246,449,302,302,0,147,14.3325,0.0,14.3325
unconstrained,2011-05-16,20725,1.65,44,470,514,335,335,0,179,14.767499999999998,0.0,14.767499999999998
unconstrained,2011-05-16,79321,4.95,113,187,300,40,40,0,260,64.35000000000001,0.0,64.35000000000001
unconstrained,2011-05-16,21754,5.95,0,114,114,86,86,0,28,8.33,0.0,8.33
unconstrained,2011-05-16,21931,1.95,0,432,432,176,176,0,256,24.96,0.0,24.96
unconstrained,2011-05-23,22423,12.75,228,226,454,126,126,0,328,209.10000000000002,0.0,209.10000000000002
unconstrained,2011-05-23,85123A,2.95,485,762,1247,1020,1020,0,227,33.48250000000001,0.0,33.48250000000001
unconstrained,2011-05-23,85099B,1.95,480,868,1348,923,923,0,425,41.4375,0.0,41.4375
unconstrained,2011-05-23,84879,1.69,413,563,976,381,381,0,595,50.2775,0.0,50.2775
unconstrained,2011-05-23,22086,2.95,597,0,597,0,0,0,597,88.0575,0.0,88.0575
unconstrained,2011-05-23,47566,4.95,0,584,584,831,584,247,0,0.0,366.795,366.795
unconstrained,2011-05-23,84347,2.55,661,0,661,12,12,0,649,82.7475,0.0,82.7475
unconstrained,2011-05-23,48138,7.95,0,123,123,42,42,0,81,32.197500000000005,0.0,32.197500000000005
unconstrained,2011-05-23,21843,10.95,43,38,81,9,9,0,72,39.42,0.0,39.42
unconstrained,2011-05-23,21621,8.5,78,92,170,69,69,0,101,42.925000000000004,0.0,42.925000000000004
unconstrained,2011-05-23,85099F,1.95,453,142,595,413,413,0,182,17.745,0.0,17.745
unconstrained,2011-05-23,15056N,5.95,165,17,182,37,37,0,145,43.1375,0.0,43.1375
unconstrained,2011-05-23,21232,1.25,282,233,515,126,126,0,389,24.3125,0.0,24.3125
unconstrained,2011-05-23,22386,1.95,397,179,576,560,560,0,16,1.56,0.0,1.56
unconstrained,2011-05-23,20685,7.95,0,104,104,26,26,0,78,31.005000000000003,0.0,31.005000000000003
unconstrained,2011-05-23,85099C,1.95,147,302,449,387,387,0,62,6.045,0.0,6.045
unconstrained,2011-05-23,20725,1.65,179,335,514,424,424,0,90,7.425000000000001,0.0,7.425000000000001
unconstrained,2011-05-23,79321,4.95,260,40,300,72,72,0,228,56.43000000000001,0.0,56.43000000000001
unconstrained,2011-05-23,21754,5.95,28,86,114,33,33,0,81,24.0975,0.0,24.0975
unconstrained,2011-05-23,21931,1.95,256,176,432,251,251,0,181,17.6475,0.0,17.6475
unconstrained,2011-05-30,22423,12.75,328,126,454,235,235,0,219,139.6125,0.0,139.6125
unconstrained,2011-05-30,85123A,2.95,227,1020,1247,629,629,0,618,91.15500000000002,0.0,91.15500000000002
unconstrained,2011-05-30,85099B,1.95,425,923,1348,261,261,0,1087,105.98250000000002,0.0,105.98250000000002
unconstrained,2011-05-30,84879,1.69,595,381,976,328,328,0,648,54.756,0.0,54.756
unconstrained,2011-05-30,22086,2.95,597,0,597,0,0,0,597,88.0575,0.0,88.0575
unconstrained,2011-05-30,47566,4.95,0,584,584,426,426,0,158,39.105000000000004,0.0,39.105000000000004
unconstrained,2011-05-30,84347,2.55,649,12,661,1,1,0,660,84.14999999999999,0.0,84.14999999999999
unconstrained,2011-05-30,48138,7.95,81,38,119,58,58,0,61,24.247500000000002,0.0,24.247500000000002
unconstrained,2011-05-30,21843,10.95,72,2,74,18,18,0,56,30.659999999999997,0.0,30.659999999999997
unconstrained,2011-05-30,21621,8.5,101,44,145,52,52,0,93,39.525000000000006,0.0,39.525000000000006
unconstrained,2011-05-30,85099F,1.95,182,413,595,403,403,0,192,18.72,0.0,18.72
unconstrained,2011-05-30,15056N,5.95,145,37,182,55,55,0,127,37.7825,0.0,37.7825
unconstrained,2011-05-30,21232,1.25,389,113,502,110,110,0,392,24.5,0.0,24.5
unconstrained,2011-05-30,22386,1.95,16,560,576,407,407,0,169,16.477500000000003,0.0,16.477500000000003
unconstrained,2011-05-30,20685,7.95,78,26,104,31,31,0,73,29.017500000000002,0.0,29.017500000000002
unconstrained,2011-05-30,85099C,1.95,62,387,449,200,200,0,249,24.277500000000003,0.0,24.277500000000003
unconstrained,2011-05-30,20725,1.65,90,385,475,171,171,0,304,25.08,0.0,25.08
unconstrained,2011-05-30,79321,4.95,228,72,300,27,27,0,273,67.56750000000001,0.0,67.56750000000001
unconstrained,2011-05-30,21754,5.95,81,33,114,44,44,0,70,20.825000000000003,0.0,20.825000000000003
unconstrained,2011-05-30,21931,1.95,181,251,432,114,114,0,318,31.005000000000003,0.0,31.005000000000003
unconstrained,2011-06-06,22423,12.75,219,235,454,178,178,0,276,175.95000000000002,0.0,175.95000000000002
unconstrained,2011-06-06,85123A,2.95,618,629,1247,352,352,0,895,132.01250000000002,0.0,132.01250000000002
unconstrained,2011-06-06,85099B,1.95,1087,261,1348,773,773,0,575,56.0625,0.0,56.0625
unconstrained,2011-06-06,84879,1.69,648,328,976,292,292,0,684,57.798,0.0,57.798
unconstrained,2011-06-06,22086,2.95,597,0,597,2,2,0,595,87.7625,0.0,87.7625
unconstrained,2011-06-06,47566,4.95,158,426,584,551,551,0,33,8.1675,0.0,8.1675
unconstrained,2011-06-06,84347,2.55,660,1,661,0,0,0,661,84.2775,0.0,84.2775
unconstrained,2011-06-06,48138,7.95,61,56,117,511,117,394,0,0.0,939.69,939.69
unconstrained,2011-06-06,21843,10.95,56,18,74,8,8,0,66,36.135,0.0,36.135
unconstrained,2011-06-06,21621,8.5,93,52,145,43,43,0,102,43.35,0.0,43.35
unconstrained,2011-06-06,85099F,1.95,192,403,595,423,423,0,172,16.77,0.0,16.77
unconstrained,2011-06-06,15056N,5.95,127,55,182,92,92,0,90,26.775000000000002,0.0,26.775000000000002
unconstrained,2011-06-06,21232,1.25,392,110,502,171,171,0,331,20.6875,0.0,20.6875
unconstrained,2011-06-06,22386,1.95,169,407,576,408,408,0,168,16.38,0.0,16.38
unconstrained,2011-06-06,20685,7.95,73,31,104,526,104,422,0,0.0,1006.47,1006.47
unconstrained,2011-06-06,85099C,1.95,249,200,449,141,141,0,308,30.03,0.0,30.03
unconstrained,2011-06-06,20725,1.65,304,171,475,565,475,90,0,0.0,44.55,44.55
unconstrained,2011-06-06,79321,4.95,273,27,300,91,91,0,209,51.7275,0.0,51.7275
unconstrained,2011-06-06,21754,5.95,70,44,114,47,47,0,67,19.932500000000005,0.0,19.932500000000005
unconstrained,2011-06-06,21931,1.95,318,114,432,230,230,0,202,19.695,0.0,19.695
unconstrained,2011-06-13,22423,12.75,276,178,454,88,88,0,366,233.32500000000002,0.0,233.32500000000002
unconstrained,2011-06-13,85123A,2.95,895,273,1168,391,391,0,777,114.60750000000002,0.0,114.60750000000002
unconstrained,2011-06-13,85099B,1.95,575,773,1348,829,829,0,519,50.6025,0.0,50.6025
unconstrained,2011-06-13,84879,1.69,684,292,976,270,270,0,706,59.657,0.0,59.657
unconstrained,2011-06-13,22086,2.95,595,2,597,1,1,0,596,87.91000000000001,0.0,87.91000000000001
unconstrained,2011-06-13,47566,4.95,33,518,551,491,491,0,60,14.850000000000001,0.0,14.850000000000001
unconstrained,2011-06-13,84347,2.55,661,0,661,2,2,0,659,84.0225,0.0,84.0225
unconstrained,2011-06-13,48138,7.95,0,119,119,16,16,0,103,40.9425,0.0,40.9425
unconstrained,2011-06-13,21843,10.95,66,5,71,15,15,0,56,30.659999999999997,0.0,30.659999999999997
unconstrained,2011-06-13,21621,8.5,102,33,135,26,26,0,109,46.325,0.0,46.325
unconstrained,2011-06-13,85099F,1.95,172,423,595,224,224,0,371,36.1725,0.0,36.1725
unconstrained,2011-06-13,15056N,5.95,90,86,176,142,142,0,34,10.115000000000002,0.0,10.115000000000002
unconstrained,2011-06-13,21232,1.25,331,171,502,74,74,0,428,26.75,0.0,26.75
unconstrained,2011-06-13,22386,1.95,168,408,576,233,233,0,343,33.4425,0.0,33.4425
unconstrained,2011-06-13,20685,7.95,0,105,105,5,5,0,100,39.75,0.0,39.75
unconstrained,2011-06-13,85099C,1.95,308,141,449,265,265,0,184,17.94,0.0,17.94
unconstrained,2011-06-13,20725,1.65,0,514,514,186,186,0,328,27.06,0.0,27.06
unconstrained,2011-06-13,79321,4.95,209,91,300,109,109,0,191,47.27250000000001,0.0,47.27250000000001
unconstrained,2011-06-13,21754,5.95,67,47,114,30,30,0,84,24.990000000000002,0.0,24.990000000000002
unconstrained,2011-06-13,21931,1.95,202,230,432,93,93,0,339,33.0525,0.0,33.0525
unconstrained,2011-06-20,22423,12.75,366,88,454,130,130,0,324,206.55,0.0,206.55
unconstrained,2011-06-20,85123A,2.95,777,391,1168,224,224,0,944,139.24,0.0,139.24
unconstrained,2011-06-20,85099B,1.95,519,829,1348,791,791,0,557,54.3075,0.0,54.3075
unconstrained,2011-06-20,84879,1.69,706,270,976,262,262,0,714,60.333,0.0,60.333
unconstrained,2011-06-20,22086,2.95,596,1,597,6,6,0,591,87.17250000000001,0.0,87.17250000000001
unconstrained,2011-06-20,47566,4.95,60,491,551,586,551,35,0,0.0,51.975,51.975
unconstrained,2011-06-20,84347,2.55,659,2,661,1,1,0,660,84.14999999999999,0.0,84.14999999999999
unconstrained,2011-06-20,48138,7.95,103,16,119,19,19,0,100,39.75,0.0,39.75
unconstrained,2011-06-20,21843,10.95,56,15,71,17,17,0,54,29.564999999999998,0.0,29.564999999999998
unconstrained,2011-06-20,21621,8.5,109,18,127,18,18,0,109,46.325,0.0,46.325
unconstrained,2011-06-20,85099F,1.95,371,224,595,605,595,10,0,0.0,5.85,5.85
unconstrained,2011-06-20,15056N,5.95,34,123,157,87,87,0,70,20.825000000000003,0.0,20.825000000000003
unconstrained,2011-06-20,21232,1.25,428,40,468,117,117,0,351,21.9375,0.0,21.9375
unconstrained,2011-06-20,22386,1.95,343,233,576,551,551,0,25,2.4375,0.0,2.4375
unconstrained,2011-06-20,20685,7.95,100,5,105,45,45,0,60,23.85,0.0,23.85
unconstrained,2011-06-20,85099C,1.95,184,265,449,83,83,0,366,35.684999999999995,0.0,35.684999999999995
unconstrained,2011-06-20,20725,1.65,328,186,514,218,218,0,296,24.42,0.0,24.42
unconstrained,2011-06-20,79321,4.95,191,109,300,48,48,0,252,62.370000000000005,0.0,62.370000000000005
unconstrained,2011-06-20,21754,5.95,84,30,114,30,30,0,84,24.990000000000002,0.0,24.990000000000002
unconstrained,2011-06-20,21931,1.95,339,93,432,244,244,0,188,18.33,0.0,18.33
unconstrained,2011-06-27,22423,12.75,324,130,454,84,84,0,370,235.875,0.0,235.875
unconstrained,2011-06-27,85123A,2.95,944,224,1168,252,252,0,916,135.11,0.0,135.11
unconstrained,2011-06-27,85099B,1.95,557,791,1348,595,595,0,753,73.4175,0.0,73.4175
unconstrained,2011-06-27,84879,1.69,714,262,976,276,276,0,700,59.150000000000006,0.0,59.150000000000006
unconstrained,2011-06-27,22086,2.95,591,6,597,365,365,0,232,34.220000000000006,0.0,34.220000000000006
unconstrained,2011-06-27,47566,4.95,0,584,584,248,248,0,336,83.16000000000001,0.0,83.16000000000001
unconstrained,2011-06-27,84347,2.55,660,1,661,3,3,0,658,83.895,0.0,83.895
unconstrained,2011-06-27,48138,7.95,100,17,117,8,8,0,109,43.32750000000001,0.0,43.32750000000001
unconstrained,2011-06-27,21843,10.95,54,17,71,16,16,0,55,30.1125,0.0,30.1125
unconstrained,2011-06-27,21621,8.5,109,18,127,33,33,0,94,39.95,0.0,39.95
unconstrained,2011-06-27,85099F,1.95,0,605,605,251,251,0,354,34.515,0.0,34.515
unconstrained,2011-06-27,15056N,5.95,70,87,157,7,7,0,150,44.625,0.0,44.625
unconstrained,2011-06-27,21232,1.25,351,117,468,104,104,0,364,22.75,0.0,22.75
unconstrained,2011-06-27,22386,1.95,25,551,576,356,356,0,220,21.450000000000003,0.0,21.450000000000003
unconstrained,2011-06-27,20685,7.95,60,44,104,22,22,0,82,32.595,0.0,32.595
unconstrained,2011-06-27,85099C,1.95,366,83,449,181,181,0,268,26.130000000000003,0.0,26.130000000000003
unconstrained,2011-06-27,20725,1.65,296,218,514,183,183,0,331,27.3075,0.0,27.3075
unconstrained,2011-06-27,79321,4.95,252,48,300,113,113,0,187,46.2825,0.0,46.2825
unconstrained,2011-06-27,21754,5.95,84,30,114,31,31,0,83,24.692500000000003,0.0,24.692500000000003
unconstrained,2011-06-27,21931,1.95,188,244,432,427,427,0,5,0.48750000000000004,0.0,0.48750000000000004
unconstrained,2011-07-04,22423,12.75,370,84,454,105,105,0,349,222.4875,0.0,222.4875
unconstrained,2011-07-04,85123A,2.95,916,252,1168,264,264,0,904,133.34,0.0,133.34
unconstrained,2011-07-04,85099B,1.95,753,595,1348,1324,1324,0,24,2.34,0.0,2.34
unconstrained,2011-07-04,84879,1.69,700,276,976,444,444,0,532,44.954,0.0,44.954
unconstrained,2011-07-04,22086,2.95,232,365,597,18,18,0,579,85.40250000000002,0.0,85.40250000000002
unconstrained,2011-07-04,47566,4.95,336,248,584,881,584,297,0,0.0,441.045,441.045
unconstrained,2011-07-04,84347,2.55,658,3,661,120,120,0,541,68.9775,0.0,68.9775
unconstrained,2011-07-04,48138,7.95,109,4,113,56,56,0,57,22.657500000000002,0.0,22.657500000000002
unconstrained,2011-07-04,21843,10.95,55,16,71,6,6,0,65,35.5875,0.0,35.5875
unconstrained,2011-07-04,21621,8.5,94,19,113,48,48,0,65,27.625,0.0,27.625
unconstrained,2011-07-04,85099F,1.95,354,241,595,513,513,0,82,7.995000000000001,0.0,7.995000000000001
unconstrained,2011-07-04,15056N,5.95,150,0,150,259,150,109,0,0.0,194.56500000000003,194.56500000000003
unconstrained,2011-07-04,21232,1.25,364,76,440,65,65,0,375,23.4375,0.0,23.4375
unconstrained,2011-07-04,22386,1.95,220,356,576,444,444,0,132,12.87,0.0,12.87
unconstrained,2011-07-04,20685,7.95,82,22,104,418,104,314,0,0.0,748.89,748.89
unconstrained,2011-07-04,85099C,1.95,268,180,448,324,324,0,124,12.09,0.0,12.09
unconstrained,2011-07-04,20725,1.65,331,183,514,293,293,0,221,18.232499999999998,0.0,18.232499999999998
unconstrained,2011-07-04,79321,4.95,187,113,300,23,23,0,277,68.5575,0.0,68.5575
unconstrained,2011-07-04,21754,5.95,83,31,114,22,22,0,92,27.37,0.0,27.37
unconstrained,2011-07-04,21931,1.95,5,427,432,351,351,0,81,7.8975,0.0,7.8975
unconstrained,2011-07-11,22423,12.75,349,105,454,206,206,0,248,158.10000000000002,0.0,158.10000000000002
unconstrained,2011-07-11,85123A,2.95,904,264,1168,1172,1168,4,0,0.0,3.54,3.54
unconstrained,2011-07-11,85099B,1.95,24,1324,1348,411,411,0,937,91.3575,0.0,91.3575
unconstrained,2011-07-11,84879,1.69,532,444,976,362,362,0,614,51.882999999999996,0.0,51.882999999999996
unconstrained,2011-07-11,22086,2.95,579,18,597,4,4,0,593,87.46750000000002,0.0,87.46750000000002
unconstrained,2011-07-11,47566,4.95,0,586,586,346,346,0,240,59.400000000000006,0.0,59.400000000000006
unconstrained,2011-07-11,84347,2.55,541,120,661,0,0,0,661,84.2775,0.0,84.2775
unconstrained,2011-07-11,48138,7.95,57,56,113,34,34,0,79,31.402500000000003,0.0,31.402500000000003
unconstrained,2011-07-11,21843,10.95,65,6,71,7,7,0,64,35.04,0.0,35.04
unconstrained,2011-07-11,21621,8.5,65,35,100,6,6,0,94,39.95,0.0,39.95
unconstrained,2011-07-11,85099F,1.95,82,464,546,29,29,0,517,50.4075,0.0,50.4075
unconstrained,2011-07-11,15056N,5.95,0,148,148,83,83,0,65,19.337500000000002,0.0,19.337500000000002
unconstrained,2011-07-11,21232,1.25,375,65,440,121,121,0,319,19.9375,0.0,19.9375
unconstrained,2011-07-11,22386,1.95,132,444,576,315,315,0,261,25.4475,0.0,25.4475
unconstrained,2011-07-11,20685,7.95,0,105,105,46,46,0,59,23.4525,0.0,23.4525
unconstrained,2011-07-11,85099C,1.95,124,324,448,93,93,0,355,34.612500000000004,0.0,34.612500000000004
unconstrained,2011-07-11,20725,1.65,221,293,514,201,201,0,313,25.822499999999998,0.0,25.822499999999998
unconstrained,2011-07-11,79321,4.95,277,23,300,33,33,0,267,66.08250000000001,0.0,66.08250000000001
unconstrained,2011-07-11,21754,5.95,92,22,114,33,33,0,81,24.0975,0.0,24.0975
unconstrained,2011-07-11,21931,1.95,81,351,432,156,156,0,276,26.909999999999997,0.0,26.909999999999997
unconstrained,2011-07-18,22423,12.75,248,206,454,306,306,0,148,94.35000000000001,0.0,94.35000000000001
unconstrained,2011-07-18,85123A,2.95,0,1168,1168,697,697,0,471,69.47250000000001,0.0,69.47250000000001
unconstrained,2011-07-18,85099B,1.95,937,411,1348,712,712,0,636,62.010000000000005,0.0,62.010000000000005
unconstrained,2011-07-18,84879,1.69,614,362,976,511,511,0,465,39.292500000000004,0.0,39.292500000000004
unconstrained,2011-07-18,22086,2.95,593,4,597,14,14,0,583,85.9925,0.0,85.9925
unconstrained,2011-07-18,47566,4.95,240,346,586,843,586,257,0,0.0,381.64500000000004,381.64500000000004
unconstrained,2011-07-18,84347,2.55,661,0,661,1,1,0,660,84.14999999999999,0.0,84.14999999999999
unconstrained,2011-07-18,48138,7.95,79,22,101,50,50,0,51,20.2725,0.0,20.2725
unconstrained,2011-07-18,21843,10.95,64,7,71,13,13,0,58,31.754999999999995,0.0,31.754999999999995
unconstrained,2011-07-18,21621,8.5,94,6,100,26,26,0,74,31.450000000000003,0.0,31.450000000000003
unconstrained,2011-07-18,85099F,1.95,517,29,546,120,120,0,426,41.535,0.0,41.535
unconstrained,2011-07-18,15056N,5.95,65,83,148,319,148,171,0,0.0,305.235,305.235
unconstrained,2011-07-18,21232,1.25,319,120,439,141,141,0,298,18.625,0.0,18.625
unconstrained,2011-07-18,22386,1.95,261,315,576,287,287,0,289,28.1775,0.0,28.1775
unconstrained,2011-07-18,20685,7.95,59,46,105,89,89,0,16,6.36,0.0,6.36
unconstrained,2011-07-18,85099C,1.95,355,93,448,210,210,0,238,23.205,0.0,23.205
unconstrained,2011-07-18,20725,1.65,313,162,475,315,315,0,160,13.200000000000001,0.0,13.200000000000001
unconstrained,2011-07-18,79321,4.95,267,33,300,129,129,0,171,42.322500000000005,0.0,42.322500000000005
unconstrained,2011-07-18,21754,5.95,81,33,114,45,45,0,69,20.527500000000003,0.0,20.527500000000003
unconstrained,2011-07-18,21931,1.95,276,156,432,257,257,0,175,17.0625,0.0,17.0625
unconstrained,2011-07-25,22423,12.75,148,304,452,275,275,0,177,112.8375,0.0,112.8375
unconstrained,2011-07-25,85123A,2.95,471,661,1132,756,756,0,376,55.46000000000001,0.0,55.46000000000001
unconstrained,2011-07-25,85099B,1.95,636,712,1348,540,540,0,808,78.78,0.0,78.78
unconstrained,2011-07-25,84879,1.69,465,490,955,400,400,0,555,46.8975,0.0,46.8975
unconstrained,2011-07-25,22086,2.95,583,14,597,167,167,0,430,63.425000000000004,0.0,63.425000000000004
unconstrained,2011-07-25,47566,4.95,0,594,594,466,466,0,128,31.680000000000003,0.0,31.680000000000003
unconstrained,2011-07-25,84347,2.55,660,1,661,6,6,0,655,83.51249999999999,0.0,83.51249999999999
unconstrained,2011-07-25,48138,7.95,51,50,101,30,30,0,71,28.222500000000004,0.0,28.222500000000004
unconstrained,2011-07-25,21843,10.95,58,6,64,7,7,0,57,31.2075,0.0,31.2075
unconstrained,2011-07-25,21621,8.5,74,26,100,19,19,0,81,34.425000000000004,0.0,34.425000000000004
unconstrained,2011-07-25,85099F,1.95,426,107,533,434,434,0,99,9.6525,0.0,9.6525
unconstrained,2011-07-25,15056N,5.95,0,157,157,25,25,0,132,39.27,0.0,39.27
unconstrained,2011-07-25,21232,1.25,298,141,439,95,95,0,344,21.5,0.0,21.5
unconstrained,2011-07-25,22386,1.95,289,271,560,403,403,0,157,15.3075,0.0,15.3075
unconstrained,2011-07-25,20685,7.95,16,89,105,18,18,0,87,34.5825,0.0,34.5825
unconstrained,2011-07-25,85099C,1.95,238,210,448,164,164,0,284,27.689999999999998,0.0,27.689999999999998
unconstrained,2011-07-25,20725,1.65,160,315,475,345,345,0,130,10.725000000000001,0.0,10.725000000000001
unconstrained,2011-07-25,79321,4.95,171,129,300,651,300,351,0,0.0,521.235,521.235
unconstrained,2011-07-25,21754,5.95,69,45,114,35,35,0,79,23.5025,0.0,23.5025
unconstrained,2011-07-25,21931,2.08,175,252,427,230,230,0,197,20.488,0.0,20.488
unconstrained,2011-08-01,22423,12.75,177,272,449,132,132,0,317,202.0875,0.0,202.0875
unconstrained,2011-08-01,85123A,2.95,376,756,1132,423,423,0,709,104.57750000000001,0.0,104.57750000000001
unconstrained,2011-08-01,85099B,1.95,808,540,1348,1026,1026,0,322,31.395,0.0,31.395
unconstrained,2011-08-01,84879,1.69,555,400,955,3792,955,2837,0,0.0,1438.359,1438.359
unconstrained,2011-08-01,22086,2.95,430,167,597,155,155,0,442,65.19500000000001,0.0,65.19500000000001
unconstrained,2011-08-01,47566,4.95,128,466,594,431,431,0,163,40.3425,0.0,40.3425
unconstrained,2011-08-01,84347,2.55,655,6,661,12,12,0,649,82.7475,0.0,82.7475
unconstrained,2011-08-01,48138,7.95,71,28,99,37,37,0,62,24.645000000000003,0.0,24.645000000000003
unconstrained,2011-08-01,21843,10.95,57,0,57,27,27,0,30,16.425,0.0,16.425
unconstrained,2011-08-01,21621,8.5,81,19,100,150,100,50,0,0.0,127.5,127.5
unconstrained,2011-08-01,85099F,1.95,99,434,533,537,533,4,0,0.0,2.34,2.34
unconstrained,2011-08-01,15056N,5.95,132,25,157,102,102,0,55,16.3625,0.0,16.3625
unconstrained,2011-08-01,21232,1.25,344,95,439,141,141,0,298,18.625,0.0,18.625
unconstrained,2011-08-01,22386,1.95,157,403,560,362,362,0,198,19.305,0.0,19.305
unconstrained,2011-08-01,20685,7.95,87,18,105,38,38,0,67,26.6325,0.0,26.6325
unconstrained,2011-08-01,85099C,1.95,284,164,448,264,264,0,184,17.94,0.0,17.94
unconstrained,2011-08-01,20725,1.65,130,345,475,583,475,108,0,0.0,53.459999999999994,53.459999999999994
unconstrained,2011-08-01,79321,4.95,0,337,337,87,87,0,250,61.875,0.0,61.875
unconstrained,2011-08-01,21754,5.95,79,35,114,28,28,0,86,25.585,0.0,25.585
unconstrained,2011-08-01,21931,2.08,197,230,427,383,383,0,44,4.5760000000000005,0.0,4.5760000000000005
unconstrained,2011-08-08,22423,12.75,317,132,449,122,122,0,327,208.4625,0.0,208.4625
unconstrained,2011-08-08,85123A,2.95,709,423,1132,401,401,0,731,107.82250000000002,0.0,107.82250000000002
unconstrained,2011-08-08,85099B,1.95,322,1026,1348,1123,1123,0,225,21.9375,0.0,21.9375
unconstrained,2011-08-08,84879,1.69,0,976,976,1315,976,339,0,0.0,171.873,171.873
unconstrained,2011-08-08,22086,2.95,442,155,597,22,22,0,575,84.8125,0.0,84.8125
unconstrained,2011-08-08,47566,4.95,163,431,594,272,272,0,322,79.69500000000001,0.0,79.69500000000001
unconstrained,2011-08-08,84347,2.55,649,12,661,0,0,0,661,84.2775,0.0,84.2775
unconstrained,2011-08-08,48138,7.95,62,37,99,7,7,0,92,36.57,0.0,36.57
unconstrained,2011-08-08,21843,10.95,30,21,51,8,8,0,43,23.5425,0.0,23.5425
unconstrained,2011-08-08,21621,8.5,0,127,127,17,17,0,110,46.75,0.0,46.75
unconstrained,2011-08-08,85099F,1.95,0,537,537,310,310,0,227,22.1325,0.0,22.1325
unconstrained,2011-08-08,15056N,5.95,55,102,157,37,37,0,120,35.7,0.0,35.7
unconstrained,2011-08-08,21232,1.25,298,141,439,119,119,0,320,20.0,0.0,20.0
unconstrained,2011-08-08,22386,2.08,198,362,560,361,361,0,199,20.696,0.0,20.696
unconstrained,2011-08-08,20685,7.95,67,38,105,29,29,0,76,30.210000000000004,0.0,30.210000000000004
unconstrained,2011-08-08,85099C,1.95,184,264,448,252,252,0,196,19.11,0.0,19.11
unconstrained,2011-08-08,20725,1.65,0,475,475,575,475,100,0,0.0,49.5,49.5
unconstrained,2011-08-08,79321,4.95,250,87,337,135,135,0,202,49.995000000000005,0.0,49.995000000000005
unconstrained,2011-08-08,21754,5.95,86,28,114,17,17,0,97,28.8575,0.0,28.8575
unconstrained,2011-08-08,21931,2.08,44,383,427,297,297,0,130,13.520000000000003,0.0,13.520000000000003
unconstrained,2011-08-15,22423,12.75,327,122,449,147,147,0,302,192.525,0.0,192.525
unconstrained,2011-08-15,85123A,2.95,731,401,1132,265,265,0,867,127.88250000000001,0.0,127.88250000000001
unconstrained,2011-08-15,85099B,1.95,225,1123,1348,976,976,0,372,36.27,0.0,36.27
unconstrained,2011-08-15,84879,1.69,0,1184,1184,556,556,0,628,53.066,0.0,53.066
unconstrained,2011-08-15,22086,2.95,575,22,597,24,24,0,573,84.51750000000001,0.0,84.51750000000001
unconstrained,2011-08-15,47566,4.95,322,272,594,286,286,0,308,76.23,0.0,76.23
unconstrained,2011-08-15,84347,2.55,661,0,661,17,17,0,644,82.11,0.0,82.11
unconstrained,2011-08-15,48138,7.95,92,7,99,57,57,0,42,16.695000000000004,0.0,16.695000000000004
unconstrained,2011-08-15,21843,10.95,43,8,51,17,17,0,34,18.615,0.0,18.615
unconstrained,2011-08-15,21621,8.5,110,17,127,19,19,0,108,45.900000000000006,0.0,45.900000000000006
unconstrained,2011-08-15,85099F,1.95,227,306,533,328,328,0,205,19.9875,0.0,19.9875
unconstrained,2011-08-15,15056N,5.95,120,37,157,138,138,0,19,5.6525,0.0,5.6525
unconstrained,2011-08-15,21232,1.25,320,119,439,76,76,0,363,22.6875,0.0,22.6875
unconstrained,2011-08-15,22386,2.08,199,361,560,366,366,0,194,20.176000000000002,0.0,20.176000000000002
unconstrained,2011-08-15,20685,7.95,76,28,104,38,38,0,66,26.235000000000003,0.0,26.235000000000003
unconstrained,2011-08-15,85099C,1.95,196,252,448,113,113,0,335,32.6625,0.0,32.6625
unconstrained,2011-08-15,20725,1.65,0,475,475,373,373,0,102,8.415,0.0,8.415
unconstrained,2011-08-15,79321,4.95,202,135,337,62,62,0,275,68.0625,0.0,68.0625
unconstrained,2011-08-15,21754,5.95,97,17,114,67,67,0,47,13.982500000000002,0.0,13.982500000000002
unconstrained,2011-08-15,21931,2.08,130,270,400,395,395,0,5,0.52,0.0,0.52
unconstrained,2011-08-22,22423,12.75,302,147,449,149,149,0,300,191.25,0.0,191.25
unconstrained,2011-08-22,85123A,2.95,867,254,1121,763,763,0,358,52.80500000000001,0.0,52.80500000000001
unconstrained,2011-08-22,85099B,1.95,372,976,1348,1458,1348,110,0,0.0,64.35,64.35
unconstrained,2011-08-22,84879,1.69,628,556,1184,810,810,0,374,31.602999999999998,0.0,31.602999999999998
unconstrained,2011-08-22,22086,2.95,573,24,597,28,28,0,569,83.92750000000001,0.0,83.92750000000001
unconstrained,2011-08-22,47566,4.95,308,286,594,436,436,0,158,39.105000000000004,0.0,39.105000000000004
unconstrained,2011-08-22,84347,2.55,644,17,661,18,18,0,643,81.9825,0.0,81.9825
unconstrained,2011-08-22,48138,7.95,42,57,99,12,12,0,87,34.5825,0.0,34.5825
unconstrained,2011-08-22,21843,10.95,34,17,51,12,12,0,39,21.3525,0.0,21.3525
unconstrained,2011-08-22,21621,8.5,108,19,127,19,19,0,108,45.900000000000006,0.0,45.900000000000006
unconstrained,2011-08-22,85099F,1.95,205,328,533,862,533,329,0,0.0,192.46499999999997,192.46499999999997
unconstrained,2011-08-22,15056N,5.95,19,129,148,146,146,0,2,0.5950000000000001,0.0,0.5950000000000001
unconstrained,2011-08-22,21232,1.25,363,76,439,101,101,0,338,21.125,0.0,21.125
unconstrained,2011-08-22,22386,2.08,194,366,560,609,560,49,0,0.0,30.576,30.576
unconstrained,2011-08-22,20685,7.95,66,38,104,34,34,0,70,27.825000000000003,0.0,27.825000000000003
unconstrained,2011-08-22,85099C,1.95,335,113,448,132,132,0,316,30.81,0.0,30.81
unconstrained,2011-08-22,20725,1.65,102,368,470,281,281,0,189,15.5925,0.0,15.5925
unconstrained,2011-08-22,79321,4.95,275,62,337,110,110,0,227,56.182500000000005,0.0,56.182500000000005
unconstrained,2011-08-22,21754,5.95,47,67,114,41,41,0,73,21.7175,0.0,21.7175
unconstrained,2011-08-22,21931,2.08,5,394,399,356,356,0,43,4.472,0.0,4.472
unconstrained,2011-08-29,22423,12.75,300,149,449,89,89,0,360,229.5,0.0,229.5
unconstrained,2011-08-29,85123A,2.95,358,763,1121,394,394,0,727,107.23250000000002,0.0,107.23250000000002
unconstrained,2011-08-29,85099B,1.95,0,1415,1415,677,677,0,738,71.955,0.0,71.955
unconstrained,2011-08-29,84879,1.69,374,810,1184,200,200,0,984,83.14800000000001,0.0,83.14800000000001
unconstrained,2011-08-29,22086,2.95,569,28,597,192,192,0,405,59.737500000000004,0.0,59.737500000000004
unconstrained,2011-08-29,47566,4.95,158,436,594,187,187,0,407,100.73250000000002,0.0,100.73250000000002
unconstrained,2011-08-29,84347,2.55,643,18,661,4,4,0,657,83.7675,0.0,83.7675
unconstrained,2011-08-29,48138,7.95,87,12,99,21,21,0,78,31.005000000000003,0.0,31.005000000000003
unconstrained,2011-08-29,21843,10.95,39,6,45,9,9,0,36,19.71,0.0,19.71
unconstrained,2011-08-29,21621,8.5,108,19,127,40,40,0,87,36.975,0.0,36.975
unconstrained,2011-08-29,85099F,1.95,0,537,537,278,278,0,259,25.2525,0.0,25.2525
unconstrained,2011-08-29,15056N,5.95,2,144,146,26,26,0,120,35.7,0.0,35.7
unconstrained,2011-08-29,21232,1.25,338,101,439,74,74,0,365,22.8125,0.0,22.8125
unconstrained,2011-08-29,22386,2.08,0,576,576,238,238,0,338,35.15200000000001,0.0,35.15200000000001
unconstrained,2011-08-29,20685,7.95,70,34,104,33,33,0,71,28.222500000000004,0.0,28.222500000000004
unconstrained,2011-08-29,85099C,2.08,316,132,448,264,264,0,184,19.136000000000003,0.0,19.136000000000003
unconstrained,2011-08-29,20725,1.65,189,281,470,192,192,0,278,22.935000000000002,0.0,22.935000000000002
unconstrained,2011-08-29,79321,4.95,227,110,337,210,210,0,127,31.4325,0.0,31.4325
unconstrained,2011-08-29,21754,5.95,73,34,107,17,17,0,90,26.775000000000002,0.0,26.775000000000002
unconstrained,2011-08-29,21931,2.08,43,356,399,302,302,0,97,10.088000000000001,0.0,10.088000000000001
unconstrained,2011-09-05,22423,12.75,360,89,449,105,105,0,344,219.3,0.0,219.3
unconstrained,2011-09-05,85123A,2.95,727,394,1121,407,407,0,714,105.31500000000001,0.0,105.31500000000001
unconstrained,2011-09-05,85099B,1.95,738,610,1348,536,536,0,812,79.17,0.0,79.17
unconstrained,2011-09-05,84879,1.69,984,200,1184,384,384,0,800,67.60000000000001,0.0,67.60000000000001
unconstrained,2011-09-05,22086,2.95,405,192,597,495,495,0,102,15.045000000000002,0.0,15.045000000000002
unconstrained,2011-09-05,47566,4.95,407,187,594,224,224,0,370,91.575,0.0,91.575
unconstrained,2011-09-05,84347,2.55,657,0,657,38,38,0,619,78.9225,0.0,78.9225
unconstrained,2011-09-05,48138,7.95,78,18,96,29,29,0,67,26.6325,0.0,26.6325
unconstrained,2011-09-05,21843,10.95,36,9,45,3,3,0,42,22.995,0.0,22.995
unconstrained,2011-09-05,21621,8.5,87,5,92,54,54,0,38,16.150000000000002,0.0,16.150000000000002
unconstrained,2011-09-05,85099F,2.08,259,274,533,189,189,0,344,35.776,0.0,35.776
unconstrained,2011-09-05,15056N,5.95,120,26,146,98,98,0,48,14.280000000000001,0.0,14.280000000000001
unconstrained,2011-09-05,21232,1.25,365,74,439,287,287,0,152,9.5,0.0,9.5
unconstrained,2011-09-05,22386,2.08,338,222,560,617,560,57,0,0.0,35.568,35.568
unconstrained,2011-09-05,20685,7.95,71,33,104,20,20,0,84,33.39000000000001,0.0,33.39000000000001
unconstrained,2011-09-05,85099C,2.08,184,264,448,439,439,0,9,0.9359999999999999,0.0,0.9359999999999999
unconstrained,2011-09-05,20725,1.65,278,192,470,304,304,0,166,13.695,0.0,13.695
unconstrained,2011-09-05,79321,4.95,127,210,337,71,71,0,266,65.83500000000001,0.0,65.83500000000001
unconstrained,2011-09-05,21754,5.95,90,17,107,56,56,0,51,15.1725,0.0,15.1725
unconstrained,2011-09-05,21931,2.08,97,298,395,276,276,0,119,12.376000000000001,0.0,12.376000000000001
unconstrained,2011-09-12,22423,12.75,344,105,449,197,197,0,252,160.65,0.0,160.65
unconstrained,2011-09-12,85123A,2.95,714,407,1121,657,657,0,464,68.44000000000001,0.0,68.44000000000001
unconstrained,2011-09-12,85099B,2.08,812,536,1348,743,743,0,605,62.92000000000001,0.0,62.92000000000001
unconstrained,2011-09-12,84879,1.69,800,384,1184,740,740,0,444,37.518,0.0,37.518
unconstrained,2011-09-12,22086,2.95,102,495,597,481,481,0,116,17.110000000000003,0.0,17.110000000000003
unconstrained,2011-09-12,47566,4.95,370,224,594,334,334,0,260,64.35000000000001,0.0,64.35000000000001
unconstrained,2011-09-12,84347,2.55,619,28,647,294,294,0,353,45.0075,0.0,45.0075
unconstrained,2011-09-12,48138,7.95,67,29,96,544,96,448,0,0.0,1068.48,1068.48
unconstrained,2011-09-12,21843,10.95,42,3,45,29,29,0,16,8.76,0.0,8.76
unconstrained,2011-09-12,21621,8.5,38,54,92,19,19,0,73,31.025000000000002,0.0,31.025000000000002
unconstrained,2011-09-12,85099F,2.08,344,178,522,302,302,0,220,22.880000000000003,0.0,22.880000000000003
unconstrained,2011-09-12,15056N,5.95,48,98,146,114,114,0,32,9.520000000000001,0.0,9.520000000000001
unconstrained,2011-09-12,21232,1.25,152,287,439,133,133,0,306,19.125,0.0,19.125
unconstrained,2011-09-12,22386,2.08,0,560,560,478,478,0,82,8.528,0.0,8.528
unconstrained,2011-09-12,20685,7.95,84,20,104,14,14,0,90,35.775,0.0,35.775
unconstrained,2011-09-12,85099C,2.08,9,439,448,109,109,0,339,35.256,0.0,35.256
unconstrained,2011-09-12,20725,1.65,166,304,470,299,299,0,171,14.1075,0.0,14.1075
unconstrained,2011-09-12,79321,4.95,266,71,337,262,262,0,75,18.5625,0.0,18.5625
unconstrained,2011-09-12,21754,5.95,51,56,107,45,45,0,62,18.445000000000004,0.0,18.445000000000004
unconstrained,2011-09-12,21931,2.08,119,268,387,331,331,0,56,5.824000000000001,0.0,5.824000000000001
unconstrained,2011-09-19,22423,12.75,252,197,449,100,100,0,349,222.4875,0.0,222.4875
unconstrained,2011-09-19,85123A,2.95,464,657,1121,660,660,0,461,67.9975,0.0,67.9975
unconstrained,2011-09-19,85099B,2.08,605,743,1348,1387,1348,39,0,0.0,24.336000000000002,24.336000000000002
unconstrained,2011-09-19,84879,1.69,444,740,1184,629,629,0,555,46.8975,0.0,46.8975
unconstrained,2011-09-19,22086,2.95,116,481,597,584,584,0,13,1.9175000000000002,0.0,1.9175000000000002
unconstrained,2011-09-19,47566,4.95,260,334,594,127,127,0,467,115.58250000000001,0.0,115.58250000000001
unconstrained,2011-09-19,84347,2.55,353,294,647,367,367,0,280,35.7,0.0,35.7
unconstrained,2011-09-19,48138,7.95,0,99,99,23,23,0,76,30.210000000000004,0.0,30.210000000000004
unconstrained,2011-09-19,21843,10.95,16,29,45,38,38,0,7,3.8324999999999996,0.0,3.8324999999999996
unconstrained,2011-09-19,21621,8.5,73,19,92,46,46,0,46,19.55,0.0,19.55
unconstrained,2011-09-19,85099F,2.08,220,302,522,509,509,0,13,1.352,0.0,1.352
unconstrained,2011-09-19,15056N,5.95,32,114,146,28,28,0,118,35.105000000000004,0.0,35.105000000000004
unconstrained,2011-09-19,21232,1.25,306,133,439,207,207,0,232,14.5,0.0,14.5
unconstrained,2011-09-19,22386,2.08,82,478,560,599,560,39,0,0.0,24.336000000000002,24.336000000000002
unconstrained,2011-09-19,20685,7.95,90,14,104,11,11,0,93,36.9675,0.0,36.9675
unconstrained,2011-09-19,85099C,2.08,339,109,448,440,440,0,8,0.8320000000000001,0.0,0.8320000000000001
unconstrained,2011-09-19,20725,1.65,171,299,470,212,212,0,258,21.285,0.0,21.285
unconstrained,2011-09-19,79321,4.95,75,262,337,28,28,0,309,76.4775,0.0,76.4775
unconstrained,2011-09-19,21754,5.95,62,45,107,17,17,0,90,26.775000000000002,0.0,26.775000000000002
unconstrained,2011-09-19,21931,2.08,56,331,387,278,278,0,109,11.336,0.0,11.336
unconstrained,2011-09-26,22423,12.75,349,21,370,137,137,0,233,148.5375,0.0,148.5375
unconstrained,2011-09-26,85123A,2.95,461,660,1121,408,408,0,713,105.1675,0.0,105.1675
unconstrained,2011-09-26,85099B,2.08,0,1348,1348,889,889,0,459,47.736000000000004,0.0,47.736000000000004
unconstrained,2011-09-26,84879,1.69,555,400,955,799,799,0,156,13.182,0.0,13.182
unconstrained,2011-09-26,22086,2.95,13,584,597,347,347,0,250,36.875,0.0,36.875
unconstrained,2011-09-26,47566,4.95,467,127,594,197,197,0,397,98.25750000000001,0.0,98.25750000000001
unconstrained,2011-09-26,84347,2.55,280,367,647,40,40,0,607,77.3925,0.0,77.3925
unconstrained,2011-09-26,48138,7.95,76,23,99,176,99,77,0,0.0,183.64499999999998,183.64499999999998
unconstrained,2011-09-26,21843,10.95,7,38,45,5,5,0,40,21.900000000000002,0.0,21.900000000000002
unconstrained,2011-09-26,21621,8.5,46,46,92,22,22,0,70,29.75,0.0,29.75
unconstrained,2011-09-26,85099F,2.08,13,509,522,206,206,0,316,32.864,0.0,32.864
unconstrained,2011-09-26,15056N,5.95,118,28,146,46,46,0,100,29.75,0.0,29.75
unconstrained,2011-09-26,21232,1.25,232,207,439,214,214,0,225,14.0625,0.0,14.0625
unconstrained,2011-09-26,22386,2.08,0,576,576,665,576,89,0,0.0,55.536,55.536
unconstrained,2011-09-26,20685,7.95,93,11,104,95,95,0,9,3.5775,0.0,3.5775
unconstrained,2011-09-26,85099C,2.08,8,432,440,398,398,0,42,4.368,0.0,4.368
unconstrained,2011-09-26,20725,1.65,258,166,424,228,228,0,196,16.169999999999998,0.0,16.169999999999998
unconstrained,2011-09-26,79321,4.95,309,28,337,162,162,0,175,43.3125,0.0,43.3125
unconstrained,2011-09-26,21754,5.95,90,17,107,33,33,0,74,22.015,0.0,22.015
unconstrained,2011-09-26,21931,2.08,109,278,387,260,260,0,127,13.208000000000002,0.0,13.208000000000002
unconstrained,2011-10-03,22423,12.75,233,137,370,298,298,0,72,45.900000000000006,0.0,45.900000000000006
unconstrained,2011-10-03,85123A,2.95,713,408,1121,157,157,0,964,142.19000000000003,0.0,142.19000000000003
unconstrained,2011-10-03,85099B,2.08,459,865,1324,2496,1324,1172,0,0.0,731.3280000000001,731.3280000000001
unconstrained,2011-10-03,84879,1.69,156,799,955,573,573,0,382,32.278999999999996,0.0,32.278999999999996
unconstrained,2011-10-03,22086,2.95,250,347,597,953,597,356,0,0.0,315.06,315.06
unconstrained,2011-10-03,47566,4.95,397,189,586,170,170,0,416,102.96000000000002,0.0,102.96000000000002
unconstrained,2011-10-03,84347,2.55,607,40,647,178,178,0,469,59.79749999999999,0.0,59.79749999999999
unconstrained,2011-10-03,48138,7.95,0,101,101,30,30,0,71,28.222500000000004,0.0,28.222500000000004
unconstrained,2011-10-03,21843,10.95,40,2,42,4,4,0,38,20.805,0.0,20.805
unconstrained,2011-10-03,21621,8.5,70,18,88,30,30,0,58,24.650000000000002,0.0,24.650000000000002
unconstrained,2011-10-03,85099F,2.08,316,206,522,1052,522,530,0,0.0,330.72,330.72
unconstrained,2011-10-03,15056N,5.95,100,46,146,22,22,0,124,36.89000000000001,0.0,36.89000000000001
unconstrained,2011-10-03,21232,1.25,225,214,439,67,67,0,372,23.25,0.0,23.25
unconstrained,2011-10-03,22386,2.08,0,599,599,1539,599,940,0,0.0,586.56,586.56
unconstrained,2011-10-03,20685,7.95,9,90,99,36,36,0,63,25.042500000000004,0.0,25.042500000000004
unconstrained,2011-10-03,85099C,2.08,42,398,440,146,146,0,294,30.576,0.0,30.576
unconstrained,2011-10-03,20725,1.65,196,228,424,278,278,0,146,12.045,0.0,12.045
unconstrained,2011-10-03,79321,4.95,175,162,337,47,47,0,290,71.775,0.0,71.775
unconstrained,2011-10-03,21754,5.95,74,33,107,44,44,0,63,18.742500000000003,0.0,18.742500000000003
unconstrained,2011-10-03,21931,2.08,127,256,383,444,383,61,0,0.0,38.064,38.064
unconstrained,2011-10-10,22423,12.75,72,286,358,127,127,0,231,147.26250000000002,0.0,147.26250000000002
unconstrained,2011-10-10,85123A,2.95,964,157,1121,599,599,0,522,76.995,0.0,76.995
unconstrained,2011-10-10,85099B,2.08,0,1348,1348,547,547,0,801,83.30400000000002,0.0,83.30400000000002
unconstrained,2011-10-10,84879,1.69,382,573,955,412,412,0,543,45.8835,0.0,45.8835
unconstrained,2011-10-10,22086,2.95,0,597,597,739,597,142,0,0.0,125.67,125.67
unconstrained,2011-10-10,47566,4.95,416,170,586,102,102,0,484,119.79000000000002,0.0,119.79000000000002
unconstrained,2011-10-10,84347,2.55,469,0,469,469,469,0,0,0.0,0.0,0.0
unconstrained,2011-10-10,48138,7.95,71,30,101,39,39,0,62,24.645000000000003,0.0,24.645000000000003
unconstrained,2011-10-10,21843,10.95,38,4,42,23,23,0,19,10.4025,0.0,10.4025
unconstrained,2011-10-10,21621,8.5,58,30,88,17,17,0,71,30.175,0.0,30.175
unconstrained,2011-10-10,85099F,2.08,0,537,537,51,51,0,486,50.544000000000004,0.0,50.544000000000004
unconstrained,2011-10-10,15056N,5.95,124,22,146,32,32,0,114,33.915000000000006,0.0,33.915000000000006
unconstrained,2011-10-10,21232,1.25,372,38,410,358,358,0,52,3.25,0.0,3.25
unconstrained,2011-10-10,22386,2.08,0,609,609,197,197,0,412,42.848000000000006,0.0,42.848000000000006
unconstrained,2011-10-10,20685,7.95,63,36,99,39,39,0,60,23.85,0.0,23.85
unconstrained,2011-10-10,85099C,2.08,294,145,439,210,210,0,229,23.816000000000003,0.0,23.816000000000003
unconstrained,2011-10-10,20725,1.65,146,278,424,383,383,0,41,3.3825,0.0,3.3825
unconstrained,2011-10-10,79321,4.95,290,10,300,150,150,0,150,37.125,0.0,37.125
unconstrained,2011-10-10,21754,5.95,63,44,107,18,18,0,89,26.477500000000006,0.0,26.477500000000006
unconstrained,2011-10-10,21931,2.08,0,387,387,143,143,0,244,25.376000000000005,0.0,25.376000000000005
unconstrained,2011-10-17,22423,12.75,231,127,358,89,89,0,269,171.4875,0.0,171.4875
unconstrained,2011-10-17,85123A,2.95,522,599,1121,152,152,0,969,142.9275,0.0,142.9275
unconstrained,2011-10-17,85099B,2.08,801,523,1324,725,725,0,599,62.29600000000001,0.0,62.29600000000001
unconstrained,2011-10-17,84879,1.69,543,408,951,740,740,0,211,17.8295,0.0,17.8295
unconstrained,2011-10-17,22086,2.95,0,739,739,698,698,0,41,6.0475,0.0,6.0475
unconstrained,2011-10-17,47566,4.95,484,102,586,203,203,0,383,94.79250000000002,0.0,94.79250000000002
unconstrained,2011-10-17,84347,2.55,0,469,469,400,400,0,69,8.7975,0.0,8.7975
unconstrained,2011-10-17,48138,7.95,62,37,99,16,16,0,83,32.9925,0.0,32.9925
unconstrained,2011-10-17,21843,10.95,19,22,41,4,4,0,37,20.2575,0.0,20.2575
unconstrained,2011-10-17,21621,8.5,71,17,88,35,35,0,53,22.525000000000002,0.0,22.525000000000002
unconstrained,2011-10-17,85099F,2.08,486,51,537,433,433,0,104,10.816,0.0,10.816
unconstrained,2011-10-17,15056N,5.95,114,32,146,19,19,0,127,37.7825,0.0,37.7825
unconstrained,2011-10-17,21232,1.25,52,325,377,139,139,0,238,14.875,0.0,14.875
unconstrained,2011-10-17,22386,2.08,412,187,599,334,334,0,265,27.560000000000002,0.0,27.560000000000002
unconstrained,2011-10-17,20685,7.95,60,39,99,12,12,0,87,34.5825,0.0,34.5825
unconstrained,2011-10-17,85099C,2.08,229,209,438,200,200,0,238,24.752000000000002,0.0,24.752000000000002
unconstrained,2011-10-17,20725,1.65,41,369,410,146,146,0,264,21.78,0.0,21.78
unconstrained,2011-10-17,79321,5.75,150,150,300,109,109,0,191,54.9125,0.0,54.9125
unconstrained,2011-10-17,21754,5.95,89,13,102,34,34,0,68,20.230000000000004,0.0,20.230000000000004
unconstrained,2011-10-17,21931,2.08,244,143,387,140,140,0,247,25.688000000000002,0.0,25.688000000000002
unconstrained,2011-10-24,22423,12.75,269,73,342,121,121,0,221,140.88750000000002,0.0,140.88750000000002
unconstrained,2011-10-24,85123A,2.95,969,152,1121,369,369,0,752,110.92000000000002,0.0,110.92000000000002
unconstrained,2011-10-24,85099B,2.08,599,725,1324,490,490,0,834,86.736,0.0,86.736
unconstrained,2011-10-24,84879,1.69,211,725,936,745,745,0,191,16.139499999999998,0.0,16.139499999999998
unconstrained,2011-10-24,22086,2.95,41,698,739,632,632,0,107,15.782500000000002,0.0,15.782500000000002
unconstrained,2011-10-24,47566,4.95,383,203,586,78,78,0,508,125.73,0.0,125.73
unconstrained,2011-10-24,84347,2.55,69,342,411,677,411,266,0,0.0,203.48999999999998,203.48999999999998
unconstrained,2011-10-24,48138,7.95,83,16,99,20,20,0,79,31.402500000000003,0.0,31.402500000000003
unconstrained,2011-10-24,21843,10.95,37,3,40,13,13,0,27,14.782499999999999,0.0,14.782499999999999
unconstrained,2011-10-24,21621,8.5,53,35,88,12,12,0,76,32.300000000000004,0.0,32.300000000000004
unconstrained,2011-10-24,85099F,2.08,104,433,537,30,30,0,507,52.728,0.0,52.728
unconstrained,2011-10-24,15056N,5.95,127,15,142,107,107,0,35,10.412500000000001,0.0,10.412500000000001
unconstrained,2011-10-24,21232,1.25,238,121,359,137,137,0,222,13.875,0.0,13.875
unconstrained,2011-10-24,22386,2.08,265,334,599,343,343,0,256,26.624000000000002,0.0,26.624000000000002
unconstrained,2011-10-24,20685,7.95,87,12,99,52,52,0,47,18.6825,0.0,18.6825
unconstrained,2011-10-24,85099C,2.08,238,200,438,391,391,0,47,4.888000000000001,0.0,4.888000000000001
unconstrained,2011-10-24,20725,1.65,264,146,410,234,234,0,176,14.52,0.0,14.52
unconstrained,2011-10-24,79321,5.75,191,109,300,431,300,131,0,0.0,225.975,225.975
unconstrained,2011-10-24,21754,5.95,68,34,102,48,48,0,54,16.065,0.0,16.065
unconstrained,2011-10-24,21931,2.08,247,140,387,242,242,0,145,15.080000000000002,0.0,15.080000000000002
unconstrained,2011-10-31,22423,12.75,221,94,315,236,236,0,79,50.362500000000004,0.0,50.362500000000004
unconstrained,2011-10-31,85123A,2.95,752,369,1121,1691,1121,570,0,0.0,504.45,504.45
unconstrained,2011-10-31,85099B,2.08,834,490,1324,823,823,0,501,52.104,0.0,52.104
unconstrained,2011-10-31,84879,1.69,191,714,905,912,905,7,0,0.0,3.549,3.549
unconstrained,2011-10-31,22086,2.95,107,632,739,1717,739,978,0,0.0,865.5300000000001,865.5300000000001
unconstrained,2011-10-31,47566,4.95,508,78,586,102,102,0,484,119.79000000000002,0.0,119.79000000000002
unconstrained,2011-10-31,84347,2.55,0,469,469,319,319,0,150,19.125,0.0,19.125
unconstrained,2011-10-31,48138,7.95,79,20,99,32,32,0,67,26.6325,0.0,26.6325
unconstrained,2011-10-31,21843,10.95,27,13,40,34,34,0,6,3.2849999999999997,0.0,3.2849999999999997
unconstrained,2011-10-31,21621,8.5,76,12,88,20,20,0,68,28.900000000000002,0.0,28.900000000000002
unconstrained,2011-10-31,85099F,2.08,507,30,537,193,193,0,344,35.776,0.0,35.776
unconstrained,2011-10-31,15056N,5.95,35,107,142,10,10,0,132,39.27,0.0,39.27
unconstrained,2011-10-31,21232,1.25,222,136,358,201,201,0,157,9.8125,0.0,9.8125
unconstrained,2011-10-31,22386,2.08,256,343,599,293,293,0,306,31.824,0.0,31.824
unconstrained,2011-10-31,20685,7.95,47,52,99,90,90,0,9,3.5775,0.0,3.5775
unconstrained,2011-10-31,85099C,2.08,47,391,438,90,90,0,348,36.192,0.0,36.192
unconstrained,2011-10-31,20725,1.65,176,234,410,223,223,0,187,15.427500000000002,0.0,15.427500000000002
unconstrained,2011-10-31,79321,5.75,0,337,337,166,166,0,171,49.1625,0.0,49.1625
unconstrained,2011-10-31,21754,5.95,54,32,86,58,58,0,28,8.33,0.0,8.33
unconstrained,2011-10-31,21931,2.08,145,242,387,245,245,0,142,14.768,0.0,14.768
unconstrained,2011-11-07,22423,12.75,79,236,315,157,157,0,158,100.72500000000001,0.0,100.72500000000001
unconstrained,2011-11-07,85123A,2.95,0,1132,1132,524,524,0,608,89.68,0.0,89.68
unconstrained,2011-11-07,85099B,2.08,501,823,1324,2060,1324,736,0,0.0,459.264,459.264
unconstrained,2011-11-07,84879,1.69,0,905,905,1740,905,835,0,0.0,423.34499999999997,423.34499999999997
unconstrained,2011-11-07,22086,2.95,0,739,739,1273,739,534,0,0.0,472.59000000000003,472.59000000000003
unconstrained,2011-11-07,47566,4.95,484,102,586,135,135,0,451,111.62250000000002,0.0,111.62250000000002
unconstrained,2011-11-07,84347,2.55,150,261,411,584,411,173,0,0.0,132.345,132.345
unconstrained,2011-11-07,48138,7.95,67,32,99,33,33,0,66,26.235000000000003,0.0,26.235000000000003
unconstrained,2011-11-07,21843,10.95,6,32,38,27,27,0,11,6.0225,0.0,6.0225
unconstrained,2011-11-07,21621,8.5,68,20,88,32,32,0,56,23.8,0.0,23.8
unconstrained,2011-11-07,85099F,2.08,344,193,537,301,301,0,236,24.544,0.0,24.544
unconstrained,2011-11-07,15056N,5.95,132,6,138,29,29,0,109,32.4275,0.0,32.4275
unconstrained,2011-11-07,21232,1.25,157,155,312,135,135,0,177,11.0625,0.0,11.0625
unconstrained,2011-11-07,22386,2.08,306,293,599,416,416,0,183,19.032,0.0,19.032
unconstrained,2011-11-07,20685,7.95,9,90,99,36,36,0,63,25.042500000000004,0.0,25.042500000000004
unconstrained,2011-11-07,85099C,2.08,348,90,438,253,253,0,185,19.240000000000002,0.0,19.240000000000002
unconstrained,2011-11-07,20725,1.65,187,196,383,526,383,143,0,0.0,70.785,70.785
unconstrained,2011-11-07,79321,5.75,171,166,337,482,337,145,0,0.0,250.125,250.125
unconstrained,2011-11-07,21754,5.95,28,47,75,30,30,0,45,13.387500000000001,0.0,13.387500000000001
unconstrained,2011-11-07,21931,2.08,142,245,387,404,387,17,0,0.0,10.607999999999999,10.607999999999999
unconstrained,2011-11-14,22423,12.75,158,155,313,148,148,0,165,105.1875,0.0,105.1875
unconstrained,2011-11-14,85123A,2.95,608,513,1121,1172,1121,51,0,0.0,45.135000000000005,45.135000000000005
unconstrained,2011-11-14,85099B,2.08,0,1324,1324,1562,1324,238,0,0.0,148.512,148.512
unconstrained,2011-11-14,84879,1.69,0,905,905,1102,905,197,0,0.0,99.879,99.879
unconstrained,2011-11-14,22086,2.95,0,739,739,2149,739,1410,0,0.0,1247.85,1247.85
unconstrained,2011-11-14,47566,4.95,451,135,586,109,109,0,477,118.0575,0.0,118.0575
unconstrained,2011-11-14,84347,2.55,0,469,469,735,469,266,0,0.0,203.48999999999998,203.48999999999998
unconstrained,2011-11-14,48138,7.95,66,27,93,39,39,0,54,21.465000000000003,0.0,21.465000000000003
unconstrained,2011-11-14,21843,10.95,11,27,38,4,4,0,34,18.615,0.0,18.615
unconstrained,2011-11-14,21621,8.5,56,32,88,16,16,0,72,30.6,0.0,30.6
unconstrained,2011-11-14,85099F,2.08,236,286,522,196,196,0,326,33.904,0.0,33.904
unconstrained,2011-11-14,15056N,5.95,109,29,138,97,97,0,41,12.197500000000002,0.0,12.197500000000002
unconstrained,2011-11-14,21232,1.25,177,129,306,733,306,427,0,0.0,160.125,160.125
unconstrained,2011-11-14,22386,2.08,183,393,576,472,472,0,104,10.816,0.0,10.816
unconstrained,2011-11-14,20685,7.95,63,32,95,26,26,0,69,27.427500000000006,0.0,27.427500000000006
unconstrained,2011-11-14,85099C,2.08,185,252,437,620,437,183,0,0.0,114.192,114.192
unconstrained,2011-11-14,20725,1.65,0,424,424,449,424,25,0,0.0,12.375,12.375
unconstrained,2011-11-14,79321,5.75,0,337,337,381,337,44,0,0.0,75.89999999999999,75.89999999999999
unconstrained,2011-11-14,21754,5.95,45,30,75,58,58,0,17,5.057500000000001,0.0,5.057500000000001
unconstrained,2011-11-14,21931,2.08,0,387,387,149,149,0,238,24.752000000000002,0.0,24.752000000000002
unconstrained,2011-11-21,22423,12.75,165,145,310,173,173,0,137,87.3375,0.0,87.3375
unconstrained,2011-11-21,85123A,2.95,0,1132,1132,558,558,0,574,84.66500000000002,0.0,84.66500000000002
unconstrained,2011-11-21,85099B,2.08,0,1348,1348,727,727,0,621,64.584,0.0,64.584
unconstrained,2011-11-21,84879,1.69,0,905,905,957,905,52,0,0.0,26.363999999999997,26.363999999999997
unconstrained,2011-11-21,22086,2.95,0,739,739,1660,739,921,0,0.0,815.085,815.085
unconstrained,2011-11-21,47566,4.95,477,109,586,451,451,0,135,33.4125,0.0,33.4125
unconstrained,2011-11-21,84347,2.55,0,469,469,1144,469,675,0,0.0,516.3749999999999,516.3749999999999
unconstrained,2011-11-21,48138,7.95,54,39,93,89,89,0,4,1.59,0.0,1.59
unconstrained,2011-11-21,21843,10.95,34,0,34,104,34,70,0,0.0,229.95,229.95
unconstrained,2011-11-21,21621,8.5,72,16,88,25,25,0,63,26.775000000000002,0.0,26.775000000000002
unconstrained,2011-11-21,85099F,2.08,326,196,522,52,52,0,470,48.88,0.0,48.88
unconstrained,2011-11-21,15056N,5.95,41,97,138,8,8,0,130,38.675000000000004,0.0,38.675000000000004
unconstrained,2011-11-21,21232,1.25,0,306,306,165,165,0,141,8.8125,0.0,8.8125
unconstrained,2011-11-21,22386,2.08,104,456,560,253,253,0,307,31.928000000000004,0.0,31.928000000000004
unconstrained,2011-11-21,20685,7.95,69,26,95,96,95,1,0,0.0,2.385,2.385
unconstrained,2011-11-21,85099C,2.08,0,437,437,203,203,0,234,24.336000000000002,0.0,24.336000000000002
unconstrained,2011-11-21,20725,1.65,0,424,424,256,256,0,168,13.86,0.0,13.86
unconstrained,2011-11-21,79321,5.75,0,343,343,959,343,616,0,0.0,1062.6,1062.6
unconstrained,2011-11-21,21754,5.95,17,54,71,58,58,0,13,3.8675000000000006,0.0,3.8675000000000006
unconstrained,2011-11-21,21931,2.08,238,149,387,209,209,0,178,18.512,0.0,18.512
unconstrained,2011-11-28,22423,12.75,137,169,306,197,197,0,109,69.4875,0.0,69.4875
unconstrained,2011-11-28,85123A,2.95,574,547,1121,655,655,0,466,68.735,0.0,68.735
unconstrained,2011-11-28,85099B,2.08,621,727,1348,1009,1009,0,339,35.256,0.0,35.256
unconstrained,2011-11-28,84879,1.69,0,912,912,953,912,41,0,0.0,20.786999999999995,20.786999999999995
unconstrained,2011-11-28,22086,2.95,0,739,739,1518,739,779,0,0.0,689.4150000000001,689.4150000000001
unconstrained,2011-11-28,47566,4.95,135,451,586,101,101,0,485,120.03750000000001,0.0,120.03750000000001
unconstrained,2011-11-28,84347,2.55,0,469,469,687,469,218,0,0.0,166.76999999999998,166.76999999999998
unconstrained,2011-11-28,48138,7.95,4,89,93,35,35,0,58,23.055000000000003,0.0,23.055000000000003
unconstrained,2011-11-28,21843,10.95,0,38,38,42,38,4,0,0.0,13.139999999999999,13.139999999999999
unconstrained,2011-11-28,21621,8.5,63,25,88,33,33,0,55,23.375,0.0,23.375
unconstrained,2011-11-28,85099F,2.08,470,52,522,426,426,0,96,9.984000000000002,0.0,9.984000000000002
unconstrained,2011-11-28,15056N,5.95,130,8,138,30,30,0,108,32.13,0.0,32.13
unconstrained,2011-11-28,21232,1.25,141,163,304,379,304,75,0,0.0,28.125,28.125
unconstrained,2011-11-28,22386,2.08,307,253,560,416,416,0,144,14.975999999999999,0.0,14.975999999999999
unconstrained,2011-11-28,20685,7.95,0,95,95,95,95,0,0,0.0,0.0,0.0
unconstrained,2011-11-28,85099C,2.08,234,203,437,384,384,0,53,5.5120000000000005,0.0,5.5120000000000005
unconstrained,2011-11-28,20725,1.65,168,256,424,321,321,0,103,8.4975,0.0,8.4975
unconstrained,2011-11-28,79321,5.75,0,381,381,314,314,0,67,19.262500000000003,0.0,19.262500000000003
unconstrained,2011-11-28,21754,5.95,13,58,71,52,52,0,19,5.6525,0.0,5.6525
unconstrained,2011-11-28,21931,2.08,178,205,383,257,257,0,126,13.104,0.0,13.104
